20.32563,1.372759,2.242078E-44,1.976946,3.24237
0.01656441,2.287838,5.095876E-08,1.970233,2.878277
0.03364643,2.257854,4.376002E-08,1.9699,2.873982
0.0497866,2.230101,3.757822E-08,1.969067,2.869713
0.06626641,2.214031,3.326773E-08,1.968618,2.866296
0.08283131,2.204917,2.856813E-08,1.968813,2.861168
0.09955224,2.198254,2.453242E-08,1.968715,2.856731
0.115966,2.184348,2.106682E-08,1.968349,2.852381
0.1325309,2.169108,1.80908E-08,1.968582,2.848954
0.1490997,2.155068,1.601565E-08,1.969019,2.845915
0.1656636,2.135062,1.375319E-08,1.968875,2.842519
0.1822309,2.118722,1.21756E-08,1.96986,2.840227
0.1996294,2.101104,1.04556E-08,1.970137,2.83653
0.2153639,2.087103,8.978581E-09,1.9704,2.833912
0.2327863,2.078233,7.948674E-09,1.970072,2.832316
0.2484973,2.064921,6.825797E-09,1.969788,2.830885
0.2854115,2.039327,5.033507E-09,1.969617,2.827269
0.3019816,2.030089,4.322444E-09,1.969371,2.825411
0.3185474,2.022632,3.826629E-09,1.969443,2.82479
0.3351136,2.01447,3.286056E-09,1.96924,2.824106
0.3516814,2.013658,2.909122E-09,1.969036,2.823652
0.3682475,2.012328,2.498162E-09,1.969137,2.822879
0.3848146,2.010553,2.145257E-09,1.969559,2.822207
0.4013812,2.007313,1.899181E-09,1.96991,2.821363
0.4180395,2.002033,1.630891E-09,1.971062,2.819766
0.4345146,1.997768,1.443816E-09,1.970949,2.818928
0.451081,1.993606,1.239854E-09,1.971645,2.819062
0.4677368,1.990633,1.097634E-09,1.972304,2.81887
0.4843361,1.988249,9.425758E-10,1.972817,2.819629
0.5007793,1.983043,8.094219E-10,1.973292,2.820273
0.5173472,1.982184,6.950782E-10,1.973949,2.820808
0.5344455,1.979342,5.968873E-10,1.974538,2.821833
0.5505635,1.978073,5.125674E-10,1.97531,2.822987
0.5673308,1.976795,4.537722E-10,1.975848,2.824356
0.5836141,1.972752,3.896697E-10,1.976982,2.82571
0.6001819,1.967549,3.449718E-10,1.977328,2.826502
0.6167485,1.960814,2.96239E-10,1.977672,2.82727
0.6333145,1.954985,2.622582E-10,1.977365,2.827865
0.6499184,1.949787,2.252101E-10,1.97831,2.828467
0.6664485,1.944946,1.933955E-10,1.978541,2.828949
0.6830127,1.941528,1.712117E-10,1.978434,2.829352
0.6995792,1.937665,1.470253E-10,1.978373,2.829743
0.716276,1.935895,1.301604E-10,1.978568,2.829772
0.7329309,1.93365,1.117732E-10,1.97877,2.829531
0.7493069,1.927758,9.598346E-11,1.978944,2.829297
0.7658491,1.923153,8.497347E-11,1.979065,2.829104
0.782414,1.918434,7.29696E-11,1.978915,2.828631
0.7989813,1.914846,6.459946E-11,1.978765,2.828488
0.8155482,1.909068,5.547376E-11,1.979231,2.827837
0.8321143,1.907163,4.911052E-11,1.979319,2.827212
0.8486809,1.903309,4.217287E-11,1.979664,2.826749
0.8652482,1.900607,3.621528E-11,1.979138,2.825821
0.8818143,1.900247,3.10993E-11,1.980125,2.825864
0.8983787,1.903424,2.670603E-11,1.980972,2.825301
0.914947,1.904699,2.364265E-11,1.982008,2.825548
0.9315119,1.906921,2.030275E-11,1.982871,2.824765
0.9480807,1.911894,1.743466E-11,1.983878,2.82351
0.9647651,1.918867,1.543478E-11,1.984016,2.822242
0.9812146,1.935107,1.325437E-11,1.984288,2.82137
0.9977795,1.947959,1.1734E-11,1.984943,2.82093
1.014346,1.9593,1.007638E-11,1.985657,2.821664
1.031429,1.971695,8.652934E-12,1.986271,2.823133
1.047505,1.981182,7.66038E-12,1.986125,2.82362
1.064045,1.982255,6.578228E-12,1.986407,2.824795
1.080614,1.973746,5.823658E-12,1.985954,2.825692
1.097179,1.96666,5.000974E-12,1.985961,2.826301
1.114702,1.96279,4.427326E-12,1.986424,2.827598
1.130478,1.96291,3.801895E-12,1.98663,2.829085
1.146881,1.958115,3.264817E-12,1.987106,2.830952
1.16363,1.94566,2.890319E-12,1.987438,2.83199
1.180014,1.932447,2.482015E-12,1.98726,2.833404
1.196581,1.920995,2.19731E-12,1.987574,2.83416
1.213801,1.904324,1.830298E-12,1.987431,2.835942
1.230065,1.889526,1.571739E-12,1.98752,2.836763
1.246281,1.879679,1.434484E-12,1.987737,2.837337
1.262845,1.86273,1.194885E-12,1.988115,2.837507
1.279413,1.853788,1.057823E-12,1.987449,2.836645
1.29598,1.843646,9.083887E-13,1.986944,2.835989
1.312963,1.834647,7.800643E-13,1.987094,2.835435
1.329113,1.82777,6.905853E-13,1.986563,2.835393
1.345681,1.821861,5.93029E-13,1.986466,2.834631
1.362245,1.817342,5.250044E-13,1.986571,2.834673
1.378812,1.810919,4.508391E-13,1.986516,2.834296
1.39538,1.805677,3.871509E-13,1.986453,2.83422
1.412183,1.801585,3.427419E-13,1.98686,2.834318
1.42853,1.795968,2.943241E-13,1.98845,2.833408
1.445381,1.791842,0.0006,1.990075,2.832126
1.461648,1.788268,0.009950491,1.993481,2.823255
1.478214,1.787885,0.02261736,1.998552,2.810776
1.494779,1.788741,0.03745273,2.008706,2.787653
1.511386,1.7873,0.05110904,2.022476,2.760775
1.527912,1.789631,0.06542501,2.03541,2.736827
1.544481,1.793673,0.09275846,2.053327,2.697575
1.561047,1.799878,0.1182943,2.068139,2.662241
1.577856,1.80695,0.1519857,2.088205,2.618329
1.594587,1.811011,0.1871162,2.108843,2.569823
1.610745,1.813524,0.2158677,2.125626,2.529635
1.627468,1.822236,0.2671866,2.149517,2.471117
1.64388,1.83382,0.3048853,2.165923,2.43454
1.66095,1.855721,0.3560708,2.188613,2.392657
1.677014,1.885299,0.4155735,2.214024,2.358711
1.693579,1.914575,0.4692249,2.235939,2.337665
1.710147,1.950975,0.5363895,2.261392,2.316566
1.726714,1.97579,0.5849806,2.27903,2.303777
1.74328,1.998945,0.6393961,2.2995,2.291985
1.759848,2.011666,0.6764364,2.313349,2.284875
1.776415,2.017516,0.7135829,2.327833,2.280248
1.792981,2.016051,0.7398313,2.338267,2.280264
1.809546,2.005828,0.751234,2.342772,2.283719
1.826112,1.982213,0.7531912,2.344615,2.294873
1.84268,1.958409,0.7467464,2.342321,2.310469
1.859721,1.930407,0.724653,2.332019,2.339967
1.875814,1.917208,0.6868041,2.31437,2.376564
1.892381,1.915886,0.6498123,2.293417,2.409711
1.908946,1.921039,0.5965849,2.257446,2.457979
1.925514,1.924345,0.5515975,2.22473,2.502444
1.942079,1.93749,0.4901988,2.18788,2.562424
1.95886,1.955062,0.4419556,2.162588,2.612978
1.975215,1.979201,0.3851647,2.132496,2.672514
1.991781,1.999259,0.3227249,2.096387,2.734186
2.008348,2.009111,0.285706,2.07386,2.769812
2.025301,2.018277,0.2453455,2.048161,2.807707
2.041479,2.022408,0.2106865,2.026392,2.838809
2.058046,2.024699,0.1865192,2.011047,2.858984
2.07516,2.025773,0.1601704,1.993921,2.879462
2.091674,2.025649,0.1417977,1.981701,2.892415
2.108385,2.020862,0.1217665,1.968747,2.905053
2.124813,2.016492,0.107799,1.959714,2.913342
2.141379,2.011619,0.09257069,1.949866,2.921354
2.157943,2.005714,0.0794936,1.940835,2.928492
2.174789,2.000453,0.0703751,1.934139,2.933236
2.191076,1.993317,0.06043348,1.927039,2.937633
2.207641,1.987458,0.05350133,1.922243,2.941064
2.22421,1.979872,0.04594341,1.916559,2.945151
2.240774,1.969984,0.03945317,1.911659,2.948944
2.25734,1.963377,0.03492761,1.909174,2.952506
2.273908,1.955836,0.02999353,1.906466,2.95693
2.290475,1.950852,0.02655305,1.904877,2.959593
2.307517,1.943755,0.02211795,1.903805,2.963602
2.323668,1.939865,0.01958086,1.904815,2.965757
2.340175,1.937932,0.01681475,1.906404,2.968333
2.356742,1.935965,0.0144394,1.908316,2.96999
2.373307,1.934672,0.0127831,1.911103,2.971147
2.390187,1.933121,0.01097728,1.913773,2.972663
2.40644,1.931025,0.009718107,1.915634,2.974078
2.423008,1.926934,0.00834527,1.916251,2.974914
2.440056,1.923942,0.007166367,1.917337,2.976738
2.45614,1.920896,0.006344333,1.91766,2.977694
2.47282,1.916788,0.005448095,1.91853,2.978019
2.489275,1.914271,0.004823159,1.918999,2.978255
2.50584,1.910603,0.00414181,1.919706,2.977919
2.522407,1.90741,0.003830515,1.92086,2.977382
2.539658,1.904557,0.00366493,1.921053,2.976809
2.555541,1.902775,0.003421002,1.921452,2.976695
2.572353,1.900762,0.003310858,1.921842,2.977083
2.588675,1.899541,0.003443146,1.921915,2.977538
2.60524,1.899594,0.003321994,1.922004,2.977821
2.622024,1.898803,0.003143709,1.921687,2.978702
2.638374,1.897569,0.002965198,1.921739,2.979459
2.655798,1.896209,0.002820118,1.922632,2.979535
2.671508,1.895496,0.00249663,1.923177,2.979306
2.688074,1.894001,0.002210249,1.923104,2.979094
2.704639,1.893025,0.001841076,1.924256,2.979461
2.721208,1.892332,0.001580994,1.924801,2.978955
2.737981,1.89067,0.001399643,1.925098,2.978484
2.754341,1.888571,0.001201921,1.925516,2.97839
2.771689,1.886714,0.001064052,1.925174,2.977428
2.787475,1.885201,0.0009137375,1.925556,2.977526
2.80404,1.883088,0.0007846574,1.925645,2.977037
2.820668,1.881261,0.0006946516,1.926444,2.976221
2.837175,1.879105,0.000596521,1.926681,2.976746
2.85374,1.877797,0.0005280957,1.927361,2.976837
2.870308,1.879228,0.0004534938,1.927734,2.97671
2.886874,1.881324,0.0003894306,1.927481,2.976293
2.903532,1.881746,0.0003447601,1.927213,2.975863
2.920007,1.882621,0.0002960572,1.927898,2.974734
2.936573,1.883159,0.0002620973,1.92843,2.974747
2.95314,1.882739,0.0002250719,1.928378,2.973812
2.969706,1.881842,0.0001992545,1.928582,2.972527
2.986755,1.880461,0.0001711066,1.929339,2.970758
3.003602,1.877865,0.000142527,1.930537,2.969226
3.019876,1.876587,0.0001300806,1.930791,2.968739
3.035974,1.875074,0.0001117046,1.930944,2.966938
3.05347,1.871957,9.30468E-05,1.93136,2.965514
3.069107,1.870021,8.49213E-05,1.930951,2.965332
3.085673,1.868331,7.073707E-05,1.931889,2.964442
3.102241,1.866511,6.262302E-05,1.932254,2.964206
3.118807,1.864186,5.377652E-05,1.932467,2.964459
3.135374,1.862551,4.760797E-05,1.93304,2.964248
3.1522,1.860778,4.088258E-05,1.933484,2.963939
3.168506,1.859546,3.510726E-05,1.934113,2.96393
3.185073,1.858777,3.108021E-05,1.934488,2.964079
3.201639,1.857503,2.668963E-05,1.935267,2.963768
3.218206,1.856642,2.362814E-05,1.93581,2.963036
3.234979,1.855996,2.029029E-05,1.936111,2.961751
3.251339,1.855132,1.742396E-05,1.936643,2.960691
3.267908,1.853969,1.54253E-05,1.937319,2.959464
3.284472,1.852569,1.324623E-05,1.938236,2.957819
3.301039,1.85141,1.17268E-05,1.938695,2.956913
3.317611,1.850311,1.00702E-05,1.939736,2.95592
3.334722,1.849146,8.915074E-06,1.940348,2.955531
3.351291,1.848145,7.655678E-06,1.941712,2.953628
3.367856,1.847533,6.574192E-06,1.942883,2.952241
3.384423,1.847816,5.820084E-06,1.943999,2.951385
3.401222,1.847633,4.847968E-06,1.944966,2.949782
3.417558,1.847939,4.291871E-06,1.946417,2.948378
3.434124,1.849309,3.685575E-06,1.94724,2.94746
3.451009,1.851102,3.164929E-06,1.948487,2.946688
3.467442,1.850994,2.801889E-06,1.94896,2.945921
3.483824,1.851092,2.406077E-06,1.948285,2.945085
3.500391,1.850102,2.130083E-06,1.947909,2.944775
3.516958,1.848958,1.829175E-06,1.947922,2.944118
3.533542,1.848275,1.570774E-06,1.948215,2.943236
3.550091,1.848464,1.390595E-06,1.948138,2.942865
3.566658,1.84845,1.194152E-06,1.948401,2.94306
3.583224,1.848046,1.057174E-06,1.948311,2.942418
3.59979,1.847474,9.078311E-07,1.948258,2.94235
3.6164,1.844904,8.036963E-07,1.948167,2.942063
3.632924,1.84196,6.901614E-07,1.947313,2.941523
3.649491,1.839688,5.926651E-07,1.947693,2.941017
3.666057,1.83713,5.246822E-07,1.947358,2.940609
3.682621,1.833597,4.505625E-07,1.947465,2.939685
3.69919,1.829452,3.988797E-07,1.947756,2.938848
3.715756,1.824169,3.425316E-07,1.947791,2.938154
3.732323,1.818495,2.941435E-07,1.947803,2.936985
3.748891,1.814079,2.604031E-07,1.947755,2.935884
3.765722,1.809508,2.169085E-07,1.947059,2.935159
3.782021,1.807562,1.920276E-07,1.945949,2.934285
3.79859,1.805646,1.649006E-07,1.945956,2.932567
3.815577,1.802854,1.416058E-07,1.945123,2.930201
3.831723,1.801106,1.253626E-07,1.944809,2.92814
3.848345,1.797233,1.076531E-07,1.944155,2.924747
3.864856,1.7944,9.530452E-08,1.944543,2.923055
3.881423,1.797785,8.184124E-08,1.945032,2.92145
3.898598,1.796898,7.027985E-08,1.945168,2.919541
3.914616,1.793822,0.0003000622,1.945149,2.917873
3.931121,1.790182,0.0002576736,1.944978,2.916744
3.94769,1.788158,0.0002281166,1.944981,2.916262
3.964254,1.785028,0.0001958915,1.944569,2.915377
3.980821,1.782722,0.0001734213,1.944345,2.91476
3.99739,1.780359,0.0001489228,1.944553,2.914636
4.013955,1.776353,0.0001278851,1.944766,2.914563
4.030523,1.772448,0.0001132158,1.944793,2.914039
4.047213,1.767574,9.722223E-05,1.945246,2.914299
4.063928,1.764137,8.607013E-05,1.945509,2.914979
4.08037,1.757586,7.391135E-05,1.946417,2.914276
4.096788,1.751129,6.34702E-05,1.946676,2.912815
4.113357,1.745581,0.0003561897,1.946775,2.911036
4.129921,1.738542,0.0003058722,1.947231,2.909777
4.146488,1.733239,0.0002707865,1.947822,2.908374
4.163056,1.725187,0.0002255575,1.947895,2.907531
4.179622,1.718546,0.0001936939,1.947644,2.905936
4.196552,1.712968,0.0001714759,1.947615,2.904399
4.212755,1.708311,0.0001472521,1.947678,2.903213
4.229323,1.703934,0.0001303613,1.947644,2.902279
4.245889,1.698558,0.0001119456,1.947977,2.901975
4.262458,1.694135,9.910467E-05,1.947627,2.901166
4.279024,1.690186,8.510455E-05,1.947106,2.901018
4.295591,1.68594,7.308218E-05,1.947223,2.899762
4.312156,1.681808,0.0006292391,1.94726,2.898925
4.32878,1.677315,0.0005403491,1.947381,2.899094
4.345292,1.673035,0.0004783671,1.946799,2.899198
4.361858,1.668341,0.0004107901,1.946164,2.898738
4.378425,1.665477,0.0003527595,1.945584,2.898035
4.394991,1.663137,0.0003122954,1.946091,2.897686
4.411559,1.66129,0.0002681787,1.946112,2.896874
4.428124,1.65943,0.0002374167,1.946858,2.896642
4.444691,1.656984,0.0002038778,1.947302,2.896286
4.461742,1.655601,0.0001804915,1.947911,2.895856
4.477824,1.654228,0.0001549942,1.948797,2.895303
4.494637,1.65245,0.0001291058,1.949572,2.894691
4.510958,1.651363,0.0001178314,1.950183,2.894599
4.527525,1.650271,9.815026E-05,1.951034,2.894396
4.54409,1.648512,8.428497E-05,1.95147,2.894871
4.560661,1.648409,7.461688E-05,1.952449,2.894894
4.577605,1.647495,6.407606E-05,1.953516,2.894485
4.593791,1.6472,5.672608E-05,1.953985,2.894535
4.610358,1.646208,4.871262E-05,1.955135,2.894742
4.627593,1.644914,0.002398395,1.957431,2.893351
4.643489,1.642525,0.01432015,1.962067,2.887183
4.660057,1.638991,0.03327312,1.968299,2.875877
4.67673,1.634527,0.04957388,1.973639,2.861712
4.693676,1.627048,0.07171497,1.980231,2.83873
4.709758,1.621651,0.08961532,1.985376,2.81732
4.726324,1.61378,0.1168962,1.996243,2.784222
4.742891,1.604745,0.146239,2.010113,2.742821
4.759458,1.598183,0.1711023,2.022435,2.706021
4.776352,1.591402,0.2095437,2.037057,2.657601
4.792591,1.589856,0.2478632,2.048309,2.616812
4.809442,1.591828,0.3048351,2.064713,2.563726
4.825723,1.59565,0.3499072,2.082021,2.520822
4.84229,1.604262,0.4031481,2.108663,2.469242
4.858857,1.617546,0.4622598,2.139476,2.423836
4.87561,1.640881,0.5313668,2.172632,2.387131
4.892161,1.671999,0.6061906,2.205359,2.357613
4.908558,1.698171,0.6663713,2.23058,2.338395
4.925124,1.732702,0.7424657,2.262202,2.319958
4.941689,1.767046,0.8110809,2.29356,2.306154
4.958355,1.788297,0.8614371,2.31694,2.299157
4.974823,1.807346,0.9163195,2.342774,2.294498
4.992003,1.815619,0.9519837,2.360518,2.293118
5.007957,1.81498,0.984982,2.37767,2.292703
5.024525,1.801074,1.003335,2.389001,2.292356
5.04109,1.77906,1.004569,2.393095,2.295544
5.057827,1.744442,0.9921769,2.392607,2.307878
5.074225,1.720974,0.9651834,2.388249,2.323368
5.090791,1.699998,0.9218912,2.375962,2.34898
5.107359,1.691782,0.8878092,2.361453,2.374094
5.123924,1.686401,0.8477951,2.337995,2.408952
5.140491,1.679256,0.8092539,2.313963,2.447328
5.157059,1.671595,0.7766133,2.296284,2.478358
5.173624,1.663133,0.736091,2.277032,2.515619
5.190193,1.651232,0.704969,2.263077,2.541931
5.206758,1.63432,0.6700288,2.249663,2.573319
5.223897,1.607647,0.6318387,2.239757,2.605631
5.239962,1.593262,0.6133482,2.237158,2.619111
5.256663,1.572733,0.585127,2.234203,2.639845
5.273026,1.552852,0.561227,2.232471,2.659096
5.289591,1.532364,0.5375696,2.229536,2.677367
5.306824,1.514214,0.5138467,2.22163,2.695008
5.322967,1.50488,0.4938613,2.211923,2.710227
5.339291,1.497701,0.4689752,2.191737,2.730632
5.355859,1.492186,0.4481545,2.171976,2.748639
5.37253,1.488086,0.4220619,2.146252,2.772573
5.388993,1.493494,0.3928576,2.121884,2.796868
5.405733,1.498255,0.3664032,2.103015,2.817044
5.422126,1.501566,0.3335297,2.077914,2.842034
5.438729,1.502216,0.3098749,2.056615,2.860171
5.455259,1.501852,0.2816044,2.031074,2.879898
5.471974,1.499319,0.2601821,2.011177,2.893648
5.488618,1.493498,0.2358157,1.988382,2.90868
5.50496,1.487911,0.2129387,1.968533,2.921863
5.521525,1.483271,0.194505,1.95438,2.930826
5.538092,1.479127,0.173766,1.939344,2.941454
5.554659,1.476085,0.1578311,1.928222,2.949334
5.571227,1.473222,0.1383602,1.915486,2.958221
5.587793,1.472185,0.1207675,1.904548,2.966956
5.604359,1.469066,0.1077707,1.897144,2.972176
5.620925,1.465791,0.0928119,1.889346,2.978385
5.637593,1.463526,0.07997455,1.882375,2.983998
5.654059,1.462489,0.06895914,1.876363,2.989058
5.670626,1.461632,0.05921756,1.871226,2.993164
5.687193,1.461745,0.05270715,1.867097,2.995386
5.70376,1.467218,0.04526142,1.86386,2.997724
5.720326,1.471304,0.04006961,1.86084,2.999432
5.736891,1.477053,0.03440914,1.859309,3.001508
5.753459,1.481691,0.0295483,1.857429,3.002673
5.770026,1.485537,0.0261589,1.857424,3.003513
5.786592,1.490132,0.02246353,1.858062,3.00473
5.803306,1.492958,0.0198868,1.858875,3.005634
5.819727,1.497351,0.01707747,1.859308,3.006259
5.836294,1.50025,0.01511857,1.859952,3.006388
5.852859,1.503887,0.01298283,1.860824,3.007138
5.869427,1.507293,0.0111488,1.861838,3.007808
5.885993,1.508469,0.009869949,1.8625,3.007768
5.902558,1.509549,0.008475662,1.863021,3.008084
5.919126,1.510748,0.007503443,1.86353,3.008286
5.935854,1.511524,0.006443462,1.864205,3.007689
5.95226,1.511914,0.005986621,1.864596,3.006525
5.968825,1.513057,0.005414717,1.865085,3.005877
5.985394,1.512094,0.004940802,1.865489,3.005338
6.001958,1.510425,0.004374057,1.865732,3.005616
6.018525,1.508952,0.003756151,1.866035,3.005097
6.03524,1.508004,0.003128769,1.86614,3.003988
6.05166,1.507086,0.002769877,1.866309,3.003821
6.068227,1.506368,0.002652389,1.867121,3.003016
6.084793,1.506485,0.002348141,1.867178,3.002944
6.10149,1.504755,0.002016429,1.867611,3.003093
6.117926,1.503628,0.0020674,1.868185,3.00303
6.134492,1.504262,0.001775347,1.868989,3.002328
6.151415,1.505081,0.001524551,1.869697,3.002281
6.168288,1.50711,0.001349674,1.869732,3.002046
6.184323,1.511226,0.001159011,1.869762,3.00061
6.200761,1.515152,0.001026064,1.870089,2.999967
6.217326,1.522377,0.0008811161,1.869512,2.998868
6.233894,1.529935,0.0007566444,1.870172,2.997915
6.250459,1.53626,0.0006698519,1.871017,2.997007
6.267025,1.544186,0.0005752246,1.871447,2.996872
6.283595,1.550862,0.0005092423,1.871272,2.996084
6.300171,1.558377,0.0004373037,1.872214,2.995216
6.316728,1.564325,0.0003871418,1.873107,2.9949
6.333294,1.571925,0.0003324519,1.874346,2.993669
6.349861,1.580754,0.0002854877,1.875145,2.992534
6.366601,1.5916,0.0002527402,1.875984,2.991097
6.382995,1.607727,0.0002170366,1.877373,2.988955
6.399562,1.627362,0.0001807854,1.877812,2.987211
6.416129,1.640504,0.000160048,1.878628,2.986084
6.433396,1.660244,0.0001374387,1.878839,2.984385
6.449439,1.673989,0.0001216735,1.879537,2.983017
6.466254,1.684324,0.0001044852,1.880475,2.981709
6.482393,1.688964,9.249997E-05,1.881003,2.981205
6.498961,1.692784,7.943287E-05,1.880878,2.98047
6.515526,1.695515,6.821171E-05,1.88131,2.979247
6.532093,1.698024,6.038733E-05,1.881416,2.979307
6.548663,1.701419,5.185666E-05,1.882329,2.978575
6.565228,1.702677,4.590832E-05,1.882935,2.9776
6.581795,1.704294,3.942304E-05,1.883103,2.977947
6.598361,1.704492,3.38539E-05,1.88323,2.977672
6.615012,1.702522,2.997061E-05,1.883716,2.978512
6.631543,1.701591,2.573678E-05,1.883756,2.978448
6.648059,1.696247,0.0003227846,1.884172,2.9792
6.664773,1.690896,0.0002771861,1.884456,2.979904
6.681194,1.68676,0.0002453908,1.885092,2.980497
6.697762,1.682063,0.0002107255,1.886076,2.981283
6.714328,1.676412,0.0001809571,1.887196,2.982249
6.730893,1.673083,0.0001602,1.8881,2.981991
6.747763,1.667557,0.0001334421,1.889814,2.983021
6.764591,1.662675,0.0001181354,1.890391,2.983822
6.780634,1.657794,0.0001014469,1.891184,2.984995
6.79716,1.653842,8.711587E-05,1.891591,2.985984
6.813728,1.651407,7.712306E-05,1.891373,2.986444
6.830295,1.648983,6.62282E-05,1.89201,2.987547
6.84686,1.647643,5.863135E-05,1.892653,2.987828
6.863426,1.64742,5.034873E-05,1.893691,2.989001
6.879994,1.648084,4.323617E-05,1.894282,2.989706
6.896602,1.648869,3.827667E-05,1.894656,2.98944
6.913128,1.649285,3.286948E-05,1.894846,2.99005
6.929693,1.650814,2.909912E-05,1.895163,2.990035
6.946262,1.651273,2.49884E-05,1.896154,2.990031
6.962829,1.651983,2.212205E-05,1.896296,2.990301
6.979393,1.651419,1.899696E-05,1.896809,2.990832
6.995962,1.650936,0.0003073133,1.89726,2.991562
7.012527,1.650829,0.0002720623,1.898165,2.991383
7.029096,1.650438,0.0002336291,1.898425,2.991436
7.045686,1.648993,0.0002068302,1.898614,2.992153
7.062226,1.647132,0.0001776121,1.89881,2.991849
7.078795,1.646972,0.0001525216,1.898978,2.992135
7.09536,1.647054,0.0001350263,1.899104,2.99219
7.111929,1.647453,0.0003815395,1.899239,2.991607
7.128496,1.647198,0.0003377742,1.899626,2.991149
7.145061,1.645722,0.0002813564,1.899681,2.99123
7.16163,1.644657,0.0002416103,1.899752,2.991638
7.178195,1.644114,0.0004961659,1.90038,2.991459
7.194763,1.642386,0.0004260745,1.901457,2.991261
7.211329,1.641564,0.0006772007,1.902437,2.991442
7.227896,1.640752,0.001172535,1.903505,2.991803
7.244796,1.64009,0.001589166,1.904431,2.991831
7.26103,1.639532,0.001406877,1.905369,2.991903
7.277634,1.63929,0.001508133,1.907162,2.991934
7.294162,1.638771,0.00162614,1.908353,2.99143
7.31073,1.638663,0.001961223,1.909998,2.990971
7.327295,1.639143,0.001736257,1.910854,2.990286
7.343862,1.63976,0.001490983,1.911581,2.990229
7.360429,1.640667,0.001280358,1.913044,2.989349
7.377029,1.640308,0.001133492,1.913842,2.989706
7.393563,1.641659,0.001264368,1.914712,2.988891
7.410128,1.642898,0.001710336,1.915028,2.988992
7.427536,1.644218,0.002059723,1.91573,2.988013
7.443377,1.643623,0.002633556,1.916333,2.987403
7.45983,1.642943,0.002331469,1.916454,2.987101
7.476397,1.641996,0.002275913,1.916681,2.986664
7.493446,1.641415,0.002254404,1.91685,2.986014
7.509531,1.641809,0.00255188,1.917228,2.984733
7.526215,1.642987,0.002939852,1.917391,2.982837
7.542663,1.64553,0.003767432,1.917691,2.981956
7.55923,1.647,0.003835222,1.917451,2.980567
7.576147,1.6479,0.004268565,1.91747,2.979629
7.592989,1.647392,0.004512634,1.917262,2.978825
7.609685,1.647965,0.004277272,1.917303,2.978113
7.625723,1.648527,0.005077231,1.91741,2.976127
7.64257,1.64793,0.00630304,1.917485,2.974097
7.658629,1.645574,0.007035576,1.917773,2.973927
7.675197,1.64394,0.007472078,1.916949,2.972507
7.691762,1.643488,0.007762049,1.917008,2.971355
7.708331,1.64243,0.008078195,1.916857,2.969751
7.724896,1.643457,0.009222951,1.917301,2.967534
7.741498,1.645355,0.009585885,1.917329,2.965823
7.75803,1.644299,0.009644385,1.917406,2.964735
7.774597,1.643524,0.009402907,1.91743,2.9639
7.791164,1.641861,0.008931185,1.916946,2.963333
7.807729,1.641648,0.009053785,1.917296,2.963242
7.824296,1.640259,0.009212865,1.917412,2.961662
7.840864,1.637371,0.00934179,1.91723,2.960546
7.85743,1.635079,0.01059056,1.917248,2.959336
7.873997,1.631819,0.01079813,1.917637,2.958599
7.890749,1.629584,0.01070311,1.918844,2.957093
7.907206,1.627639,0.01143418,1.919581,2.956075
7.923699,1.627134,0.01094931,1.920462,2.955781
7.940264,1.625751,0.01084042,1.920991,2.954253
7.956831,1.625204,0.01127881,1.921707,2.953619
7.973396,1.624607,0.0117144,1.922367,2.953195
7.989966,1.625652,0.01232828,1.922889,2.953034
8.006529,1.626532,0.01312976,1.923346,2.952631
8.023097,1.626904,0.01332683,1.923236,2.952603
8.040065,1.625629,0.0145772,1.923026,2.952799
8.056231,1.625292,0.01462597,1.922679,2.95247
8.072797,1.628782,0.01565072,1.922326,2.952395
8.089569,1.635753,0.01653893,1.922263,2.952613
8.105929,1.639399,0.01637114,1.922877,2.952613
8.122495,1.646222,0.01631897,1.923609,2.952244
8.139061,1.648102,0.01645021,1.923768,2.952552
8.155885,1.650382,0.01580461,1.924931,2.952218
8.172194,1.650859,0.01598585,1.92523,2.952246
8.189115,1.651277,0.01569632,1.925604,2.952485
8.205328,1.652235,0.0160387,1.925651,2.952434
8.222542,1.651893,0.0163761,1.925726,2.95209
8.238681,1.652814,0.01620079,1.925934,2.95185
8.255029,1.653921,0.01692759,1.926401,2.95222
8.271595,1.654645,0.01742458,1.92647,2.952981
8.28816,1.65482,0.0172236,1.926695,2.953399
8.304727,1.655414,0.01725107,1.926201,2.954438
8.321295,1.655197,0.01764787,1.925599,2.955258
8.337927,1.653701,0.0170706,1.924965,2.955228
8.354429,1.653461,0.01689343,1.924555,2.955329
8.371088,1.652973,0.01704128,1.923895,2.954858
8.387561,1.652614,0.0170984,1.923431,2.954601
8.404127,1.653358,0.01776437,1.923511,2.954507
8.420695,1.653529,0.01802081,1.923382,2.95512
8.437442,1.655,0.0185742,1.924051,2.954397
8.453827,1.66054,0.01842955,1.924451,2.953584
8.470395,1.668366,0.0192162,1.924662,2.953043
8.486961,1.673957,0.01902693,1.924834,2.952605
8.503529,1.676945,0.01942135,1.925426,2.952306
8.520096,1.677993,0.01977741,1.925807,2.952245
8.536663,1.679087,0.01953787,1.926005,2.952862
8.553462,1.682658,0.01872988,1.926039,2.95244
8.569796,1.684543,0.01831831,1.925767,2.952069
8.586362,1.685742,0.01879348,1.925088,2.952132
8.602928,1.686935,0.01835519,1.925482,2.952131
8.619494,1.686986,0.01826106,1.925718,2.951304
8.636063,1.686169,0.01908217,1.925851,2.95136
8.652628,1.684715,0.0194941,1.926172,2.951185
8.669196,1.682445,0.0204254,1.925737,2.950776
8.685866,1.682965,0.02091317,1.926339,2.950949
8.702439,1.68123,0.02107322,1.926477,2.95114
8.718896,1.681065,0.0214872,1.926975,2.951501
8.735461,1.682883,0.02209877,1.926589,2.951263
8.752029,1.684017,0.0215493,1.926989,2.951683
8.768865,1.685975,0.02159602,1.928279,2.951745
8.785163,1.687284,0.02168622,1.930215,2.951545
8.801983,1.687916,0.02318608,1.933301,2.950744
8.818294,1.686999,0.02656183,1.936663,2.947791
8.834987,1.684794,0.03358017,1.941673,2.943266
8.851433,1.681257,0.04127657,1.948218,2.937984
8.867995,1.677125,0.04832103,1.95301,2.933336
8.88483,1.672066,0.05533925,1.959683,2.924928
8.901129,1.666068,0.06336503,1.965755,2.917719
8.918226,1.658968,0.07655337,1.976868,2.905267
8.934581,1.648087,0.09175734,1.992645,2.887758
8.950829,1.638778,0.1027532,2.007871,2.869893
8.967396,1.621416,0.1214403,2.029396,2.841835
8.984071,1.609492,0.1408364,2.046697,2.814898
9.000527,1.595428,0.1736638,2.070118,2.775344
9.017096,1.581782,0.2236538,2.100231,2.718205
9.033662,1.577642,0.2634701,2.120878,2.676764
9.050229,1.579362,0.3211144,2.146507,2.622307
9.066796,1.583238,0.3744214,2.166999,2.578384
9.083361,1.599843,0.4448847,2.193442,2.524922
9.099929,1.619952,0.5261897,2.219334,2.477318
9.116495,1.64333,0.6015999,2.244142,2.445525
9.133062,1.687439,0.7033091,2.282393,2.417117
9.149629,1.724765,0.7873788,2.316,2.399985
9.166193,1.767225,0.8834935,2.357019,2.381648
9.183119,1.795603,0.9458116,2.387185,2.371162
9.199673,1.821617,1.005692,2.420613,2.361709
9.215894,1.836517,1.049168,2.44764,2.356699
9.232463,1.840588,1.076193,2.464252,2.355957
9.249029,1.829623,1.099256,2.478839,2.359114
9.265594,1.811481,1.107875,2.486137,2.367023
9.282161,1.774884,1.103738,2.491443,2.384208
9.29877,1.740997,1.087102,2.49299,2.402704
9.315299,1.699043,1.045935,2.488251,2.429822
9.332371,1.666404,0.9849594,2.473934,2.460721
9.348431,1.651171,0.9306641,2.45303,2.489103
9.364993,1.644859,0.8601423,2.414802,2.526636
9.381559,1.646639,0.8061875,2.37834,2.558927
9.398128,1.651927,0.7376524,2.320528,2.613384
9.414695,1.66026,0.6827611,2.277234,2.66555
9.431261,1.670298,0.6382472,2.246007,2.707417
9.447829,1.685237,0.586192,2.212933,2.758664
9.464398,1.69698,0.5464551,2.188191,2.796405
9.481175,1.708426,0.4994561,2.15902,2.837898
9.497529,1.716233,0.4565455,2.130905,2.872364
9.514293,1.720671,0.4253975,2.110419,2.894435
9.530821,1.724232,0.3907569,2.087218,2.916111
9.547227,1.726323,0.3662906,2.070313,2.929449
9.563946,1.727682,0.3376881,2.052726,2.942497
9.580367,1.728326,0.3125868,2.03622,2.953737
9.596931,1.729374,0.2945364,2.024009,2.961038
9.613636,1.73174,0.2752056,2.009043,2.968511
9.630063,1.733852,0.2622906,1.997382,2.973835
9.64663,1.735586,0.2472928,1.983899,2.979817
9.66326,1.736639,0.2364149,1.973993,2.984153
9.679761,1.736575,0.2236508,1.961527,2.989508
9.696328,1.736511,0.2126904,1.950575,2.994997
9.713131,1.736311,0.20437,1.942771,2.999012
9.729592,1.735437,0.1949767,1.935051,3.004802
9.746031,1.734232,0.1880972,1.930184,3.008857
9.76277,1.732943,0.1798494,1.924884,3.015771
9.779215,1.731688,0.1753417,1.91999,3.020607
9.795731,1.730347,0.170714,1.917115,3.024534
9.812297,1.727756,0.1677968,1.913575,3.028732
9.829229,1.726857,0.1657641,1.911462,3.031744
9.845429,1.727319,0.1638192,1.908704,3.035179
9.861996,1.727758,0.1618932,1.906352,3.03812
9.878564,1.728288,0.1599644,1.904503,3.039774
9.895129,1.729942,0.157392,1.903045,3.041184
9.911875,1.73137,0.1562703,1.902696,3.042486
9.928623,1.732034,0.155076,1.901168,3.042417
9.944828,1.732259,0.1540944,1.899308,3.042341
9.961397,1.732282,0.1530687,1.89794,3.042372
9.977963,1.729948,0.1506831,1.897367,3.042037
9.995254,1.728251,0.1494667,1.896522,3.041804
10.0113,1.725724,0.1481294,1.896174,3.04154
10.02766,1.724502,0.146067,1.895731,3.041081
10.04452,1.723841,0.1446189,1.89606,3.040929
10.0608,1.723298,0.1436754,1.895187,3.041071
10.07736,1.722372,0.1426806,1.895148,3.040948
10.09393,1.720334,0.1423191,1.89526,3.041114
10.1105,1.717419,0.1414706,1.895221,3.040987
10.12706,1.714137,0.1415284,1.895622,3.040547
10.14363,1.710088,0.1409909,1.895788,3.039334
10.1602,1.707511,0.1402862,1.896271,3.038264
10.17676,1.705645,0.1388069,1.89792,3.03767
10.19333,1.704767,0.1383877,1.899005,3.036799
10.2099,1.703786,0.137811,1.900841,3.035265
10.22648,1.702951,0.1364165,1.902408,3.033073
10.24303,1.702339,0.1354067,1.903826,3.030717
10.2596,1.703164,0.1352257,1.906719,3.02809
10.27616,1.704231,0.1346263,1.909107,3.025733
10.29273,1.704481,0.1342465,1.911785,3.023793
10.3093,1.703376,0.1337594,1.9136,3.022758
10.32587,1.702034,0.1329548,1.915917,3.021504
10.34266,1.701747,0.1330845,1.918763,3.020161
10.359,1.701282,0.1327306,1.921199,3.019013
10.37556,1.701331,0.1323459,1.923855,3.017466
10.39213,1.700023,0.1326416,1.925707,3.016593
10.4087,1.696895,0.132269,1.927452,3.015952
10.42526,1.692813,0.1316662,1.928685,3.015111
10.44183,1.689314,0.1320401,1.929701,3.014799
10.4584,1.68436,0.1320429,1.931447,3.014412
10.47516,1.680393,0.1321171,1.932129,3.013915
10.49153,1.676399,0.1315016,1.934114,3.013114
10.50906,1.671474,0.1323555,1.935921,3.012003
10.52466,1.668429,0.1329329,1.936945,3.011499
10.54123,1.665261,0.1339489,1.938241,3.009875
10.5578,1.66351,0.1340872,1.938443,3.009572
10.57436,1.66048,0.1352312,1.939494,3.008776
10.59134,1.657595,0.1353571,1.939274,3.007537
10.60816,1.655868,0.1355986,1.939357,3.006955
10.62458,1.653395,0.1353471,1.940304,3.005989
10.64064,1.651541,0.1353332,1.940543,3.005011
10.6572,1.64932,0.1345716,1.940175,3.002891
10.67376,1.647678,0.1340734,1.940155,3.002841
10.69033,1.645172,0.1337631,1.940424,3.001893
10.7069,1.642447,0.1335225,1.941777,3.000752
10.72346,1.641019,0.1331184,1.94272,3.00064
10.74018,1.638915,0.1329435,1.943449,2.999985
10.7566,1.637293,0.1320413,1.944217,2.998857
10.77349,1.634806,0.1319841,1.945317,2.998719
10.7899,1.633836,0.1319694,1.946835,2.999182
10.8063,1.632549,0.1320258,1.948645,2.999549
10.82301,1.631606,0.1320134,1.951406,2.998766
10.83943,1.631695,0.1320563,1.954113,2.998334
10.856,1.6306,0.132048,1.956075,2.997439
10.87256,1.630531,0.1323692,1.957672,2.996885
10.88913,1.628523,0.1319478,1.959731,2.997114
10.9057,1.627061,0.1322382,1.960916,2.996964
10.92226,1.625952,0.1316992,1.961958,2.995883
10.93883,1.624511,0.1317592,1.963094,2.995018
10.9554,1.623129,0.1324222,1.963886,2.994742
10.97196,1.621231,0.1329099,1.96445,2.994363
10.98856,1.61818,0.1333644,1.964395,2.994851
11.00534,1.615813,0.1344078,1.964447,2.995142
11.02166,1.612997,0.135206,1.964358,2.995546
11.03847,1.611215,0.1351826,1.964158,2.995765
11.05493,1.60963,0.1355722,1.964118,2.996346
11.07136,1.608004,0.1359157,1.963837,2.99574
11.08793,1.606513,0.1358104,1.963114,2.995373
11.1045,1.604737,0.1363935,1.962674,2.995701
11.12106,1.602473,0.1376805,1.962642,2.996176
11.13763,1.599281,0.1385647,1.962268,2.995604
11.1542,1.597334,0.1387294,1.962008,2.994944
11.17076,1.595733,0.1386266,1.961981,2.994793
11.18733,1.593519,0.1396677,1.961701,2.994416
11.2039,1.591086,0.1405706,1.962088,2.993884
11.2206,1.58952,0.1413116,1.962067,2.993026
11.23703,1.587298,0.1423083,1.962412,2.992123
11.25412,1.584974,0.1433438,1.962874,2.990672
11.27017,1.584272,0.1443098,1.963316,2.989164
11.28673,1.584072,0.1446625,1.963509,2.988122
11.3033,1.584362,0.1451165,1.964717,2.986435
11.31987,1.583836,0.1459505,1.965041,2.98425
11.33643,1.584167,0.1456577,1.966067,2.983093
11.353,1.583006,0.1462712,1.968326,2.981809
11.36957,1.581196,0.1464079,1.970256,2.980154
11.38623,1.579614,0.1463243,1.973071,2.978112
11.4027,1.578785,0.146755,1.975596,2.976334
11.41928,1.57608,0.1469398,1.977921,2.972888
11.43583,1.574895,0.1470811,1.98021,2.969646
11.4524,1.573478,0.1476982,1.981068,2.96741
11.46897,1.57214,0.1480655,1.982921,2.964394
11.48553,1.571877,0.1482787,1.983442,2.962461
11.5021,1.571123,0.1493779,1.983495,2.960401
11.51905,1.571277,0.1497577,1.982504,2.959508
11.53523,1.573957,0.1497748,1.981012,2.958165
11.5518,1.578509,0.1500462,1.97943,2.957876
11.56874,1.580426,0.1503319,1.978049,2.957573
11.58493,1.581727,0.1514583,1.975499,2.957916
11.6015,1.581512,0.1524291,1.973721,2.958437
11.61806,1.578713,0.1537986,1.971492,2.959206
11.63463,1.576111,0.1545688,1.96929,2.960751
11.6512,1.573098,0.1548831,1.968225,2.961812
11.66777,1.568131,0.1553237,1.966472,2.963243
11.68433,1.563483,0.1558686,1.965438,2.964318
11.7009,1.558162,0.1556218,1.964396,2.965712
11.71747,1.552471,0.1564887,1.963475,2.967147
11.73441,1.547326,0.1574737,1.963368,2.967757
11.7506,1.541214,0.1567007,1.963457,2.969247
11.76716,1.53706,0.1567705,1.963352,2.969616
11.78373,1.532963,0.1569611,1.963144,2.970235
11.8003,1.530047,0.1564536,1.963639,2.969934
11.81687,1.524929,0.156689,1.963716,2.970209
11.83343,1.521116,0.1565567,1.964604,2.969571
11.85,1.517573,0.1563607,1.965223,2.968755
11.86747,1.513686,0.1563182,1.96481,2.966927
11.88313,1.51126,0.1570406,1.964832,2.966398
11.89973,1.50883,0.1560627,1.965562,2.96492
11.91627,1.506188,0.1557805,1.965924,2.962547
11.93295,1.504049,0.1554085,1.965818,2.960799
11.9494,1.501243,0.1555177,1.966126,2.958178
11.96596,1.499371,0.1557665,1.966297,2.955819
11.98254,1.498065,0.1554913,1.966546,2.953027
11.9991,1.495992,0.1562823,1.965795,2.951815
12.01566,1.493578,0.1572286,1.965085,2.950706
12.03249,1.491095,0.1573895,1.96464,2.950041
12.0488,1.489001,0.1585622,1.963826,2.95031
12.06537,1.487472,0.1602042,1.963551,2.951713
12.08193,1.487299,0.1607568,1.963049,2.953184
12.0985,1.488456,0.1609613,1.962426,2.955669
12.11507,1.487286,0.1622381,1.961792,2.959106
12.13163,1.486142,0.1634279,1.960439,2.962103
12.1484,1.483554,0.1649209,1.957244,2.965504
12.16476,1.482573,0.1663596,1.955548,2.968596
12.18161,1.479949,0.1682439,1.953617,2.97252
12.19853,1.476549,0.1693914,1.951694,2.97528
12.21447,1.474651,0.1694612,1.95007,2.977842
12.23173,1.471768,0.1707106,1.948074,2.980981
12.24778,1.470965,0.1712116,1.946847,2.983162
12.26416,1.46969,0.1724187,1.945332,2.985806
12.28073,1.468338,0.1729331,1.944279,2.988094
12.29743,1.467391,0.1731705,1.943788,2.989733
12.31387,1.464573,0.1727403,1.941806,2.991997
12.33074,1.462901,0.1727085,1.940452,2.993206
12.347,1.459958,0.1726074,1.939275,2.994448
12.36357,1.458816,0.1728472,1.937929,2.995358
12.38013,1.455158,0.172621,1.936322,2.996133
12.3967,1.45163,0.1733896,1.934564,2.997518
12.41327,1.449739,0.173318,1.934631,2.997802
12.42983,1.446917,0.1734236,1.933412,2.998679
12.4464,1.444827,0.1731878,1.933769,2.999148
12.46297,1.44198,0.1731132,1.933637,2.999536
12.47953,1.438823,0.1729821,1.933423,2.999311
12.49663,1.436954,0.1723578,1.933339,2.999664
12.51313,1.433721,0.1723324,1.933724,2.99972
12.52957,1.431556,0.1717738,1.933579,2.99947
12.5458,1.428785,0.1717971,1.933639,2.999279
12.56286,1.426439,0.172117,1.93399,2.999672
12.57893,1.423971,0.1716004,1.933797,2.999435
12.5955,1.422006,0.1708177,1.933835,2.999232
12.61206,1.420946,0.1707239,1.934242,2.998755
12.62863,1.419965,0.169791,1.935056,2.998409
12.6452,1.420261,0.1698372,1.936327,2.997221
12.66177,1.421678,0.1701559,1.937896,2.996957
12.67833,1.424841,0.1698683,1.940727,2.996566
12.6949,1.428,0.1687545,1.942938,2.996095
12.71147,1.432846,0.1680572,1.945931,2.995816
12.72803,1.437717,0.1680063,1.948992,2.995449
12.7446,1.445658,0.1671668,1.952542,2.994945
12.76158,1.455582,0.1662186,1.956289,2.994659
12.77773,1.462697,0.1651968,1.958709,2.994407
12.79442,1.473113,0.1644799,1.962016,2.994385
12.81087,1.481333,0.16341,1.964362,2.994129
12.82743,1.493884,0.1632193,1.967709,2.994111
12.844,1.505802,0.1627637,1.972562,2.993804
12.86057,1.51456,0.1633292,1.977147,2.992494
12.87713,1.525209,0.1676879,1.983792,2.987818
12.89426,1.53122,0.1742795,1.989674,2.980286
12.91043,1.536956,0.1844546,1.998547,2.965202
12.92683,1.540758,0.1971654,2.010097,2.947139
12.9434,1.542374,0.2110256,2.0216,2.930217
12.95997,1.54001,0.2324304,2.039234,2.901788
12.97653,1.534247,0.251978,2.054268,2.874239
12.9931,1.522611,0.2782831,2.074598,2.833391
13.00971,1.51168,0.2977154,2.092741,2.798255
13.02623,1.49955,0.3229701,2.114709,2.750068
13.0428,1.487721,0.352868,2.135816,2.69993
13.05936,1.479688,0.3813031,2.150934,2.659774
13.07593,1.475546,0.4230717,2.168353,2.610276
13.0925,1.477247,0.4597518,2.181169,2.570336
13.10907,1.480496,0.5116106,2.195713,2.521384
13.12573,1.490255,0.5790586,2.218844,2.470797
13.1422,1.504634,0.6323454,2.2368,2.442611
13.15934,1.530958,0.7070659,2.262192,2.413423
13.17533,1.555545,0.7700402,2.2855,2.394412
13.1919,1.583024,0.846952,2.31474,2.375741
13.20846,1.609763,0.9163468,2.343771,2.361651
13.22503,1.625857,0.9652339,2.364833,2.354023
13.24175,1.638489,1.017576,2.387565,2.347848
13.25859,1.642607,1.050202,2.401874,2.345236
13.27482,1.634173,1.077998,2.415701,2.345404
13.2913,1.611349,1.089437,2.424459,2.349804
13.30787,1.585297,1.085655,2.427363,2.357326
13.32444,1.552297,1.064847,2.426562,2.373937
13.341,1.527963,1.037204,2.422624,2.392191
13.35757,1.504757,0.9942346,2.411988,2.419613
13.37413,1.489599,0.9572724,2.399081,2.442916
13.3907,1.477302,0.910363,2.375897,2.473386
13.40727,1.47188,0.8624778,2.344165,2.506332
13.42383,1.477187,0.8240055,2.314941,2.534891
13.4404,1.4841,0.7770275,2.27235,2.573592
13.45714,1.494289,0.7403444,2.239954,2.605051
13.47353,1.513494,0.693301,2.201793,2.647068
13.4903,1.540327,0.6366557,2.161407,2.695806
13.50667,1.555245,0.6011629,2.137157,2.727293
13.52323,1.571447,0.5597237,2.109561,2.761579
13.53981,1.581861,0.5301874,2.08952,2.786916
13.55684,1.590964,0.4962227,2.066429,2.814201
13.57318,1.600426,0.465686,2.046026,2.837623
13.5895,1.606959,0.4449253,2.03157,2.854228
13.60607,1.611327,0.4207799,2.015244,2.872004
13.62263,1.612287,0.4035106,2.004019,2.8844
13.6392,1.611373,0.3843336,1.99215,2.897605
13.65577,1.609212,0.3714838,1.983574,2.906748
13.67233,1.605651,0.3577386,1.974593,2.91511
13.6889,1.602892,0.3456264,1.966325,2.921168
13.70558,1.602578,0.3366166,1.960729,2.92504
13.72203,1.60164,0.3271972,1.954675,2.928285
13.7386,1.601443,0.3191725,1.950698,2.929328
13.75517,1.603225,0.3098965,1.946079,2.929689
13.77174,1.604517,0.3025566,1.942395,2.929159
13.7883,1.607431,0.2962285,1.939808,2.928109
13.80487,1.612562,0.2907847,1.93701,2.928077
13.82143,1.618295,0.2869797,1.935333,2.927441
13.838,1.623922,0.282329,1.934579,2.926947
13.85457,1.630416,0.2786209,1.934636,2.926706
13.87113,1.647815,0.274362,1.935001,2.925851
13.8877,1.664554,0.2715028,1.93682,2.925855
13.90483,1.673756,0.2693278,1.938331,2.926057
13.92089,1.68111,0.2668191,1.93998,2.927179
13.9374,1.687999,0.263596,1.942508,2.928451
13.95397,1.68965,0.2626185,1.944214,2.929502
13.97053,1.691924,0.2605449,1.946744,2.931242
13.98723,1.695145,0.2596264,1.949138,2.932238
14.00366,1.697809,0.2571268,1.952394,2.933326
14.02023,1.699507,0.2554273,1.956434,2.933791
14.0368,1.700691,0.2540958,1.962322,2.93495
14.05348,1.699136,0.2535517,1.969075,2.935689
14.06993,1.693748,0.2525795,1.975225,2.935883
14.0865,1.684673,0.2513675,1.98328,2.935865
14.10307,1.674969,0.2506368,1.989786,2.935192
14.11963,1.662897,0.2496908,1.997471,2.932781
14.1362,1.65033,0.2491519,2.003796,2.929829
14.1531,1.639695,0.2492492,2.008223,2.927263
14.16933,1.627872,0.2488071,2.012139,2.923711
14.1859,1.618339,0.2483879,2.015043,2.920991
14.20248,1.608094,0.2474762,2.018569,2.916895
14.21903,1.600001,0.247192,2.021027,2.913528
14.23561,1.591242,0.2467498,2.022877,2.910752
14.25216,1.585791,0.245589,2.024325,2.907286
14.26894,1.583697,0.2460773,2.024976,2.905859
14.2853,1.580949,0.2454753,2.025686,2.903919
14.30187,1.579102,0.2456943,2.025607,2.902622
14.31843,1.578963,0.2460026,2.025928,2.901121
14.335,1.577996,0.2465935,2.025903,2.900424
14.35157,1.577335,0.2469929,2.026655,2.900376
14.36821,1.577437,0.2462611,2.027701,2.900897
14.3847,1.57774,0.2461252,2.029112,2.90195
14.40127,1.577759,0.2452687,2.030385,2.902505
14.41836,1.578888,0.2442244,2.031195,2.904103
14.43463,1.580163,0.2440398,2.032205,2.905644
14.45096,1.577581,0.2443334,2.033041,2.906789
14.46753,1.575565,0.2435453,2.03413,2.908852
14.48411,1.573442,0.2430101,2.034668,2.911018
14.50175,1.572165,0.242391,2.035006,2.913222
14.51723,1.57186,0.2423278,2.034916,2.915344
14.5338,1.572778,0.2417334,2.035078,2.917422
14.55037,1.57448,0.241252,2.035651,2.918891
14.56693,1.576382,0.2411013,2.036265,2.920195
14.5835,1.57767,0.240675,2.037267,2.922175
14.60007,1.578865,0.2400064,2.037653,2.923581
14.61667,1.580412,0.2400402,2.037985,2.924788
14.6332,1.582613,0.2397525,2.038561,2.926397
14.64976,1.584264,0.2403607,2.038473,2.928293
14.66633,1.585522,0.2403278,2.038083,2.929636
14.6829,1.586985,0.2402815,2.037806,2.931116
14.69947,1.588824,0.2408068,2.037842,2.933201
14.71603,1.589558,0.2410137,2.03779,2.934581
14.7326,1.590751,0.24147,2.03782,2.935081
14.74917,1.592959,0.2412924,2.037788,2.935645
14.76573,1.595958,0.2425225,2.037827,2.936252
14.7823,1.60021,0.2424656,2.038133,2.937364
14.79887,1.602762,0.242465,2.037766,2.937966
14.81559,1.606053,0.2426557,2.038081,2.939092
14.832,1.607953,0.2432071,2.038301,2.94007
14.84857,1.611341,0.2430197,2.038268,2.94119
14.86513,1.614902,0.2429643,2.038466,2.941901
14.88184,1.618149,0.2434188,2.038683,2.943336
14.89826,1.621226,0.2440662,2.038869,2.944277
14.91492,1.623106,0.2441823,2.038708,2.945181
14.9314,1.623506,0.2447386,2.038591,2.946435
14.94797,1.623095,0.2450683,2.038478,2.947126
14.96503,1.622244,0.2453521,2.038441,2.947606
14.9811,1.621986,0.2459025,2.037755,2.948172
14.99767,1.621107,0.2459158,2.037225,2.949295
15.01423,1.621232,0.2453539,2.035912,2.949668
15.03131,1.621391,0.245313,2.035808,2.94998
15.04737,1.620638,0.2448701,2.034961,2.950839
15.06394,1.618853,0.245021,2.034011,2.951003
15.0805,1.61669,0.2447279,2.03356,2.951435
15.09707,1.613767,0.2448988,2.032757,2.952396
15.11363,1.61075,0.2440631,2.032441,2.953269
15.1302,1.607244,0.2443195,2.031822,2.954228
15.14677,1.604128,0.2438156,2.031339,2.954616
15.1634,1.600719,0.2441244,2.030876,2.955129
15.1799,1.596937,0.2438074,2.030752,2.955517
15.19647,1.594147,0.2439177,2.030357,2.956013
15.21304,1.59101,0.2445031,2.030298,2.956603
15.2296,1.588,0.2442866,2.030819,2.956992
15.24623,1.584618,0.2436556,2.030704,2.957117
15.26275,1.581141,0.2437302,2.030604,2.957533
15.2793,1.579581,0.2441849,2.030535,2.957251
15.29597,1.57791,0.2438426,2.030177,2.957588
15.31243,1.576711,0.2439666,2.029883,2.958438
15.329,1.574933,0.2442796,2.029608,2.958959
15.34612,1.572654,0.2444134,2.029416,2.959681
15.36247,1.571203,0.2447542,2.029183,2.960009
15.37872,1.568499,0.2454952,2.028733,2.960025
15.39527,1.56582,0.2454474,2.028578,2.960004
15.41183,1.563576,0.2449173,2.028779,2.96086
15.4284,1.561641,0.2445136,2.028651,2.961021
15.44497,1.558876,0.245443,2.028506,2.960904
15.46163,1.555327,0.2461132,2.028169,2.961042
15.47862,1.552422,0.246559,2.027524,2.96034
15.49495,1.549256,0.2467618,2.027874,2.959727
15.51124,1.546773,0.246269,2.027843,2.959185
15.5278,1.54329,0.2476616,2.027292,2.959018
15.54466,1.540035,0.247478,2.027126,2.958891
15.56094,1.53771,0.2483495,2.0269,2.959018
15.5775,1.536039,0.2485668,2.027072,2.959431
15.59407,1.533378,0.249296,2.027108,2.959796
15.61064,1.531206,0.2488216,2.02666,2.959559
15.6272,1.530188,0.248141,2.025436,2.960204
15.64377,1.528489,0.2483365,2.02453,2.960163
15.66034,1.526999,0.2479977,2.02389,2.960157
15.6769,1.525896,0.2488274,2.024018,2.960139
15.69347,1.525063,0.2495147,2.02315,2.960128
15.71056,1.522962,0.2512959,2.021849,2.96041
15.72678,1.521396,0.2505658,2.021314,2.960643
15.74317,1.520389,0.2499361,2.020016,2.960278
15.75974,1.52036,0.251084,2.018601,2.960795
15.77692,1.522304,0.2517959,2.017386,2.960983
15.79287,1.524274,0.2526554,2.01493,2.96057
15.80944,1.52666,0.2529156,2.012644,2.961087
15.826,1.52827,0.2533508,2.009445,2.960943
15.84257,1.528725,0.2538489,2.006341,2.960843
15.85913,1.530044,0.2541091,2.002056,2.961006
15.87595,1.529456,0.2545116,1.998661,2.961473
15.89227,1.528086,0.2541399,1.994021,2.960982
15.90883,1.525471,0.2541029,1.989755,2.961409
15.92593,1.522249,0.2536323,1.987489,2.961838
15.94197,1.517111,0.2534025,1.984718,2.961844
15.95854,1.513701,0.2521302,1.98303,2.96248
15.9751,1.508991,0.2527031,1.980607,2.962986
15.99167,1.505179,0.2529117,1.979109,2.963121
16.00823,1.502874,0.2519957,1.977217,2.963046
16.0248,1.500216,0.2519794,1.975624,2.962863
16.04137,1.49705,0.2511875,1.974688,2.963391
16.05808,1.492047,0.2507198,1.973486,2.963203
16.0745,1.489527,0.2497549,1.972513,2.963391
16.09107,1.485921,0.2500718,1.970737,2.963777
16.10799,1.481027,0.2509418,1.97009,2.963412
16.12464,1.47775,0.2511338,1.969215,2.963311
16.14077,1.473564,0.2509558,1.967913,2.963639
16.15734,1.470014,0.2505724,1.967005,2.963813
16.1739,1.466331,0.2502006,1.966016,2.963274
16.19047,1.463202,0.2501635,1.964618,2.963377
16.20704,1.46114,0.2501537,1.963224,2.963572
16.2236,1.45842,0.2498582,1.962768,2.963067
16.24017,1.456307,0.2495572,1.962742,2.963562
16.25674,1.453456,0.2496198,1.962072,2.963342
16.27365,1.450673,0.2488521,1.961497,2.963452
16.28987,1.447702,0.2483838,1.961326,2.963056
16.30644,1.444628,0.2483121,1.961138,2.962906
16.32301,1.44123,0.2485147,1.961008,2.962873
16.33984,1.43734,0.2481589,1.960592,2.962998
16.3563,1.434204,0.2483701,1.960233,2.962646
16.3727,1.429612,0.2480692,1.9602,2.962272
16.38959,1.425985,0.247743,1.960172,2.961951
16.40584,1.424152,0.2480019,1.960152,2.96231
16.4224,1.421621,0.2483008,1.960413,2.962274
16.43926,1.419997,0.2482135,1.960939,2.962296
16.45571,1.418319,0.247918,1.961106,2.962545
16.4721,1.416313,0.2479296,1.961771,2.962477
16.48867,1.414425,0.2478933,1.961568,2.962766
16.50524,1.412795,0.2471739,1.961862,2.962304
16.5218,1.411318,0.247207,1.962205,2.962314
16.53892,1.410301,0.2467537,1.962484,2.962278
16.55494,1.408282,0.2466301,1.962989,2.961956
16.57166,1.407332,0.2464346,1.963228,2.962305
16.58824,1.405174,0.2466388,1.963072,2.962571
16.60547,1.403716,0.2464506,1.963585,2.961976
16.6212,1.40373,0.2463877,1.963678,2.961997
16.63777,1.402355,0.2468893,1.964571,2.961132
16.65434,1.400373,0.2490188,1.966058,2.959538
16.67103,1.39717,0.2574284,1.968619,2.95247
16.68747,1.39318,0.267191,1.971071,2.942675
16.70404,1.388219,0.2819966,1.975749,2.926432
16.7206,1.383235,0.2958764,1.981125,2.907845
16.73717,1.37854,0.3153968,1.988937,2.878894
16.75374,1.373088,0.3332728,2.00044,2.84393
16.7703,1.369274,0.3461061,2.013034,2.813029
16.78687,1.363709,0.3627942,2.031861,2.772379
16.80344,1.365047,0.3800054,2.047433,2.739106
16.82,1.366612,0.4081381,2.067342,2.696441
16.83657,1.369941,0.4404304,2.087246,2.651045
16.85314,1.378004,0.4696922,2.101336,2.614483
16.86971,1.393207,0.5249352,2.121182,2.55902
16.88631,1.408642,0.5713005,2.135711,2.523864
16.90288,1.440744,0.6525989,2.157568,2.484861
16.91945,1.485623,0.752522,2.182296,2.453985
16.93602,1.519699,0.8323243,2.204991,2.433754
16.95258,1.563867,0.9324756,2.235177,2.414294
16.96915,1.598683,1.012274,2.259809,2.402648
16.98572,1.634452,1.102114,2.289802,2.392138
17.00238,1.656839,1.164087,2.311346,2.387048
17.01885,1.673876,1.219425,2.33488,2.384092
17.03542,1.677985,1.254993,2.353667,2.384978
17.05198,1.670364,1.268945,2.365,2.391359
17.06855,1.646999,1.268852,2.376416,2.40824
17.08512,1.62036,1.249583,2.383436,2.428859
17.10168,1.583794,1.19899,2.387975,2.461683
17.11825,1.555973,1.131385,2.385375,2.499673
17.13481,1.539889,1.073511,2.377532,2.531581
17.15138,1.538408,0.9965857,2.359644,2.571855
17.16868,1.547254,0.9343922,2.336656,2.60555
17.18451,1.56379,0.8591512,2.299405,2.654364
17.20108,1.579511,0.8055399,2.268502,2.698643
17.21772,1.613074,0.7388763,2.233363,2.756318
17.23421,1.664448,0.6637642,2.191259,2.825798
17.25112,1.695191,0.6162847,2.165006,2.867301
17.26768,1.726041,0.5625724,2.135455,2.914335
17.28391,1.749237,0.513836,2.107004,2.954098
17.30048,1.765658,0.4783838,2.085836,2.982013
17.31705,1.782384,0.4361979,2.062674,3.011695
17.33362,1.793537,0.4059541,2.046026,3.031848
17.35018,1.805169,0.3723218,2.027641,3.053342
17.36717,1.812041,0.348232,2.013873,3.06787
17.38331,1.816504,0.3216499,1.998377,3.082572
17.39988,1.818376,0.2985143,1.985028,3.094315
17.41644,1.81798,0.2823697,1.97614,3.10214
17.43355,1.818856,0.2656568,1.965958,3.108901
17.44958,1.819243,0.2532462,1.958948,3.113307
17.46631,1.815951,0.2409557,1.950329,3.117934
17.48271,1.81053,0.2309665,1.942902,3.121025
17.49928,1.805008,0.2233912,1.937707,3.122902
17.51584,1.796123,0.2144357,1.932663,3.125018
17.53248,1.790833,0.2073529,1.929472,3.125298
17.54898,1.78337,0.1998151,1.925318,3.12568
17.56555,1.778395,0.194392,1.921814,3.125902
17.58211,1.772697,0.1886865,1.918698,3.126507
17.59868,1.767496,0.1843775,1.915783,3.127001
17.61525,1.76273,0.180669,1.913519,3.126568
17.63181,1.757036,0.1774669,1.912165,3.125623
17.64838,1.751521,0.1747338,1.911294,3.123707
17.66495,1.747615,0.173626,1.911163,3.121852
17.68172,1.745718,0.1720011,1.910998,3.119313
17.69808,1.744514,0.1709158,1.910584,3.117697
17.71466,1.743886,0.1696388,1.910236,3.115745
17.73121,1.744587,0.1688242,1.910209,3.115095
17.74778,1.744487,0.1687165,1.909914,3.113262
17.76505,1.742963,0.168624,1.910508,3.111689
17.78091,1.741749,0.1681996,1.910476,3.110057
17.7977,1.74122,0.1689933,1.911248,3.108918
17.81405,1.739369,0.1693998,1.911378,3.108452
17.83066,1.736889,0.1697422,1.911219,3.107789
17.84751,1.734952,0.1706366,1.911362,3.107477
17.86375,1.73141,0.1717369,1.912582,3.107277
17.88031,1.727786,0.1723563,1.913348,3.10654
17.89688,1.724607,0.1743892,1.914111,3.106646
17.91345,1.721405,0.1755072,1.915508,3.106538
17.93001,1.718668,0.1760053,1.916623,3.106061
17.94658,1.716296,0.177409,1.917648,3.106044
17.96329,1.712906,0.1789054,1.919102,3.105481
17.97972,1.709962,0.179322,1.919761,3.105725
17.99628,1.705728,0.1802479,1.922071,3.104778
18.01285,1.703067,0.1810665,1.923236,3.104486
18.02942,1.698405,0.1812235,1.925604,3.103296
18.04616,1.692663,0.1821898,1.927073,3.101418
18.06255,1.688325,0.1830947,1.927964,3.100382
18.07911,1.681208,0.1840702,1.928509,3.099472
18.09577,1.676763,0.1839033,1.929545,3.098385
18.11255,1.672427,0.1841826,1.930166,3.096635
18.12938,1.666715,0.1850044,1.930698,3.095681
18.14568,1.662204,0.1855684,1.931765,3.095329
18.16195,1.657689,0.1864683,1.931525,3.09402
18.17851,1.654769,0.1863001,1.932197,3.094124
18.19508,1.6499,0.1865061,1.932486,3.094132
18.21201,1.647027,0.1869156,1.933348,3.093658
18.2284,1.644939,0.1867693,1.933732,3.093714
18.24478,1.643411,0.1866434,1.934035,3.093155
18.26134,1.64242,0.1861729,1.933855,3.092811
18.27843,1.641487,0.1864143,1.934141,3.091832
18.29448,1.640434,0.1873904,1.934813,3.091357
18.31104,1.638678,0.1878022,1.935828,3.090626
18.32761,1.635166,0.1878394,1.935852,3.090503
18.34418,1.633135,0.1880873,1.936328,3.091319
18.36074,1.629846,0.188406,1.936094,3.090824
18.37731,1.628399,0.1883243,1.936542,3.090704
18.39388,1.626364,0.187379,1.936448,3.090562
18.41044,1.624052,0.1874837,1.93695,3.09049
18.42701,1.621046,0.1877638,1.937026,3.090416
18.4438,1.618586,0.1875149,1.937446,3.090622
18.46015,1.616145,0.1878172,1.936575,3.09056
18.47741,1.613274,0.1884509,1.936502,3.089624
18.49355,1.610799,0.1883875,1.936696,3.088547
18.50984,1.608413,0.1882902,1.936527,3.088705
18.52641,1.604657,0.1879662,1.936718,3.087766
18.54298,1.601246,0.1873174,1.936821,3.086858
18.55963,1.598245,0.1871231,1.936979,3.085572
18.57658,1.59474,0.1871793,1.937325,3.08466
18.59268,1.590663,0.1867479,1.937703,3.082855
18.60924,1.587444,0.1872163,1.937437,3.081022
18.62597,1.584604,0.1875356,1.936857,3.079167
18.64238,1.581959,0.1878755,1.937857,3.076759
18.65894,1.579714,0.1883837,1.938403,3.075401
18.67551,1.57775,0.1891337,1.939159,3.073808
18.69208,1.57515,0.1897892,1.939812,3.072224
18.70864,1.571836,0.1900933,1.939864,3.069632
18.72521,1.569873,0.1906195,1.939901,3.067141
18.74178,1.566783,0.1916706,1.94048,3.063889
18.75855,1.56383,0.1925989,1.940703,3.060815
18.77518,1.561029,0.1933534,1.940604,3.057874
18.79188,1.558343,0.1938071,1.940534,3.055824
18.80806,1.554305,0.1944259,1.940459,3.053589
18.82461,1.5512,0.1953824,1.940124,3.051157
18.84118,1.547906,0.1968474,1.940107,3.04845
18.85774,1.544414,0.1977651,1.939512,3.046034
18.87459,1.541222,0.1995112,1.938743,3.043769
18.89088,1.537633,0.2009929,1.937508,3.041832
18.90745,1.534463,0.2020261,1.936646,3.041049
18.92401,1.531299,0.2028787,1.934577,3.038914
18.94058,1.528582,0.2030874,1.932614,3.037874
18.95715,1.525409,0.2040729,1.930258,3.037053
18.97371,1.522077,0.2046446,1.928809,3.036057
18.99028,1.520391,0.2047028,1.927499,3.035927
19.00685,1.51698,0.2051511,1.926148,3.035081
19.02341,1.514706,0.2051513,1.925152,3.034798
19.03998,1.512055,0.2049797,1.923885,3.032708
19.05655,1.511819,0.2049817,1.922866,3.031515
19.07311,1.512162,0.2053996,1.92217,3.029607
19.08968,1.512113,0.2054924,1.921863,3.026837
19.10625,1.512444,0.2054094,1.921367,3.02517
19.12281,1.512635,0.2050877,1.92143,3.024033
19.13939,1.51425,0.2041034,1.922641,3.022342
19.15594,1.515766,0.2036417,1.923485,3.0215
19.17258,1.516364,0.2036751,1.924114,3.020697
19.18908,1.516233,0.2035273,1.92479,3.01977
19.20565,1.515884,0.2036031,1.925817,3.01839
19.22221,1.516082,0.2028898,1.926296,3.017992
19.23878,1.516088,0.2030294,1.92682,3.016572
19.25535,1.516341,0.2029187,1.92756,3.015387
19.27191,1.51676,0.2019839,1.928405,3.013613
19.28848,1.517218,0.2025425,1.928869,3.012555
19.30505,1.516973,0.2031157,1.929025,3.011397
19.32162,1.5171,0.2035403,1.929446,3.011183
19.33818,1.517228,0.2041529,1.930381,3.011033
19.35475,1.516964,0.2048408,1.931202,3.010641
19.37131,1.516493,0.2044403,1.931888,3.010798
19.38788,1.516604,0.205078,1.932228,3.010681
19.40445,1.515089,0.2057643,1.932786,3.010584
19.42101,1.514214,0.2056682,1.933049,3.010517
19.43758,1.514201,0.2059801,1.93344,3.010145
19.45425,1.513641,0.2070956,1.934367,3.010141
19.47072,1.513515,0.207155,1.935604,3.008695
19.48728,1.513698,0.2078878,1.937443,3.008057
19.50385,1.514121,0.2078211,1.938592,3.007406
19.52042,1.513231,0.2078633,1.939365,3.006651
19.53698,1.512492,0.2084477,1.940029,3.005985
19.55355,1.512489,0.2088818,1.940882,3.005273
19.57012,1.511897,0.2096048,1.941888,3.003406
19.58668,1.511397,0.2090764,1.942536,3.001577
19.60334,1.510925,0.2088986,1.943317,2.999925
19.61982,1.509673,0.2096452,1.94397,2.998249
19.63638,1.50769,0.2094121,1.944661,2.997321
19.65295,1.506604,0.2092124,1.945399,2.996286
19.66965,1.505864,0.209876,1.945053,2.995548
19.6863,1.5059,0.2104501,1.945461,2.994798
19.70287,1.505515,0.2101162,1.945982,2.993948
19.71943,1.507295,0.2094998,1.94684,2.993673
19.736,1.508816,0.2089795,1.947021,2.993128
19.75256,1.510081,0.2088227,1.947072,2.993616
19.76913,1.511483,0.208689,1.947486,2.993388
19.7857,1.511904,0.2082484,1.947774,2.993581
19.80227,1.512491,0.2073316,1.94838,2.993897
19.81898,1.512386,0.2065959,1.948308,2.995041
19.8354,1.512896,0.2050895,1.948547,2.996024
19.85239,1.512479,0.2054922,1.949035,2.996055
19.86853,1.511895,0.206027,1.949146,2.996508
19.8851,1.512218,0.2054234,1.948984,2.997301
19.90166,1.511374,0.2066347,1.948562,2.997964
19.91823,1.51149,0.2058914,1.948436,2.997915
19.9348,1.512092,0.2064718,1.948375,2.999614
19.95172,1.512699,0.2068765,1.948279,3.001097
19.96817,1.512027,0.2070866,1.948522,3.001806
19.9845,1.512553,0.2071897,1.948465,3.00269
20.00107,1.51286,0.2072382,1.948076,3.004102
20.01763,1.513004,0.207089,1.948348,3.004944
20.03461,1.513516,0.2065581,1.947682,3.005242
20.05077,1.513866,0.2067443,1.947718,3.005906
20.06733,1.513431,0.2068439,1.947689,3.006975
20.0839,1.512646,0.2064427,1.947742,3.007694
20.10046,1.51312,0.2055416,1.947231,3.008328
20.11703,1.512214,0.2057792,1.946657,3.008811
20.13384,1.51132,0.2058106,1.947129,3.009296
20.15016,1.511168,0.2045531,1.946903,3.009933
20.16673,1.51156,0.2050655,1.946749,3.011903
20.18329,1.510766,0.2046499,1.947209,3.01333
20.19988,1.510078,0.2041252,1.946673,3.014386
20.21643,1.510057,0.2036766,1.947228,3.015879
20.2534,1.510614,0.2026621,1.948531,3.019136
20.26997,1.51164,0.201987,1.94962,3.020405
20.28665,1.512599,0.2014591,1.950528,3.021206
20.30311,1.513113,0.2004136,1.951866,3.021883
20.31968,1.513612,0.2000924,1.952799,3.02165
20.33624,1.515087,0.2000706,1.955529,3.021134
20.35281,1.516381,0.2037936,1.959859,3.018961
20.36938,1.516779,0.2108843,1.965081,3.013028
20.38594,1.517234,0.2243548,1.975998,2.998661
20.40263,1.514162,0.2376379,1.986807,2.982695
20.41908,1.508462,0.2550267,2.002883,2.958513
20.43578,1.502147,0.2775613,2.021449,2.928346
20.45221,1.495574,0.2996788,2.037385,2.900653
20.46878,1.485438,0.3305887,2.058131,2.86176
20.48534,1.475594,0.3586853,2.075852,2.82967
20.50191,1.460874,0.393896,2.096806,2.785486
20.51848,1.447009,0.4218608,2.113531,2.750418
20.53504,1.433896,0.4561533,2.133135,2.705102
20.55161,1.422566,0.4912421,2.152769,2.66136
20.56818,1.415098,0.5180733,2.167954,2.627647
20.58485,1.406742,0.5503832,2.18666,2.587252
20.60228,1.39867,0.5969902,2.210104,2.540217
20.61788,1.393943,0.6277587,2.225322,2.511515
20.63444,1.390594,0.6695233,2.246634,2.480522
20.65101,1.390826,0.708966,2.263379,2.458668
20.66768,1.39183,0.7605922,2.28327,2.436836
20.68414,1.392767,0.7989776,2.297807,2.423168
20.70071,1.391538,0.8406196,2.311661,2.409467
20.71766,1.387844,0.8715245,2.322402,2.401932
20.73418,1.381491,0.8867646,2.324086,2.401472
20.75068,1.370758,0.8910654,2.316865,2.410486
20.76722,1.356863,0.8854027,2.305146,2.426277
20.78388,1.338949,0.8634825,2.287415,2.453473
20.80011,1.321941,0.8275192,2.269116,2.487588
20.81668,1.31255,0.7959596,2.254287,2.517459
20.83324,1.305796,0.7552117,2.234136,2.560626
20.84981,1.306074,0.7227345,2.216437,2.597922
20.86638,1.314052,0.6813122,2.193712,2.648071
20.88295,1.32481,0.6478441,2.176645,2.688474
20.89951,1.335724,0.6085688,2.154156,2.737645
20.91608,1.347416,0.5731553,2.132079,2.782644
20.93265,1.357436,0.5458284,2.114308,2.815049
20.94923,1.365914,0.5147569,2.090772,2.852221
20.96578,1.36813,0.490961,2.072895,2.87894
20.98259,1.371715,0.4598879,2.048204,2.915307
20.99891,1.373151,0.4347158,2.02809,2.941398
21.01568,1.370795,0.4166863,2.012815,2.960155
21.03248,1.368405,0.3954087,1.994874,2.981332
21.04861,1.365703,0.3790025,1.981697,2.996091
21.06538,1.365522,0.3601702,1.966449,3.012191
21.08175,1.369606,0.3423376,1.952233,3.026042
21.09832,1.374257,0.3297255,1.940823,3.035673
21.11488,1.385856,0.3153464,1.92855,3.046173
21.13144,1.394661,0.3044095,1.919239,3.052912
21.14802,1.403266,0.2922031,1.909458,3.059547
21.16458,1.40718,0.2836476,1.902647,3.0656
21.18115,1.407552,0.2738429,1.89521,3.071607
21.19772,1.404773,0.2653974,1.889097,3.075901
21.21428,1.403079,0.259899,1.884912,3.079539
21.23085,1.400409,0.2534232,1.881102,3.082429
21.24742,1.397204,0.2493155,1.878134,3.084745
21.26399,1.393061,0.2448832,1.874716,3.086609
21.28055,1.387859,0.2413853,1.871764,3.087936
21.29712,1.38469,0.2386584,1.870414,3.088481
21.31378,1.380611,0.2354578,1.867804,3.088696
21.33025,1.377965,0.2331109,1.866327,3.088845
21.34682,1.374306,0.2315588,1.86402,3.088983
21.36339,1.36999,0.2290788,1.862861,3.088571
21.37995,1.365471,0.2272225,1.861901,3.08736
21.39681,1.360751,0.226776,1.860742,3.08656
21.41315,1.358088,0.2256988,1.860383,3.085242
21.42966,1.355182,0.2246376,1.859764,3.082789
21.44659,1.353037,0.2236915,1.859241,3.080965
21.46278,1.351276,0.2226771,1.858454,3.080008
21.47935,1.348845,0.2217251,1.858407,3.078029
21.49592,1.34783,0.2203711,1.858598,3.076817
21.51256,1.345911,0.2194793,1.859087,3.07611
21.52911,1.344651,0.2186835,1.860056,3.074818
21.54562,1.343985,0.2180134,1.861179,3.074385
21.56218,1.344817,0.2180202,1.862998,3.074048
21.57875,1.344282,0.2173828,1.864083,3.073584
21.59617,1.34449,0.2171879,1.866066,3.07193
21.61188,1.346269,0.2175105,1.867665,3.070853
21.62845,1.347071,0.2178966,1.869407,3.070484
21.64502,1.346885,0.2182025,1.87092,3.069824
21.66159,1.34696,0.2181349,1.872518,3.069536
21.67815,1.345711,0.217859,1.874987,3.068745
21.69472,1.344183,0.2175308,1.875289,3.068016
21.71128,1.343001,0.2167325,1.876828,3.067448
21.72785,1.341518,0.2165425,1.877748,3.067768
21.74442,1.337866,0.2157155,1.87863,3.066471
21.76098,1.334742,0.2154824,1.87968,3.065274
21.77755,1.332204,0.2157096,1.880281,3.064652
21.79428,1.329641,0.2151941,1.881372,3.06343
21.81068,1.327097,0.2154631,1.882088,3.062181
21.82726,1.325794,0.215813,1.882623,3.060734
21.84382,1.324745,0.2166873,1.882818,3.058961
21.86039,1.323028,0.2170673,1.883059,3.057659
21.87695,1.323422,0.2168905,1.88404,3.056877
21.8936,1.322482,0.2172472,1.884723,3.056079
21.91009,1.321301,0.2173279,1.884912,3.054947
21.92665,1.319953,0.2174398,1.885631,3.053674
21.94322,1.319385,0.2165864,1.885841,3.052962
21.95979,1.318924,0.2165125,1.886711,3.052304
21.97707,1.318157,0.2166303,1.887661,3.05174
21.99331,1.31786,0.2165415,1.888266,3.051768
22.00949,1.316977,0.2163822,1.888491,3.051556
22.02605,1.31683,0.2160631,1.889577,3.051337
22.04278,1.316704,0.2160283,1.89022,3.051713
22.05928,1.317356,0.2161928,1.891341,3.051825
22.07575,1.317165,0.2156003,1.892274,3.051541
22.09232,1.317781,0.2152407,1.892886,3.051912
22.10888,1.317555,0.2150651,1.8936,3.052198
22.12545,1.31799,0.2153495,1.894138,3.052396
22.14202,1.318194,0.2156007,1.89481,3.052412
22.15867,1.318715,0.2153489,1.895852,3.052337
22.17515,1.31858,0.2150176,1.895772,3.05236
22.19218,1.318516,0.2148744,1.896669,3.052883
22.20858,1.318152,0.2144691,1.896301,3.052741
22.22485,1.318073,0.2142302,1.896726,3.051861
22.24142,1.317489,0.2147797,1.897188,3.051041
22.25799,1.318051,0.2145143,1.897511,3.050349
22.27456,1.317214,0.2149982,1.897571,3.049734
22.29112,1.317016,0.2145921,1.897649,3.048924
22.30769,1.316477,0.2152124,1.897354,3.0479
22.32468,1.316974,0.2155978,1.897727,3.047332
22.34082,1.316483,0.2161027,1.897106,3.04679
22.35739,1.316671,0.2149324,1.897224,3.046413
22.37395,1.317053,0.2152137,1.896968,3.045678
22.39052,1.317196,0.2153076,1.896831,3.04544
22.40709,1.317292,0.2151318,1.897279,3.046128
22.42366,1.317285,0.2150903,1.897309,3.046572
22.44022,1.317378,0.2158092,1.897098,3.047338
22.45683,1.31684,0.2157161,1.897431,3.047344
22.47336,1.316926,0.2163123,1.897494,3.047985
22.48992,1.316916,0.2163717,1.89709,3.048886
22.50649,1.316422,0.2168056,1.896815,3.049587
22.52306,1.31608,0.2161272,1.897539,3.051358
22.53962,1.315639,0.2162715,1.897239,3.05235
22.55667,1.315416,0.2165064,1.897654,3.053986
22.5736,1.315516,0.2167261,1.898276,3.055992
22.5896,1.315156,0.2162371,1.898765,3.057008
22.60589,1.315841,0.2153471,1.898939,3.058826
22.62246,1.315753,0.2150337,1.899061,3.06039
22.63902,1.315753,0.2137403,1.899203,3.061474
22.65559,1.315085,0.2138761,1.899294,3.062726
22.67221,1.314375,0.21391,1.89912,3.064592
22.68872,1.312918,0.2136577,1.898423,3.065929
22.70529,1.312584,0.2137942,1.89803,3.067791
22.72185,1.311661,0.2129672,1.897744,3.06955
22.73866,1.311162,0.2123618,1.896856,3.070749
22.75499,1.310698,0.212867,1.8973,3.0715
22.77164,1.310068,0.2130014,1.897108,3.072974
22.78812,1.309187,0.2129743,1.897149,3.074106
22.80469,1.309028,0.2125454,1.897012,3.074639
22.82125,1.309139,0.2125267,1.896473,3.076119
22.83782,1.308705,0.2127512,1.896389,3.076676
22.85454,1.306952,0.2134054,1.896436,3.077231
22.87095,1.306719,0.213888,1.895989,3.077549
22.88752,1.305778,0.2144859,1.895716,3.077886
22.90409,1.305115,0.2145536,1.895617,3.078138
22.92083,1.304393,0.2141761,1.895371,3.07811
22.93722,1.303772,0.2149989,1.894587,3.078368
22.95379,1.302775,0.2149993,1.894335,3.079155
22.97035,1.301535,0.2142848,1.893996,3.079275
22.98692,1.301077,0.2140756,1.893538,3.07964
23.00349,1.300086,0.2143302,1.892147,3.079708
23.02007,1.298912,0.2146983,1.891618,3.079741
23.03662,1.297353,0.2145907,1.890825,3.080344
23.05319,1.296314,0.2150548,1.890709,3.080586
23.06976,1.295034,0.2156044,1.890345,3.080519
23.08632,1.295135,0.2156431,1.890579,3.080976
23.10289,1.29482,0.2161428,1.890212,3.081155
23.11946,1.294696,0.2158827,1.889626,3.081548
23.13617,1.294271,0.2158911,1.889105,3.082203
23.15279,1.294655,0.2160714,1.889207,3.082224
23.16934,1.295144,0.2158047,1.88878,3.083056
23.18572,1.295693,0.2160122,1.888672,3.083853
23.20229,1.296019,0.2157023,1.88856,3.084995
23.21886,1.295337,0.2156214,1.888443,3.086169
23.23542,1.293607,0.2155306,1.888429,3.086809
23.25199,1.292789,0.2153403,1.888112,3.08726
23.26856,1.292742,0.215601,1.888628,3.086992
23.28512,1.291525,0.2156913,1.888522,3.087408
23.30169,1.290745,0.2151873,1.889322,3.087774
23.31826,1.289513,0.2160216,1.889391,3.088303
23.33482,1.288485,0.2168746,1.888938,3.088552
23.35139,1.287777,0.2164033,1.889059,3.088709
23.36796,1.286687,0.2166204,1.888919,3.088609
23.38452,1.285945,0.2169993,1.888743,3.088768
23.40166,1.28567,0.2171494,1.888664,3.089242
23.41783,1.285991,0.2172611,1.888287,3.089058
23.43423,1.286742,0.2172753,1.888166,3.089174
23.45079,1.286389,0.2176602,1.888699,3.0893
23.46736,1.28593,0.2176373,1.889131,3.08938
23.48392,1.286505,0.2176888,1.889253,3.08975
23.50058,1.285578,0.218332,1.889068,3.090333
23.51706,1.283747,0.218532,1.889175,3.090586
23.53362,1.283218,0.2184227,1.8887,3.090503
23.5508,1.28195,0.2186455,1.888319,3.090714
23.56686,1.280879,0.2188096,1.888511,3.090932
23.58332,1.279905,0.2183814,1.888391,3.091099
23.60001,1.277727,0.2180941,1.888129,3.091198
23.61658,1.276388,0.2183633,1.888401,3.090729
23.63302,1.275928,0.2182773,1.888311,3.090345
23.64986,1.275091,0.2179206,1.888549,3.089697
23.66616,1.273925,0.2176031,1.888716,3.088876
23.68272,1.274244,0.2179417,1.888632,3.08704
23.69929,1.277051,0.2173679,1.88939,3.085198
23.71586,1.279683,0.2176698,1.890316,3.084893
23.73271,1.28341,0.2163469,1.891684,3.084227
23.74899,1.285031,0.2159017,1.892082,3.084615
23.76556,1.287162,0.2159159,1.894056,3.085359
23.78214,1.28985,0.2145146,1.89547,3.086305
23.79882,1.292444,0.2137145,1.896863,3.087311
23.81526,1.296363,0.2125987,1.898154,3.088255
23.83182,1.301121,0.2117535,1.898648,3.089938
23.84849,1.307734,0.2117976,1.89967,3.091359
23.86495,1.313473,0.2110004,1.900573,3.093215
23.88152,1.320937,0.2105768,1.901057,3.094756
23.89809,1.329537,0.2099215,1.902038,3.096097
23.91469,1.337037,0.2096395,1.90236,3.097118
23.93122,1.350256,0.2093994,1.903465,3.099511
23.94779,1.361724,0.2085951,1.905088,3.100141
23.96436,1.374733,0.2079552,1.908342,3.101799
23.98093,1.386257,0.2065232,1.91171,3.102701
23.99749,1.397274,0.2047546,1.915997,3.103176
24.01406,1.407273,0.2029698,1.921674,3.102736
24.03063,1.414733,0.2020381,1.927526,3.102131
24.04775,1.41796,0.2003547,1.939502,3.101513
24.06411,1.417401,0.1974626,1.952587,3.101026
24.08033,1.415079,0.1943212,1.964052,3.09947
24.09689,1.415234,0.1900122,1.979892,3.097002
24.11346,1.414943,0.1856957,1.993387,3.094461
24.13002,1.412788,0.1806627,2.011598,3.090997
24.14659,1.408995,0.1751663,2.030062,3.087432
