24.75542,6.120872E-42,0.16933,2.307371,2.909021
0.0165649,0.5167143,0.2338023,2.276372,2.653884
0.03313369,0.5162442,0.2333661,2.276514,2.652883
0.04969981,0.5153453,0.2326078,2.277289,2.652749
0.06626616,0.5147322,0.2320349,2.278173,2.65216
0.08307999,0.5121117,0.2320297,2.278131,2.652428
0.1000401,0.5092704,0.2309213,2.27813,2.652376
0.1162625,0.5070427,0.2311328,2.278344,2.652668
0.1325319,0.5043269,0.2315551,2.278578,2.653148
0.1490985,0.5018275,0.2310944,2.278741,2.653087
0.165667,0.4956023,0.2312054,2.278919,2.652933
0.1822336,0.491801,0.2313409,2.279061,2.652597
0.1988797,0.4853311,0.2320335,2.278628,2.653651
0.2153656,0.4794668,0.2317629,2.278548,2.654566
0.2319337,0.4746396,0.2315607,2.27785,2.65548
0.2485003,0.4711589,0.2310492,2.278154,2.656692
0.2650666,0.4681495,0.2309289,2.278366,2.65678
0.2818185,0.4631568,0.2296513,2.278065,2.657294
0.2990027,0.4601855,0.2285701,2.278056,2.656546
0.3149251,0.4572968,0.2281604,2.277988,2.656351
0.3315373,0.4539886,0.2272986,2.278272,2.656045
0.3534755,0.4496666,0.2272099,2.278561,2.655035
0.3705329,0.4471107,0.2269651,2.278726,2.654449
0.3866119,0.4438542,0.226555,2.278349,2.654112
0.4035854,0.440827,0.2258031,2.278538,2.653922
0.4200009,0.4378761,0.2249579,2.278463,2.653642
0.4363112,0.435278,0.2246802,2.278639,2.653507
0.4528766,0.4327943,0.2237452,2.27967,2.653011
0.4697117,0.4306705,0.2231908,2.280017,2.652312
0.4860827,0.4297288,0.2231157,2.279688,2.652329
0.5025796,0.4275069,0.2226756,2.280554,2.651161
0.5191445,0.4248987,0.2223864,2.281064,2.650472
0.5358001,0.4238229,0.2208752,2.282001,2.650393
0.5522763,0.4230172,0.2193211,2.282557,2.649173
0.5688438,0.4220979,0.2182691,2.282847,2.648121
0.5854107,0.421236,0.21681,2.282727,2.646974
0.6019778,0.4202294,0.2154555,2.282962,2.646174
0.6185434,0.41911,0.2143849,2.283117,2.645302
0.635111,0.4201262,0.21237,2.282659,2.643962
0.6516762,0.422432,0.2112421,2.282927,2.642933
0.6682428,0.4269775,0.2093979,2.282795,2.639959
0.6848113,0.4310649,0.2080199,2.283621,2.63767
0.7015793,0.4388511,0.2063214,2.284248,2.634575
0.7179443,0.4495698,0.204589,2.28477,2.631103
0.7345108,0.4616631,0.2035065,2.28537,2.628383
0.7510762,0.4763497,0.2021718,2.285741,2.624639
0.7683572,0.4865537,0.2004846,2.285656,2.622104
0.7842113,0.5002685,0.1998683,2.285988,2.617851
0.8008067,0.5073854,0.1990363,2.285592,2.614956
0.8173435,0.516299,0.1974688,2.285941,2.6134
0.8339096,0.5284745,0.1958481,2.285676,2.612371
0.8504779,0.5378088,0.1943302,2.28589,2.611543
0.8670431,0.5479987,0.1931791,2.286171,2.611026
0.8839698,0.5567573,0.1916261,2.28642,2.611172
0.9001777,0.5665217,0.1897182,2.286644,2.611006
0.9167446,0.5743759,0.1886453,2.287135,2.610864
0.9333095,0.5807741,0.1876799,2.286899,2.610765
0.9498761,0.5900232,0.1866032,2.287628,2.610083
0.9664441,0.5968946,0.1855547,2.287635,2.6095
0.983011,0.606648,0.1853094,2.288543,2.608723
0.9995776,0.6170785,0.1848594,2.289879,2.607782
1.016143,0.6248521,0.1840104,2.29104,2.606889
1.033057,0.6318033,0.1836923,2.292305,2.60619
1.049484,0.6359199,0.183551,2.293188,2.606062
1.065843,0.6421474,0.1824928,2.294168,2.605505
1.082411,0.6473365,0.1821891,2.295137,2.604574
1.098976,0.6519417,0.1813328,2.296098,2.603363
1.115545,0.6550922,0.1808885,2.296358,2.602631
1.13211,0.6576403,0.1805043,2.29675,2.601774
1.148937,0.6602595,0.1795765,2.297509,2.601814
1.165244,0.6605297,0.179625,2.298385,2.60075
1.181821,0.6624147,0.1788135,2.299495,2.599497
1.198378,0.6649595,0.1789467,2.30044,2.598421
1.214943,0.6710347,0.1793585,2.301537,2.597446
1.23151,0.6854705,0.18087,2.303305,2.595247
1.248301,0.7058074,0.1824911,2.30522,2.595236
1.264939,0.7350733,0.1822982,2.31287,2.595723
1.281374,0.7667124,0.182299,2.328663,2.594358
1.297811,0.7989687,0.1849466,2.346366,2.593858
1.314344,0.842128,0.1939224,2.371828,2.595001
1.331307,0.8819068,0.2038223,2.38908,2.595292
1.347722,0.9496595,0.2311445,2.401812,2.603757
1.364265,1.021212,0.2866929,2.401753,2.621181
1.38061,1.066358,0.3359805,2.405416,2.649606
1.397178,1.132633,0.4373719,2.425404,2.678752
1.413743,1.176988,0.5410496,2.44199,2.693604
1.430311,1.213775,0.6610473,2.461273,2.731485
1.44711,1.226385,0.7600233,2.481271,2.766944
1.463442,1.225432,0.8790007,2.514611,2.812958
1.480011,1.226103,0.9836876,2.555604,2.856658
1.49665,1.226268,1.056677,2.590864,2.888904
1.513145,1.224749,1.138551,2.634594,2.926113
1.529709,1.223049,1.197518,2.666502,2.952351
1.546275,1.216334,1.263442,2.704873,2.981376
1.562844,1.2046,1.321774,2.739219,3.003767
1.579409,1.193705,1.366623,2.764262,3.018256
1.595978,1.177069,1.420542,2.792735,3.035736
1.612542,1.162141,1.460054,2.81163,3.047396
1.629109,1.140888,1.503291,2.828266,3.05874
1.645678,1.128803,1.532746,2.835004,3.066057
1.662244,1.118699,1.567776,2.834588,3.078244
1.678811,1.112676,1.57629,2.828494,3.096747
1.695647,1.110675,1.563049,2.820611,3.119875
1.711942,1.116968,1.517902,2.803974,3.16045
1.728685,1.13002,1.467797,2.781337,3.197748
1.745078,1.151258,1.386352,2.736172,3.252185
1.761645,1.160685,1.290266,2.672329,3.31769
1.778211,1.154828,1.206051,2.61868,3.375122
1.794959,1.145318,1.094785,2.555836,3.447369
1.81151,1.136935,1.006398,2.511878,3.497525
1.827909,1.116246,0.9003145,2.465868,3.542094
1.844672,1.084131,0.8035671,2.426614,3.572842
1.861045,1.048849,0.737218,2.400646,3.593403
1.87761,1.003199,0.660368,2.372276,3.609514
1.894183,0.9674937,0.6021074,2.351342,3.616117
1.910742,0.92712,0.535363,2.325416,3.6183
1.92731,0.8956233,0.4877007,2.305568,3.618495
1.943877,0.8585876,0.434054,2.281306,3.61757
1.960444,0.8217587,0.3870947,2.259641,3.612211
1.977011,0.7969473,0.3535719,2.243905,3.607942
1.993578,0.7722769,0.317177,2.227258,3.602291
2.010142,0.7565128,0.29343,2.214938,3.595993
2.026709,0.7364534,0.2644457,2.199629,3.584903
2.043277,0.71686,0.2446396,2.187242,3.576334
2.059842,0.699962,0.2309336,2.178946,3.569845
2.076411,0.6787521,0.2180706,2.170919,3.558805
2.093206,0.6639833,0.2099714,2.166517,3.547992
2.109564,0.6556479,0.2049849,2.1645,3.527839
2.126629,0.6496956,0.2062928,2.165277,3.499214
2.142678,0.6422309,0.2090122,2.165819,3.476054
2.159244,0.6329266,0.2130725,2.166409,3.445481
2.175811,0.6271026,0.215588,2.167112,3.42102
2.19251,0.6204576,0.2181633,2.16782,3.390277
2.208942,0.6150342,0.2215396,2.169541,3.35737
2.225509,0.6121714,0.224222,2.171588,3.328951
2.242098,0.610452,0.229045,2.17478,3.291137
2.258642,0.6124206,0.2357809,2.177673,3.258836
2.275389,0.6148872,0.2436521,2.181957,3.216286
2.291776,0.617194,0.2443893,2.184309,3.184277
2.308343,0.6167425,0.2466112,2.186525,3.147765
2.324918,0.6149178,0.248237,2.189559,3.11732
2.341476,0.6149359,0.2484398,2.191656,3.095833
2.358045,0.61566,0.2503466,2.195378,3.071807
2.37461,0.6176133,0.2523272,2.199349,3.054102
2.391176,0.6209974,0.2554148,2.203115,3.033155
2.407743,0.623546,0.2584165,2.206492,3.011453
2.424311,0.6231393,0.2605838,2.207751,2.998669
2.440877,0.6218402,0.2619402,2.209481,2.985022
2.457442,0.6213382,0.2625737,2.210414,2.976116
2.474009,0.6220058,0.2644789,2.211195,2.965046
2.490575,0.6220047,0.2658244,2.213304,2.955857
2.507143,0.6226308,0.2674505,2.214654,2.948303
2.523907,0.6259493,0.2703704,2.216001,2.941753
2.540277,0.6284342,0.2708927,2.216742,2.937263
2.556844,0.6314635,0.2719142,2.217767,2.931443
2.574011,0.6340477,0.2736387,2.218657,2.925589
2.589976,0.6355953,0.2749332,2.219111,2.921789
2.606544,0.6382125,0.2767878,2.220649,2.916725
2.623111,0.6415677,0.2780033,2.221995,2.912512
2.640043,0.6475791,0.2785502,2.223392,2.907345
2.656746,0.6512895,0.2792813,2.225297,2.903626
2.672811,0.6553191,0.2805133,2.226235,2.899415
2.689376,0.6605437,0.2812622,2.227032,2.895525
2.705941,0.6650611,0.2819912,2.227629,2.892615
2.72251,0.6705624,0.2822403,2.228264,2.888573
2.739078,0.6745301,0.2828479,2.228463,2.886998
2.755644,0.6792752,0.2841659,2.228988,2.884332
2.772229,0.6827286,0.2845912,2.230269,2.880868
2.788777,0.684983,0.2846471,2.230247,2.878183
2.805658,0.6864967,0.2842721,2.231052,2.87588
2.821909,0.6863425,0.2846207,2.232078,2.873785
2.838778,0.6860114,0.2856632,2.233197,2.87069
2.855196,0.6834151,0.2865496,2.233884,2.867767
2.871962,0.6812853,0.2863716,2.235442,2.86602
2.888761,0.6768658,0.2872009,2.23582,2.864331
2.904876,0.6735018,0.2883608,2.236308,2.863525
2.92131,0.6707633,0.2883091,2.23683,2.86188
2.937876,0.6692199,0.2893763,2.237211,2.860226
2.954522,0.6675574,0.2897295,2.238196,2.857069
2.971009,0.6631166,0.2897677,2.23929,2.853519
2.98775,0.660165,0.2892296,2.240519,2.850821
3.004144,0.6581724,0.2902117,2.241293,2.845594
3.020794,0.6555054,0.2907345,2.24201,2.841511
3.037278,0.6482294,0.2908958,2.243138,2.836769
3.053842,0.6428283,0.2905036,2.243526,2.83214
3.070413,0.6384632,0.2910019,2.244268,2.829326
3.086977,0.6330296,0.2911426,2.244804,2.826622
3.103647,0.6298319,0.2913026,2.2454,2.824459
3.12011,0.6244444,0.2914096,2.24605,2.821825
3.136676,0.6202196,0.2918389,2.246203,2.820486
3.153242,0.6131946,0.2923788,2.246572,2.819626
3.169811,0.6079234,0.2928816,2.246782,2.818848
3.186377,0.6047204,0.2928506,2.246877,2.817833
3.202943,0.599268,0.2929873,2.247319,2.817283
3.21951,0.5942768,0.2922915,2.248537,2.816836
3.236339,0.590045,0.2923196,2.249296,2.816052
3.252725,0.5858089,0.2914182,2.250543,2.815779
3.269209,0.58171,0.2912555,2.251063,2.815399
3.285777,0.5778038,0.2910697,2.25206,2.814601
3.302344,0.5748883,0.2906647,2.25297,2.814074
3.31891,0.5710902,0.2900052,2.253373,2.813755
3.335477,0.5666637,0.2888918,2.253718,2.813225
3.352044,0.5630314,0.2892927,2.254439,2.813129
3.368819,0.5595123,0.2888445,2.254959,2.812412
3.385177,0.5575569,0.2887294,2.255554,2.812135
3.401743,0.5542468,0.2894827,2.255908,2.81126
3.418309,0.5508554,0.2898296,2.255921,2.810781
3.434876,0.548155,0.2904663,2.256671,2.810992
3.451442,0.5452902,0.2909483,2.257459,2.809439
3.468008,0.5441272,0.2908395,2.257751,2.808648
3.484576,0.5444008,0.291586,2.258659,2.808017
3.501144,0.5473282,0.291704,2.259104,2.807388
3.51771,0.5520042,0.2914461,2.259223,2.806901
3.534275,0.5592498,0.2931563,2.26074,2.807734
3.550841,0.563386,0.2928114,2.261528,2.808585
3.567414,0.574209,0.2927143,2.263016,2.809659
3.584157,0.5823207,0.2929852,2.263808,2.810819
3.600776,0.5918815,0.2934286,2.26583,2.811576
3.617108,0.6000662,0.2940921,2.266976,2.811619
3.633675,0.606085,0.2944698,2.268188,2.812298
3.650466,0.6122804,0.295251,2.269856,2.813412
3.666808,0.6171542,0.2952397,2.27102,2.813603
3.683376,0.6226503,0.2944736,2.271415,2.813916
3.699941,0.6273528,0.2947149,2.272628,2.813911
3.71651,0.6299506,0.2944828,2.273474,2.813462
3.733221,0.6321829,0.2949884,2.274113,2.813812
3.749643,0.6339267,0.2952723,2.274232,2.813966
3.766208,0.6353672,0.2954185,2.274508,2.814227
3.782775,0.6370457,0.2951057,2.274864,2.81459
3.799495,0.6386356,0.2943677,2.275324,2.814507
3.815908,0.6407981,0.2943245,2.275985,2.814161
3.832475,0.6418536,0.2943845,2.276154,2.813683
3.849041,0.6427307,0.2943561,2.276697,2.813146
3.865614,0.643573,0.293848,2.277076,2.812803
3.882276,0.6433428,0.2932877,2.277489,2.811867
3.899271,0.6438809,0.2932872,2.277643,2.811556
3.915834,0.6434096,0.2917631,2.278487,2.811659
3.931878,0.6403595,0.2906572,2.279283,2.811716
3.948543,0.6368681,0.289417,2.280512,2.811819
3.965009,0.6324903,0.2892343,2.281853,2.811836
3.981576,0.632797,0.288247,2.283585,2.811585
3.998317,0.6356616,0.2881571,2.285194,2.810256
4.014719,0.6402563,0.2881351,2.287012,2.810767
4.031276,0.641674,0.288058,2.287928,2.810397
4.047882,0.6420025,0.2880501,2.289077,2.808946
4.064407,0.640598,0.2874613,2.289755,2.807682
4.080976,0.6385263,0.2880441,2.290357,2.806801
4.097543,0.6347788,0.2872077,2.291154,2.80614
4.11411,0.6319103,0.2863725,2.291295,2.805436
4.130675,0.6293545,0.2854461,2.290787,2.80495
4.147241,0.6265522,0.2842391,2.29127,2.804383
4.163809,0.6233319,0.2836752,2.291382,2.804029
4.180377,0.6205753,0.2825822,2.292026,2.80346
4.19766,0.6188166,0.2819436,2.292578,2.803844
4.213508,0.6189523,0.2811562,2.293139,2.802821
4.230192,0.6176082,0.2798852,2.29307,2.803045
4.246643,0.6151297,0.2790448,2.293458,2.80264
4.263207,0.6089856,0.2786404,2.293843,2.802268
4.279776,0.602895,0.2779763,2.294164,2.80223
4.296341,0.5990875,0.2774228,2.294167,2.802233
4.313254,0.5963597,0.2768624,2.294836,2.803132
4.329621,0.5946052,0.2767673,2.295856,2.803546
4.346196,0.5939113,0.2769406,2.296715,2.80445
4.362609,0.5928978,0.277027,2.297666,2.805077
4.379177,0.5916151,0.2766253,2.298261,2.805772
4.395743,0.5917037,0.2764214,2.299043,2.806257
4.412307,0.5912061,0.2766447,2.29946,2.806504
4.428876,0.5901858,0.277038,2.300095,2.806332
4.445768,0.5892947,0.2766009,2.300382,2.805728
4.462007,0.5888377,0.2767988,2.300594,2.805458
4.478576,0.5890059,0.2771922,2.300799,2.805132
4.495158,0.588307,0.2778806,2.300695,2.803816
4.511709,0.5882102,0.2783886,2.300915,2.803078
4.528274,0.5870771,0.2783342,2.301068,2.802387
4.545772,0.586352,0.2779957,2.302048,2.801776
4.561409,0.5864794,0.2776433,2.302678,2.800999
4.578064,0.5887411,0.277668,2.303121,2.799728
4.594984,0.5902974,0.2779355,2.303636,2.798038
4.611108,0.589398,0.2784927,2.304253,2.795756
4.627804,0.5880023,0.2783834,2.30463,2.79424
4.644243,0.5855615,0.2786624,2.304396,2.791014
4.660808,0.5850671,0.2780297,2.305187,2.787472
4.677376,0.5847597,0.2776819,2.305448,2.784321
4.693942,0.5832314,0.2780271,2.306092,2.780294
4.710752,0.5850691,0.2774759,2.306644,2.776605
4.727076,0.5859172,0.2774917,2.306746,2.773854
4.743643,0.5873246,0.2781283,2.307506,2.769893
4.760231,0.5881963,0.2789168,2.308057,2.767055
4.776774,0.5898811,0.2793258,2.30947,2.763499
4.793811,0.5921626,0.279677,2.310405,2.760803
4.81079,0.5932785,0.2800054,2.31176,2.757599
4.827336,0.595966,0.2802618,2.312385,2.753966
4.843043,0.599279,0.2805227,2.313258,2.750635
4.859607,0.6033528,0.2807227,2.313945,2.746864
4.876176,0.6035504,0.2806398,2.315222,2.743482
4.892741,0.6044272,0.2808322,2.317036,2.7393
4.909307,0.6094944,0.2812713,2.318276,2.733748
4.925876,0.614432,0.2813905,2.320212,2.729586
4.942441,0.6234466,0.2820502,2.323034,2.72342
4.959071,0.631116,0.2817973,2.326127,2.718422
4.97562,0.6457622,0.281295,2.331494,2.711291
4.992141,0.6554072,0.2831583,2.337076,2.705707
5.008921,0.6694595,0.2870766,2.34738,2.70173
5.025747,0.6778662,0.2885855,2.359685,2.706726
5.041845,0.6876577,0.2849894,2.369745,2.719224
5.058736,0.7159429,0.2809466,2.37937,2.743221
5.075093,0.7511888,0.2863874,2.382266,2.769603
5.091542,0.80126,0.3227214,2.38132,2.812845
5.108109,0.8536848,0.3809317,2.374602,2.871194
5.124676,0.9071029,0.4211937,2.371841,2.925339
5.141242,1.016617,0.4653772,2.381367,2.989198
5.157809,1.112906,0.5218021,2.39209,3.030629
5.174375,1.211882,0.6033023,2.402797,3.089461
5.190942,1.271135,0.6960714,2.412299,3.148364
5.207508,1.300573,0.7696525,2.421803,3.191293
5.224076,1.332467,0.8567987,2.435153,3.237121
5.240643,1.350067,0.9231398,2.447206,3.268122
5.25721,1.354606,1.000804,2.462892,3.298858
5.273775,1.357988,1.058083,2.47576,3.318463
5.290342,1.359768,1.123071,2.491659,3.337849
5.306908,1.340108,1.177156,2.507845,3.351107
5.323476,1.317341,1.216192,2.519846,3.356689
5.340042,1.285755,1.259383,2.532547,3.361969
5.35661,1.258994,1.290442,2.539411,3.366905
5.373175,1.237852,1.325448,2.542233,3.370441
5.389755,1.238152,1.364101,2.534752,3.378282
5.40631,1.247822,1.381879,2.524122,3.390019
5.422877,1.253475,1.382794,2.506228,3.416995
5.439444,1.266937,1.360504,2.490575,3.445239
5.456243,1.290428,1.316082,2.467215,3.484465
5.473215,1.317156,1.256781,2.437813,3.526326
5.489141,1.32801,1.200247,2.4099,3.560912
5.505708,1.329274,1.122883,2.375719,3.603736
5.522277,1.327027,1.058812,2.350101,3.633732
5.538843,1.331591,0.9777727,2.319865,3.66132
5.55541,1.343618,0.8997833,2.295055,3.671723
5.572072,1.355978,0.8433106,2.279308,3.669709
5.588607,1.39193,0.7780917,2.26789,3.652634
5.60511,1.403725,0.7309632,2.260376,3.633353
5.621754,1.406601,0.6768199,2.251256,3.607665
5.638243,1.393518,0.6378665,2.243366,3.589306
5.654809,1.388815,0.5900863,2.233823,3.56931
5.671376,1.377678,0.5462474,2.224516,3.549878
5.687942,1.363067,0.5145597,2.216807,3.534398
5.704866,1.345099,0.4797123,2.207643,3.515112
5.721077,1.329046,0.4547835,2.201031,3.500461
5.737643,1.318917,0.4267368,2.193822,3.48341
5.754657,1.306492,0.3989295,2.186502,3.46135
5.770777,1.286239,0.3841319,2.182315,3.444228
5.787343,1.270092,0.367709,2.177177,3.422988
5.80391,1.258761,0.3570659,2.172895,3.407151
5.820476,1.252551,0.3444842,2.167922,3.386329
5.837043,1.252339,0.3336276,2.164543,3.366163
5.853611,1.24405,0.3249082,2.162293,3.350827
5.870177,1.236062,0.3163039,2.159991,3.330042
5.886744,1.236459,0.3110188,2.158545,3.312761
5.903311,1.230196,0.3060459,2.158194,3.290017
5.919886,1.211574,0.3012705,2.159596,3.266504
5.936443,1.206601,0.2994301,2.161662,3.245923
5.953011,1.204678,0.2978413,2.165375,3.21816
5.969725,1.21204,0.297259,2.169073,3.193965
5.986143,1.219236,0.2973552,2.174315,3.160554
6.00271,1.232902,0.2973935,2.179847,3.134664
6.019276,1.246123,0.2994736,2.187214,3.102053
6.035844,1.264163,0.3032815,2.196118,3.07006
6.052409,1.276612,0.3060551,2.202889,3.045673
6.068977,1.296191,0.3088893,2.212387,3.017166
6.085983,1.312791,0.3101815,2.219869,2.995971
6.102221,1.340277,0.3121418,2.228637,2.972525
6.118678,1.347752,0.313908,2.235676,2.95502
6.135806,1.354059,0.3185656,2.242797,2.932777
6.15181,1.347418,0.3213541,2.247479,2.915682
6.168376,1.357982,0.3234839,2.250636,2.903833
6.184942,1.376797,0.3258256,2.254784,2.888882
6.201924,1.416273,0.3278279,2.257782,2.874074
6.218184,1.446375,0.3289413,2.26033,2.863575
6.234643,1.474036,0.3310768,2.262544,2.851768
6.251209,1.497264,0.3329736,2.264546,2.842671
6.267776,1.518115,0.3345051,2.266438,2.832971
6.284344,1.527551,0.3354263,2.267994,2.826629
6.300937,1.550729,0.3372285,2.268552,2.818065
6.317476,1.55993,0.3381766,2.26903,2.809828
6.334044,1.535295,0.3389767,2.269442,2.803795
6.350608,1.488829,0.3391467,2.269794,2.796487
6.367451,1.447298,0.3395361,2.269818,2.790007
6.384151,1.383159,0.3390107,2.269553,2.782626
6.400628,1.326876,0.3379854,2.268785,2.776074
6.416877,1.28992,0.3373604,2.267504,2.771063
6.433444,1.249296,0.3363207,2.266178,2.765262
6.450038,1.218115,0.3350134,2.265179,2.761499
6.466577,1.18369,0.3337313,2.265038,2.757323
6.483143,1.158305,0.3332684,2.26476,2.754471
6.49971,1.129683,0.3330551,2.265235,2.75045
6.516277,1.09998,0.3331358,2.265473,2.746794
6.532842,1.082486,0.3330927,2.265993,2.744867
6.549409,1.064635,0.3332299,2.265993,2.742767
6.565976,1.048775,0.3339207,2.265721,2.741529
6.582543,1.037445,0.3340704,2.266211,2.741071
6.59911,1.017466,0.3340261,2.267072,2.74092
6.615675,1.00649,0.333282,2.268846,2.741953
6.632411,0.9889217,0.3325102,2.270987,2.742551
6.648808,0.9747068,0.3316577,2.273168,2.743123
6.665376,0.9596152,0.3305159,2.274732,2.743255
6.681943,0.9481628,0.3296047,2.276623,2.743078
6.69875,0.941095,0.3291027,2.277302,2.742151
6.715213,0.932207,0.3292379,2.279096,2.739552
6.731642,0.9262013,0.329043,2.279764,2.736154
6.74821,0.9262579,0.3288959,2.280379,2.730455
6.765056,0.9270775,0.3293352,2.280608,2.723294
6.781342,0.9294245,0.3291202,2.281394,2.717471
6.79791,0.9323756,0.3286712,2.28261,2.710765
6.814479,0.933628,0.3285416,2.283458,2.704942
6.831041,0.9364629,0.3278916,2.284091,2.69802
6.847609,0.9377337,0.3275858,2.284478,2.692812
6.864338,0.9457093,0.3277314,2.2854,2.684273
6.880744,0.9548136,0.3274007,2.286219,2.679469
6.897312,0.9687374,0.3280679,2.287575,2.673319
6.913877,0.9762968,0.3294789,2.28963,2.666344
6.930443,0.9810447,0.3301037,2.290546,2.661028
6.947009,0.9856912,0.3318017,2.291616,2.654915
6.963578,0.9894594,0.3327287,2.293066,2.649135
6.980143,0.9863014,0.3329808,2.293561,2.644646
6.997639,0.9788873,0.3328507,2.294189,2.640017
7.013276,0.9730318,0.3327975,2.295146,2.636283
7.029852,0.9485888,0.3327195,2.295575,2.631697
7.046409,0.9355081,0.3323099,2.296748,2.627519
7.063138,0.9266341,0.332045,2.297121,2.624919
7.07991,0.9205494,0.3320217,2.297262,2.621699
7.096109,0.9132955,0.3317898,2.297294,2.619501
7.112678,0.905501,0.3309547,2.297402,2.617028
7.129411,0.8994349,0.3299981,2.297718,2.615349
7.145808,0.8935641,0.3294161,2.298631,2.613446
7.162377,0.8882666,0.3286253,2.298824,2.611829
7.178942,0.8838686,0.3285092,2.298677,2.610763
7.195533,0.8785104,0.3278727,2.298307,2.609517
7.212075,0.8752572,0.3272434,2.29791,2.609272
7.228642,0.8745648,0.3262369,2.298206,2.609666
7.24521,0.8738859,0.3250735,2.298477,2.609713
7.261775,0.8710688,0.3232442,2.298709,2.610019
7.278343,0.8591452,0.3222036,2.298336,2.611172
7.295187,0.8511875,0.3204948,2.298844,2.611911
7.311475,0.8422707,0.3189956,2.299871,2.613054
7.328042,0.8345261,0.3179809,2.301037,2.616004
7.344699,0.8277419,0.3162184,2.301483,2.61761
7.361175,0.8196119,0.3147576,2.30242,2.620217
7.378379,0.8138953,0.3133387,2.30329,2.62276
7.39431,0.812856,0.311711,2.304229,2.625504
7.410874,0.8123874,0.3103566,2.304753,2.627278
7.427442,0.8227623,0.3091514,2.304499,2.628737
7.444839,0.8330898,0.3078586,2.304976,2.630602
7.460575,0.8384535,0.3066662,2.306143,2.63198
7.477144,0.8405378,0.3037386,2.307245,2.633413
7.49371,0.8413848,0.3018804,2.307852,2.634451
7.510277,0.843371,0.300459,2.307855,2.636666
7.527148,0.8378278,0.2987077,2.308158,2.637693
7.543708,0.8334977,0.2974089,2.308087,2.639113
7.559977,0.8281332,0.2969016,2.308092,2.64036
7.576543,0.8228681,0.2961015,2.308311,2.641466
7.593109,0.8089513,0.2949395,2.307967,2.642937
7.609675,0.7876185,0.2942333,2.307715,2.644491
7.626242,0.7724065,0.2940387,2.307695,2.645123
7.642959,0.7530404,0.2928165,2.307558,2.646195
7.659496,0.7415119,0.2913286,2.307838,2.647188
7.676015,0.7279845,0.2897368,2.307543,2.648732
7.692604,0.7160859,0.2880875,2.307325,2.649785
7.709155,0.7070588,0.286586,2.30735,2.64981
7.725643,0.6969864,0.2856556,2.307159,2.65041
7.74221,0.6881294,0.2847246,2.307194,2.650927
7.758785,0.6770833,0.2837749,2.307008,2.651344
7.775342,0.6702355,0.2830419,2.306778,2.651781
7.791909,0.6593987,0.2823466,2.306951,2.652377
7.808476,0.6498421,0.2814419,2.307082,2.652906
7.825043,0.6429693,0.2809849,2.307416,2.653429
7.84161,0.6349387,0.2802892,2.307781,2.654939
7.858177,0.6300842,0.2793651,2.307745,2.655519
7.874829,0.6269814,0.2782899,2.306942,2.656426
7.891311,0.6220654,0.2771188,2.306484,2.656931
7.907877,0.6186523,0.2765845,2.306596,2.656992
7.924444,0.6189193,0.2759199,2.306246,2.657417
7.94101,0.6199165,0.2752409,2.306077,2.657995
7.957841,0.6178818,0.2747828,2.306357,2.658288
7.974144,0.6158044,0.2742164,2.306219,2.659066
7.99071,0.6152673,0.2730642,2.306196,2.659754
8.007424,0.6132487,0.272013,2.306832,2.660626
8.02398,0.6114118,0.2712082,2.307195,2.660554
8.040545,0.6106468,0.2707381,2.307291,2.661015
8.056974,0.6097243,0.2691868,2.307383,2.661411
8.073594,0.6083179,0.2672772,2.308256,2.661549
8.090111,0.6071519,0.2656581,2.307945,2.661604
8.106677,0.6069047,0.2647091,2.308746,2.661702
8.123243,0.6056556,0.2632045,2.310036,2.662027
8.139809,0.6058801,0.2622637,2.311179,2.661795
8.156376,0.6093303,0.2610706,2.312143,2.662124
8.172942,0.6134145,0.2606371,2.313252,2.661533
8.189508,0.6184582,0.2605556,2.314027,2.660783
8.206076,0.6274429,0.2601594,2.314597,2.660656
8.222643,0.635457,0.2595678,2.314943,2.661154
8.239209,0.6463128,0.25879,2.315118,2.660118
8.255776,0.657535,0.2583954,2.315816,2.658954
8.272343,0.6667118,0.2585795,2.316296,2.658791
8.28891,0.6787776,0.2582236,2.316554,2.658371
8.305476,0.6878293,0.2578625,2.316958,2.658267
8.322043,0.6969286,0.2567518,2.31654,2.658786
8.33861,0.7062099,0.2559945,2.317219,2.658651
8.355177,0.716343,0.2560038,2.317878,2.657711
8.371929,0.726375,0.2553002,2.31795,2.657794
8.388309,0.7302058,0.2552655,2.318467,2.658621
8.404878,0.7332764,0.2548471,2.318393,2.658525
8.421442,0.7355949,0.2544361,2.31862,2.658442
8.438064,0.7366653,0.2550744,2.318778,2.658621
8.454576,0.7376845,0.2552562,2.318951,2.659106
8.471143,0.7382152,0.2546361,2.318771,2.659209
8.488235,0.7404361,0.2542635,2.318945,2.659595
8.504281,0.7415681,0.2537916,2.319348,2.659941
8.520844,0.7438976,0.2530076,2.320022,2.65995
8.537411,0.7452728,0.252574,2.320567,2.660804
8.553977,0.7461145,0.2513793,2.321075,2.661559
8.570542,0.7461158,0.2509106,2.32207,2.662769
8.58711,0.7451143,0.2505234,2.321859,2.663016
8.603677,0.7435358,0.2504322,2.321604,2.663172
8.620243,0.7408276,0.2501089,2.321694,2.663955
8.63681,0.7389885,0.2498197,2.321728,2.664535
8.653376,0.7357584,0.2504452,2.320945,2.665024
8.669943,0.7328215,0.2503764,2.320563,2.665312
8.686511,0.7309924,0.2500409,2.320492,2.665127
8.7033,0.7294315,0.2500362,2.320717,2.665095
8.719644,0.7278168,0.2500565,2.320882,2.665239
8.736209,0.7264566,0.25004,2.320757,2.665346
8.752776,0.7254422,0.2500354,2.32067,2.665307
8.769342,0.7228879,0.2502773,2.320293,2.665234
8.785909,0.7234305,0.2505365,2.319968,2.665781
8.802541,0.7240585,0.2504607,2.319416,2.666103
8.819042,0.7243418,0.2503779,2.318943,2.666071
8.835611,0.7252908,0.2503608,2.318764,2.666231
8.852176,0.7268127,0.2506008,2.318956,2.66535
8.868742,0.7265872,0.2513967,2.318785,2.66501
8.88531,0.7256733,0.2511994,2.318666,2.664594
8.901876,0.7240248,0.2513554,2.318563,2.663662
8.918444,0.7238454,0.2506089,2.318454,2.663516
8.935084,0.7222149,0.2508229,2.318373,2.662429
8.951576,0.7222609,0.2504809,2.318269,2.661577
8.968143,0.7250922,0.2503785,2.318213,2.660506
8.98471,0.7271025,0.2500613,2.317818,2.659892
9.001278,0.7295156,0.2506182,2.317853,2.659094
9.017843,0.7321355,0.2511304,2.317582,2.657775
9.03441,0.7361879,0.2515917,2.317577,2.657166
9.050976,0.7386702,0.2513669,2.318476,2.655853
9.067544,0.7417074,0.2512188,2.318933,2.654608
9.08411,0.7497364,0.2513377,2.319374,2.653375
9.100677,0.7556899,0.251431,2.32031,2.651177
9.117245,0.7622985,0.2512668,2.322287,2.647883
9.134503,0.7693264,0.253325,2.327789,2.642345
9.150773,0.7696691,0.2543639,2.33294,2.640338
9.167339,0.7695261,0.2551257,2.341899,2.637465
9.183967,0.7745433,0.2561315,2.355843,2.635023
9.200077,0.7797136,0.2574395,2.369546,2.633274
9.216678,0.7911241,0.2566025,2.388309,2.631433
9.233902,0.7955666,0.2526865,2.40195,2.631569
9.250205,0.8053715,0.2564871,2.409492,2.638779
9.266833,0.8349223,0.2789792,2.411516,2.648643
9.28291,0.8648086,0.3153767,2.412489,2.662951
9.299546,0.9397662,0.3650542,2.412755,2.694154
9.316044,1.030636,0.4133372,2.424384,2.728963
9.332611,1.149103,0.548899,2.453542,2.753845
9.349175,1.242656,0.6569029,2.479862,2.785158
9.365744,1.317218,0.7882549,2.517552,2.835311
9.382311,1.351079,0.9032786,2.556126,2.881794
9.398878,1.369882,0.9785306,2.586985,2.916874
9.415443,1.3825,1.051854,2.621615,2.954584
9.432013,1.38126,1.103586,2.646665,2.979568
9.449075,1.365999,1.163311,2.672291,3.005057
9.465255,1.349254,1.217097,2.69457,3.025498
9.481711,1.335301,1.255284,2.710105,3.039461
9.498277,1.317309,1.298056,2.727898,3.052834
9.514844,1.303528,1.334778,2.744291,3.062827
9.531411,1.292362,1.365737,2.75812,3.068318
9.547976,1.283956,1.390928,2.768814,3.070508
9.565245,1.288838,1.406298,2.773794,3.071049
9.581113,1.28075,1.419183,2.773172,3.074378
9.597679,1.287481,1.422366,2.767303,3.083422
9.614244,1.299098,1.409916,2.753171,3.108017
9.630814,1.316485,1.384577,2.736105,3.137564
9.647686,1.352873,1.327953,2.705105,3.181316
9.663964,1.401197,1.252214,2.660924,3.232458
9.680512,1.423448,1.183914,2.617698,3.281313
9.697651,1.431616,1.092966,2.556602,3.350247
9.713895,1.426581,1.016497,2.508215,3.409371
9.730209,1.406361,0.9181826,2.452834,3.480136
9.746776,1.378724,0.8219848,2.410405,3.539328
9.763342,1.35825,0.7506039,2.380218,3.572644
9.779912,1.348361,0.668541,2.345692,3.598947
9.796481,1.339672,0.6078786,2.316918,3.612806
9.813046,1.32826,0.5409101,2.282585,3.626759
9.829614,1.320499,0.4908906,2.259347,3.633696
9.846179,1.314736,0.4322208,2.234012,3.638251
9.862743,1.309477,0.3810514,2.211382,3.637273
9.879312,1.305751,0.3356887,2.192822,3.634302
9.895876,1.308073,0.2959307,2.176884,3.633421
9.912443,1.310313,0.2617633,2.163198,3.631491
9.929009,1.307314,0.2386368,2.153363,3.627844
9.945768,1.311078,0.214583,2.143,3.621334
9.962265,1.325997,0.1979814,2.136647,3.612278
9.978967,1.339687,0.1816064,2.130631,3.596878
9.995276,1.346675,0.1716808,2.127117,3.58056
10.01184,1.396525,0.1627026,2.123286,3.555541
10.02922,1.434997,0.1549244,2.119141,3.534151
10.04498,1.438773,0.1497712,2.11638,3.521939
10.06155,1.441702,0.1433143,2.11464,3.506965
10.07811,1.446437,0.1380458,2.113533,3.494696
10.09468,1.468448,0.1341183,2.113059,3.48071
10.11134,1.488188,0.130412,2.113757,3.465584
10.12785,1.510298,0.1286616,2.114747,3.44998
10.14438,1.528278,0.1271552,2.117141,3.426155
10.16095,1.538155,0.1274815,2.118042,3.405332
10.17751,1.525959,0.1286844,2.120049,3.37969
10.19413,1.518649,0.1296823,2.122055,3.360199
10.21064,1.514159,0.1311743,2.125437,3.334982
10.22721,1.508139,0.1340993,2.129507,3.309903
10.24378,1.515965,0.136497,2.132158,3.288924
10.26034,1.534032,0.1395666,2.137108,3.254739
10.27691,1.536317,0.1427575,2.139734,3.231528
10.29374,1.545596,0.1474454,2.141766,3.205011
10.31032,1.542768,0.1520442,2.144042,3.178816
10.32704,1.530663,0.1552422,2.146738,3.157704
10.34321,1.528754,0.1579013,2.149724,3.12999
10.36019,1.528906,0.1615833,2.15205,3.106706
10.37631,1.527365,0.1670274,2.155142,3.075476
10.39335,1.525521,0.1728501,2.156967,3.044993
10.40944,1.516631,0.1762467,2.158753,3.022
10.42601,1.489764,0.1804329,2.160642,2.995999
10.44258,1.454666,0.1821126,2.162863,2.976384
10.45915,1.420411,0.1857611,2.165283,2.95371
10.47571,1.398948,0.1876944,2.167245,2.937808
10.49228,1.377308,0.1900061,2.17046,2.918906
10.50885,1.358185,0.1922745,2.17322,2.902108
10.52591,1.343984,0.1945728,2.175145,2.890087
10.54198,1.327864,0.1978648,2.177243,2.877361
10.55875,1.317503,0.1995478,2.179263,2.868787
10.57547,1.307701,0.2018192,2.180498,2.859609
10.59168,1.297273,0.2046876,2.181548,2.852035
10.60825,1.289848,0.2061617,2.182518,2.846922
10.62481,1.280793,0.2075433,2.183575,2.841972
10.64152,1.272727,0.2084298,2.184482,2.837738
10.65817,1.264978,0.209191,2.184714,2.835567
10.67484,1.257751,0.2087577,2.185461,2.833368
10.6914,1.253977,0.2088562,2.185981,2.831534
10.70778,1.246583,0.2092572,2.185949,2.830469
10.72421,1.240366,0.2096162,2.186414,2.829551
10.74105,1.232916,0.2099442,2.18662,2.829614
10.75756,1.228283,0.2105087,2.186558,2.829129
10.77394,1.224174,0.2113236,2.186671,2.829229
10.79097,1.220715,0.2119932,2.187432,2.829604
10.80704,1.219186,0.2126378,2.188309,2.829349
10.82361,1.216193,0.2122734,2.18883,2.829441
10.84018,1.214336,0.2117216,2.189837,2.829223
10.85675,1.212585,0.2123345,2.190982,2.829333
10.87331,1.209959,0.2128518,2.192256,2.829718
10.88988,1.20707,0.2128419,2.19228,2.82975
10.90645,1.204358,0.2135621,2.19337,2.830341
10.92301,1.20129,0.2140183,2.193284,2.830302
10.93988,1.197974,0.2134681,2.194232,2.831416
10.95615,1.194878,0.2132265,2.194756,2.832629
10.97271,1.192342,0.2140035,2.195931,2.833183
10.98928,1.188338,0.2134546,2.197918,2.833598
11.00585,1.184027,0.21271,2.199086,2.833355
11.02255,1.179528,0.2125579,2.199806,2.833703
11.03898,1.175108,0.2119055,2.200955,2.833771
11.05766,1.171355,0.2116869,2.201401,2.833913
11.07423,1.172576,0.2114486,2.202342,2.834234
11.09079,1.167427,0.2112825,2.202947,2.835195
11.10736,1.17416,0.2113759,2.203403,2.835317
11.12393,1.187404,0.2115091,2.203887,2.834707
11.14081,1.200759,0.2118348,2.205024,2.834324
11.15706,1.207663,0.2112846,2.205966,2.834296
11.174,1.210775,0.2113764,2.207409,2.833689
11.19019,1.209328,0.211447,2.207767,2.833715
11.20676,1.206837,0.2115082,2.208639,2.833464
11.22333,1.204905,0.2116262,2.20966,2.833067
11.23989,1.199554,0.2122525,2.210829,2.832634
11.25669,1.191823,0.2119851,2.211864,2.832914
11.27343,1.182833,0.2125351,2.213279,2.833102
11.28988,1.175317,0.2125181,2.214624,2.833029
11.30677,1.168302,0.2130095,2.215392,2.832875
11.32273,1.141085,0.2122933,2.216882,2.833342
11.33929,1.118284,0.212339,2.217831,2.833258
11.35586,1.095076,0.2122908,2.218376,2.833911
11.37243,1.079873,0.2117281,2.218554,2.834044
11.38899,1.061236,0.2112183,2.219349,2.833755
11.40556,1.042894,0.2113023,2.220572,2.83349
11.42213,1.029071,0.2105619,2.22108,2.83309
11.43869,1.014511,0.2096259,2.222049,2.833226
11.45529,1.00367,0.2088128,2.221823,2.833447
11.47182,0.9918668,0.2081326,2.222131,2.834647
11.48839,0.9801211,0.2077907,2.222742,2.834705
11.50496,0.9688202,0.2066902,2.223767,2.835153
11.52153,0.9551258,0.2051885,2.224648,2.83612
11.53809,0.9436404,0.2040195,2.22497,2.836574
11.55468,0.9332516,0.2027913,2.226093,2.837146
11.57123,0.9251381,0.201832,2.227218,2.837276
11.58779,0.9199604,0.201639,2.228684,2.837288
11.60436,0.9126199,0.2008332,2.229983,2.837671
11.62092,0.9068491,0.1998815,2.230841,2.837656
11.63749,0.9013697,0.1979036,2.231553,2.837987
11.65406,0.8972238,0.1961409,2.231931,2.838518
11.67062,0.893087,0.1938692,2.233328,2.839027
11.68719,0.8898257,0.1921928,2.234818,2.839164
11.70397,0.8887507,0.1907942,2.235687,2.839542
11.72054,0.8812138,0.1898688,2.235988,2.840173
11.73689,0.8747041,0.18901,2.236449,2.840153
11.7539,0.8644336,0.1880195,2.23695,2.840148
11.77002,0.85421,0.1871604,2.237647,2.839553
11.78699,0.8470654,0.1866563,2.237617,2.839605
11.80356,0.8421455,0.1848599,2.23738,2.838796
11.81972,0.8381937,0.1845847,2.237972,2.838078
11.83629,0.8341426,0.1845018,2.237984,2.837237
11.85286,0.8305262,0.1836677,2.238215,2.837263
11.86955,0.825666,0.1820369,2.238194,2.836793
11.88599,0.8194893,0.1809275,2.23761,2.836981
11.90295,0.8150663,0.1793925,2.237408,2.837407
11.91923,0.8113355,0.1783152,2.237705,2.837431
11.93569,0.8071494,0.1757456,2.237208,2.838358
11.95226,0.8006675,0.1729652,2.237602,2.839729
11.96905,0.7983461,0.1702943,2.237667,2.841446
11.98539,0.7973887,0.1688222,2.237935,2.843283
12.00196,0.7960717,0.166437,2.238227,2.844814
12.01852,0.7951015,0.1645344,2.238156,2.845683
12.03509,0.7937975,0.1618989,2.238126,2.847157
12.05166,0.7901534,0.1594045,2.238108,2.848141
12.06822,0.7878417,0.1577438,2.238052,2.848072
12.08495,0.7839254,0.1569408,2.238036,2.847761
12.10136,0.781472,0.1553148,2.238261,2.847171
12.11792,0.7784477,0.1537169,2.238233,2.846158
12.13449,0.7774782,0.1521345,2.237845,2.845734
12.15106,0.7750264,0.1509859,2.237549,2.844941
12.16762,0.7720394,0.1505728,2.237895,2.843131
12.18442,0.7703846,0.1493423,2.238137,2.841624
12.20076,0.76807,0.1485619,2.2381,2.840264
12.21732,0.7657151,0.1475886,2.238318,2.838787
12.23389,0.7640604,0.1462165,2.238273,2.837811
12.25046,0.762305,0.1444651,2.237952,2.836708
12.26702,0.7597558,0.1425058,2.23763,2.835647
12.28359,0.7578039,0.1412963,2.236844,2.835115
12.30016,0.7566177,0.1403005,2.237206,2.834246
12.31672,0.7541082,0.1388711,2.236781,2.833237
12.33329,0.7532368,0.1370531,2.236971,2.831376
12.34986,0.752557,0.1353702,2.237609,2.830636
12.36646,0.7519302,0.1349198,2.237947,2.830007
12.38313,0.7508442,0.1340732,2.239056,2.82915
12.39956,0.7484033,0.1323939,2.239189,2.828697
12.41612,0.7477818,0.1309086,2.239303,2.828024
12.43273,0.7463331,0.1293751,2.239674,2.827395
12.44926,0.7457033,0.1271946,2.240328,2.82635
12.46584,0.745349,0.1252228,2.241146,2.826196
12.48239,0.7451844,0.1222245,2.242123,2.825611
12.49896,0.7443078,0.1202662,2.242162,2.824968
12.51552,0.7451119,0.1171122,2.242687,2.823966
12.53213,0.7441242,0.1158163,2.243721,2.823397
12.54884,0.7427691,0.1143107,2.244441,2.822725
12.56522,0.7409399,0.1131719,2.245783,2.821492
12.58179,0.7394112,0.1122348,2.246275,2.821304
12.59836,0.7378342,0.1116453,2.247067,2.82112
12.61492,0.7370365,0.1108481,2.248055,2.819549
12.63149,0.7382325,0.1104508,2.249134,2.81901
12.64806,0.7379007,0.1098133,2.249821,2.818037
12.66462,0.7390147,0.1083969,2.250441,2.817124
12.6813,0.7392294,0.1078348,2.251747,2.8162
12.69795,0.7399374,0.1072928,2.252622,2.815598
12.71463,0.7399359,0.1064563,2.253742,2.815256
12.73089,0.7399362,0.104971,2.254061,2.814513
12.74746,0.7405173,0.1047002,2.254143,2.814004
12.76402,0.740736,0.104901,2.254688,2.813738
12.78059,0.7409077,0.1040566,2.255297,2.813583
12.79746,0.7405057,0.1040396,2.255961,2.813077
12.81372,0.7401605,0.1037689,2.256266,2.812625
12.83029,0.7395511,0.1036282,2.256394,2.812324
12.84706,0.7398877,0.1033812,2.256322,2.812261
12.8636,0.7399006,0.1038494,2.256444,2.812002
12.88005,0.7407541,0.1038712,2.25668,2.811702
12.89685,0.7420603,0.1041463,2.257432,2.811727
12.91312,0.74238,0.1039617,2.257161,2.81182
12.92969,0.7431741,0.1045581,2.257297,2.812975
12.94625,0.7436833,0.1043175,2.257607,2.813781
12.96299,0.7440363,0.1048293,2.257371,2.814933
12.97939,0.7444466,0.1048663,2.257399,2.816644
12.99596,0.7463088,0.1047527,2.257193,2.817992
13.01252,0.7490815,0.1052029,2.257033,2.819688
13.02909,0.7508723,0.1060183,2.256217,2.820897
13.0457,0.751554,0.1057247,2.256461,2.821883
13.06222,0.7512692,0.1064221,2.256247,2.822366
13.07879,0.7505681,0.1068325,2.256104,2.822959
13.09573,0.7488183,0.1064411,2.256654,2.823115
13.11215,0.7478679,0.1071321,2.256199,2.822457
13.12849,0.7484347,0.1072463,2.257002,2.821245
13.14511,0.7495137,0.1081444,2.257611,2.820255
13.16162,0.7546769,0.1098192,2.259652,2.817934
13.17819,0.7630999,0.1112664,2.262552,2.814809
13.19475,0.7720699,0.1131153,2.263963,2.811945
13.21132,0.790399,0.1143878,2.26735,2.807716
13.22789,0.8035181,0.1153139,2.270513,2.803664
13.24445,0.8174397,0.1170885,2.274678,2.798317
13.26102,0.8396079,0.1192209,2.279668,2.791791
13.27759,0.8509932,0.1201751,2.284576,2.785824
13.29431,0.8581818,0.1215191,2.289889,2.777638
13.31087,0.8678926,0.122748,2.294243,2.770727
13.32747,0.8702507,0.1231992,2.302445,2.761883
13.34385,0.8659336,0.1245616,2.313679,2.756205
13.36042,0.8626474,0.127615,2.332132,2.748231
13.37699,0.8586278,0.1273519,2.346822,2.742565
13.39355,0.850652,0.125653,2.355728,2.737913
13.41012,0.8427176,0.1399429,2.355707,2.740931
13.42669,0.843914,0.1771653,2.352141,2.751261
13.44387,0.869495,0.2646338,2.343467,2.792682
13.46016,0.9091299,0.3479599,2.356651,2.829432
13.47697,0.9644165,0.4674153,2.380655,2.846252
13.4932,1.005671,0.6157684,2.424861,2.890901
13.50952,1.010624,0.7295663,2.467424,2.934729
13.52609,0.9996877,0.8611076,2.526418,2.990961
13.54265,0.9991019,0.9684405,2.586924,3.043967
13.55922,1.011726,1.032187,2.633477,3.083104
13.57583,1.019769,1.100277,2.687258,3.127879
13.59235,1.027199,1.148439,2.724835,3.160267
13.60892,1.02834,1.203188,2.762259,3.194115
13.62562,1.02246,1.245325,2.784034,3.215719
13.64205,1.015726,1.298322,2.800569,3.237241
13.65862,1.028934,1.347985,2.802312,3.255756
13.67519,1.045732,1.377361,2.791909,3.275257
13.69176,1.07048,1.388605,2.768865,3.312614
13.70832,1.098342,1.370458,2.742225,3.353158
13.72489,1.132779,1.31076,2.699376,3.40933
13.74146,1.163755,1.221516,2.649283,3.46862
13.75802,1.179271,1.135419,2.609457,3.517299
13.77479,1.187063,1.020013,2.564029,3.577337
13.79115,1.199656,0.9293498,2.531449,3.619776
13.80782,1.211535,0.8016018,2.4994,3.66123
13.8248,1.211136,0.7064019,2.481642,3.670782
13.84087,1.210562,0.6379727,2.465369,3.669484
13.85742,1.212829,0.5633704,2.445373,3.659256
13.87399,1.209928,0.5104923,2.430965,3.644368
13.89065,1.211399,0.4516387,2.414143,3.616687
13.90712,1.18942,0.4028628,2.396288,3.580622
13.92392,1.166537,0.3715635,2.382375,3.551256
13.94029,1.139303,0.3385692,2.365644,3.515155
13.95682,1.121295,0.3157919,2.353235,3.487564
13.97382,1.101908,0.2898712,2.338351,3.4551
13.98995,1.088815,0.2715505,2.32677,3.4304
14.00652,1.076302,0.2509723,2.31393,3.400618
14.02309,1.065318,0.2350301,2.299214,3.372243
14.04019,1.070309,0.2252673,2.28696,3.3493
14.05622,1.097861,0.2173057,2.269812,3.323706
14.07279,1.125655,0.2130093,2.25576,3.306057
14.08936,1.17464,0.2066685,2.239673,3.283986
14.10599,1.208634,0.2000671,2.224471,3.259895
14.12249,1.220962,0.1954711,2.213634,3.237777
14.13908,1.230749,0.1910512,2.202966,3.207809
14.15562,1.242664,0.1889452,2.196035,3.181934
14.1722,1.256518,0.1888197,2.18841,3.148553
14.18876,1.295326,0.1918095,2.182585,3.112246
14.20532,1.320524,0.1947694,2.179995,3.088465
14.22189,1.353123,0.1997719,2.178043,3.058664
14.23846,1.375594,0.2061245,2.17683,3.034985
14.25504,1.411702,0.2145998,2.176165,3.006027
14.27159,1.438293,0.2232908,2.176416,2.978874
14.28823,1.456534,0.2300867,2.177127,2.958039
14.30472,1.476809,0.2382848,2.17868,2.932015
14.32133,1.49431,0.2445079,2.179978,2.911984
14.33786,1.517252,0.2499733,2.181968,2.88732
14.35442,1.523073,0.2488555,2.183736,2.867245
14.37115,1.550291,0.2476045,2.186607,2.842746
14.3876,1.577142,0.2468045,2.189629,2.82056
14.40412,1.58349,0.2460417,2.19111,2.804728
14.42069,1.608425,0.2446227,2.193257,2.786826
14.43726,1.617482,0.2443924,2.195769,2.773407
14.45398,1.625328,0.2445846,2.198652,2.758234
14.47039,1.612664,0.2440587,2.201392,2.747266
14.48699,1.596439,0.243502,2.20373,2.735212
14.50352,1.587695,0.2421512,2.206868,2.724313
14.52009,1.588293,0.2407487,2.208374,2.717527
14.53666,1.586831,0.2397958,2.209443,2.710257
14.55323,1.565206,0.2375899,2.21066,2.704861
14.56979,1.546475,0.2362605,2.211389,2.701357
14.58636,1.52973,0.2339635,2.211466,2.698331
14.60293,1.51567,0.2320795,2.210707,2.696502
14.61949,1.499614,0.2300821,2.209152,2.696149
14.63606,1.481322,0.2283608,2.208667,2.697164
14.65319,1.476221,0.2260842,2.20716,2.698129
14.6695,1.460858,0.2249424,2.205302,2.699806
14.68624,1.444879,0.2237845,2.204111,2.701558
14.70232,1.418411,0.2206984,2.202648,2.705328
14.71889,1.398228,0.2191712,2.201762,2.708167
14.73597,1.375875,0.2181412,2.200631,2.711833
14.75246,1.354994,0.2164263,2.199986,2.7147
14.76859,1.340074,0.2154156,2.199988,2.717046
14.78516,1.326211,0.2140768,2.199989,2.720305
14.80172,1.315757,0.2133176,2.19999,2.722564
14.81829,1.305012,0.2122844,2.199726,2.723915
14.83486,1.296654,0.2117401,2.199466,2.725443
14.85143,1.288103,0.211802,2.199542,2.728356
14.86802,1.278209,0.2112651,2.199024,2.730275
14.88456,1.274452,0.2105558,2.198854,2.731964
14.90112,1.269894,0.209895,2.199016,2.73339
14.91769,1.266191,0.209607,2.199129,2.735569
14.93426,1.260479,0.2093742,2.199564,2.737706
14.95082,1.258177,0.2085804,2.19936,2.740008
14.96739,1.256957,0.2079138,2.200581,2.741719
14.98396,1.254279,0.2070702,2.201646,2.742889
15.00066,1.252941,0.207124,2.202313,2.743978
15.01709,1.250291,0.2075393,2.203134,2.745385
15.03366,1.249677,0.2084602,2.203547,2.746037
15.05085,1.251453,0.2083283,2.204014,2.747339
15.06679,1.252994,0.2091383,2.204594,2.748562
15.08336,1.254045,0.2089633,2.204932,2.749309
15.09993,1.25457,0.2082709,2.204809,2.750529
15.11649,1.252495,0.2076681,2.204986,2.751567
15.13306,1.250197,0.2067885,2.205561,2.752552
15.14985,1.246762,0.2055557,2.205632,2.75333
15.16619,1.244318,0.2040184,2.206133,2.753821
15.18302,1.242879,0.2028775,2.20638,2.754155
15.19933,1.242505,0.2011271,2.206495,2.754825
15.21589,1.242356,0.1989298,2.206717,2.755822
15.23246,1.234532,0.1979339,2.206589,2.756412
15.24934,1.229655,0.1964506,2.206398,2.756541
15.26602,1.229011,0.1952571,2.206334,2.757313
15.28216,1.230562,0.194363,2.20589,2.757912
15.29872,1.232992,0.1928996,2.205905,2.758208
15.31529,1.231055,0.1904712,2.205766,2.759065
15.33186,1.230078,0.1895611,2.20597,2.759454
15.34845,1.226873,0.1882192,2.206539,2.759814
15.3652,1.223509,0.1858471,2.20721,2.759835
15.38156,1.21589,0.183865,2.207313,2.75985
15.39812,1.206771,0.1798773,2.207427,2.760153
15.41472,1.196208,0.1770149,2.207978,2.760136
15.43166,1.185485,0.1723685,2.207999,2.760656
15.44783,1.175396,0.169494,2.207954,2.761154
15.46468,1.160422,0.1650534,2.208243,2.761
15.48096,1.147156,0.1627447,2.208745,2.761159
15.49782,1.134852,0.1592406,2.209504,2.760969
15.51409,1.124946,0.1559493,2.210987,2.760275
15.53066,1.12265,0.1526902,2.212021,2.759644
15.54722,1.121419,0.1491944,2.213148,2.758829
15.56421,1.125032,0.1467104,2.214508,2.757807
15.58036,1.126882,0.1437759,2.215883,2.755592
15.59693,1.131304,0.1395784,2.21792,2.752251
15.61408,1.138593,0.1367503,2.220744,2.748533
15.63006,1.143364,0.1337931,2.224894,2.742799
15.64663,1.147292,0.1310554,2.228065,2.737299
15.66319,1.155312,0.1280547,2.232004,2.730026
15.67976,1.163881,0.1267014,2.237211,2.720258
15.69632,1.168033,0.1253766,2.240099,2.71392
15.71289,1.16987,0.1237613,2.242328,2.706029
15.72946,1.16902,0.1215918,2.244055,2.700749
15.74603,1.168637,0.1188501,2.245434,2.695002
15.76259,1.173891,0.115879,2.246079,2.690057
15.77916,1.179762,0.1131665,2.245947,2.687765
15.79572,1.190302,0.1098767,2.244242,2.686102
15.81229,1.19565,0.107006,2.242317,2.685402
15.82886,1.208694,0.1034303,2.238847,2.686617
15.84542,1.218858,0.1001604,2.236094,2.688743
15.86199,1.228608,0.09561752,2.232408,2.691746
15.87856,1.236116,0.09139095,2.228952,2.695446
15.89512,1.23652,0.08779018,2.226496,2.698271
15.91169,1.230916,0.08329057,2.224165,2.701306
15.92826,1.225641,0.08002798,2.221984,2.703724
15.94482,1.219826,0.07691643,2.22,2.705997
15.96139,1.215613,0.07340506,2.218587,2.708275
15.97796,1.214396,0.07128488,2.217046,2.709029
15.99452,1.211437,0.06796958,2.217181,2.71057
16.01109,1.206719,0.06562606,2.217522,2.711952
16.02766,1.201523,0.06311864,2.219302,2.712232
16.04423,1.200201,0.0615961,2.222267,2.71254
16.06079,1.19801,0.05797226,2.22749,2.710985
16.07801,1.199978,0.05542466,2.231783,2.710546
16.09392,1.202521,0.05336434,2.234746,2.709619
16.11049,1.206697,0.05147642,2.238013,2.708534
16.12784,1.215062,0.04986899,2.240253,2.707855
16.14363,1.220819,0.04793545,2.242487,2.707318
16.16069,1.230138,0.04509358,2.24384,2.707098
16.17681,1.233316,0.04307996,2.244273,2.707713
16.19333,1.239381,0.03981956,2.244534,2.708336
16.20989,1.242876,0.03752838,2.245161,2.708818
16.22646,1.246707,0.03475222,2.245545,2.710106
16.24303,1.248003,0.03209443,2.245892,2.710956
16.25984,1.249088,0.02956877,2.244951,2.711429
16.27616,1.252914,0.02621337,2.244809,2.711509
16.29281,1.25514,0.02320651,2.244557,2.711627
16.30929,1.256631,0.02079302,2.244735,2.711406
16.32618,1.256718,0.01869891,2.244183,2.711518
16.34243,1.257181,0.01633966,2.245004,2.712468
16.35899,1.25817,0.01403142,2.245162,2.712693
16.37571,1.257727,0.01242192,2.245144,2.713214
16.39212,1.249871,0.01066712,2.244957,2.713916
16.40869,1.242121,0.009443526,2.245235,2.714888
16.42526,1.231752,0.007866193,2.244643,2.716007
16.44182,1.225298,0.006754967,2.243987,2.716837
16.45855,1.219237,0.005980124,2.24323,2.717491
16.47496,1.212847,0.005135336,2.242508,2.718436
16.49153,1.208805,0.004546276,2.24193,2.71918
16.50871,1.205634,0.003904041,2.241657,2.720735
16.52466,1.201422,0.003352533,2.240583,2.72147
16.54123,1.198956,0.002967973,2.240243,2.722422
16.55785,1.196038,0.0025487,2.239652,2.723193
16.57505,1.193334,0.002256346,2.239692,2.724274
16.59123,1.190003,0.001937601,2.239461,2.724235
16.6078,1.187734,0.001663884,2.239538,2.724757
16.62492,1.182832,0.001473024,2.239035,2.725085
16.64093,1.178433,0.001264936,2.238897,2.724367
16.6575,1.174325,0.001119839,2.238459,2.724148
16.67406,1.169245,0.0009616438,2.237538,2.723827
16.69063,1.165299,0.0008513363,2.236964,2.723388
16.7072,1.161753,0.0007310715,2.237393,2.722875
16.72376,1.157688,0.0006277959,2.238035,2.721886
16.74084,1.161148,0.0005391097,2.239135,2.720473
16.7569,1.164166,0.0004772699,2.239234,2.71868
16.77346,1.166913,0.0003975525,2.240474,2.715834
16.79012,1.175445,0.0003519504,2.241293,2.713727
16.80699,1.184194,0.0003022318,2.242523,2.710375
16.82316,1.189774,0.0002675636,2.243681,2.707738
16.84,1.19973,0.000229766,2.244839,2.704102
16.8563,1.20637,0.0002034102,2.246004,2.701319
16.87286,1.200888,0.0001746753,2.247699,2.696861
16.88953,1.190027,0.0001499996,2.24972,2.691636
16.906,1.186882,0.0001327935,2.252046,2.68656
16.92257,1.185395,0.0001140343,2.255173,2.680796
16.93913,1.188623,0.0001009538,2.258603,2.675525
16.9557,1.185727,8.669245E-05,2.263082,2.669385
16.97227,1.179487,7.67482E-05,2.267051,2.664276
16.98896,1.170868,6.590629E-05,2.272528,2.657157
17.0054,1.15804,5.659597E-05,2.278668,2.650195
17.02197,1.138465,5.010401E-05,2.283409,2.644437
17.03853,1.121918,4.302602E-05,2.287482,2.638134
17.0551,1.113798,3.809062E-05,2.290912,2.632895
17.07167,1.101552,3.270972E-05,2.293309,2.628026
17.08885,1.096395,2.808895E-05,2.294254,2.630712
17.1048,1.099641,2.486694E-05,2.295204,2.643017
17.12137,1.11668,0.0003213541,2.301318,2.664115
17.13793,1.143275,0.009344978,2.307176,2.684087
17.1545,1.191665,0.05226614,2.311718,2.727008
17.17107,1.227167,0.1089067,2.325098,2.763071
17.18763,1.27895,0.173131,2.349175,2.781576
17.2042,1.331024,0.2788446,2.378829,2.812502
17.22077,1.346691,0.3683057,2.407728,2.851902
17.23734,1.350792,0.4768066,2.45513,2.904879
17.25391,1.347529,0.574535,2.507359,2.958213
17.27047,1.334507,0.6483272,2.549574,2.9983
17.28703,1.309118,0.7304207,2.599403,3.044371
17.3036,1.289144,0.7854497,2.635622,3.077134
17.32017,1.261379,0.8477356,2.674621,3.111948
17.33673,1.230197,0.8965073,2.696098,3.133519
17.3533,1.190315,0.9492524,2.711803,3.157637
17.36987,1.160435,0.9949057,2.718834,3.180052
17.38647,1.152169,1.027873,2.720645,3.200454
17.40306,1.149142,1.047898,2.718234,3.233353
17.41985,1.153325,1.043676,2.712366,3.266004
17.43613,1.172607,1.012017,2.698058,3.309016
17.45276,1.202563,0.9598475,2.675292,3.349283
17.46927,1.222547,0.9121922,2.650236,3.378624
17.48583,1.231998,0.8498357,2.6148,3.412765
17.5024,1.232564,0.7984575,2.583809,3.438301
17.51897,1.213963,0.7137313,2.538238,3.474276
17.53553,1.189823,0.6353192,2.499968,3.502816
17.5521,1.175335,0.5718238,2.465472,3.528372
17.56867,1.164261,0.4921151,2.413886,3.56606
17.58536,1.141309,0.435666,2.372171,3.595357
17.6225,1.066268,0.3116325,2.280385,3.627745
17.63906,1.052685,0.275886,2.2502,3.622737
17.65563,1.035429,0.2369127,2.214829,3.612779
17.6722,1.02142,0.2097371,2.189896,3.605842
17.68877,1.006219,0.1801084,2.163652,3.591044
17.70533,0.9990226,0.1546652,2.144266,3.566444
17.7219,1.003193,0.136924,2.134327,3.540955
17.73884,1.006108,0.1175813,2.125,3.502258
17.7553,1.007358,0.1040939,2.119882,3.464623
17.77199,1.004776,0.08938896,2.117664,3.413302
17.78817,1.00654,0.0791354,2.117358,3.373332
17.80473,1.018425,0.06795626,2.11977,3.324479
17.8213,1.037071,0.05835636,2.124614,3.279762
17.83786,1.053535,0.05166246,2.129546,3.245633
17.85443,1.072212,0.04436432,2.134979,3.205549
17.871,1.092403,0.03927541,2.139296,3.175062
17.88756,1.119203,0.03372713,2.143633,3.139869
17.90413,1.132171,0.02809375,2.147763,3.104215
17.9207,1.134534,0.0248712,2.150888,3.08192
17.93726,1.146755,0.02135774,2.154727,3.05652
17.95405,1.160098,0.01890786,2.157634,3.038848
17.97057,1.187208,0.01623682,2.161642,3.018721
17.98696,1.225556,0.01394311,2.165648,2.99939
18.004,1.248742,0.01234374,2.168167,2.985687
18.02015,1.279228,0.01059999,2.170951,2.969918
18.03666,1.309724,0.009384092,2.173136,2.958165
18.0535,1.345156,0.008058439,2.175236,2.944572
18.06986,1.393489,0.006920056,2.17787,2.932333
18.08636,1.456811,0.006126276,2.179543,2.92318
18.10293,1.533677,0.005260842,2.18102,2.913107
18.1195,1.587732,0.004657385,2.18205,2.905013
18.13606,1.644285,0.003999455,2.183455,2.894955
18.15312,1.68538,0.003540689,2.18508,2.887487
18.1692,1.729576,0.00304051,2.186605,2.879366
18.18577,1.767718,0.00261099,2.187624,2.872392
18.20233,1.772813,0.00231149,2.188744,2.866374
18.2189,1.793713,0.001984956,2.190899,2.85841
18.23561,1.740198,0.001757267,2.192234,2.852284
18.25203,1.659154,0.001509025,2.19417,2.844598
18.2686,1.594436,0.001295851,2.194728,2.83745
18.28517,1.528202,0.001112791,2.195172,2.830738
18.30173,1.466779,0.000955592,2.196136,2.824101
18.31873,1.427979,0.0008459787,2.196871,2.819598
18.33497,1.390329,0.0007264707,2.198134,2.813987
18.35143,1.35694,0.0006238451,2.19928,2.810059
18.368,1.327406,0.0005522856,2.200236,2.80602
18.38476,1.294194,0.0004742665,2.201324,2.802344
18.4014,1.276284,0.0004198647,2.20261,2.800081
18.4177,1.253934,0.0003605521,2.204219,2.797244
18.43427,1.240079,0.0003191942,2.2046,2.795266
18.45106,1.222458,0.0002741029,2.205081,2.793948
18.46778,1.205459,0.0002353815,2.206041,2.79286
18.48396,1.194226,0.0002083815,2.206213,2.792241
18.50053,1.181472,0.0001789443,2.207039,2.791085
18.5171,1.172445,0.0001584181,2.207969,2.790395
18.53377,1.160182,0.000136039,2.209113,2.789458
18.55023,1.151448,0.0001168213,2.210651,2.788704
18.5668,1.145529,0.0001034211,2.211432,2.788271
18.58336,1.139653,8.88112E-05,2.212925,2.787693
18.59993,1.13537,7.862391E-05,2.213437,2.787958
18.61683,1.12888,6.549151E-05,2.215055,2.788581
18.63306,1.124911,5.977233E-05,2.21636,2.788705
18.64965,1.117059,4.978868E-05,2.218663,2.789445
18.66633,1.110703,4.275524E-05,2.22053,2.789805
18.68328,1.105786,3.78509E-05,2.222763,2.789828
18.69966,1.102418,3.250386E-05,2.224068,2.790118
18.7159,1.098077,2.791217E-05,2.225763,2.790632
18.73247,1.093119,2.471044E-05,2.226796,2.790286
18.74914,1.085598,2.12197E-05,2.22783,2.789133
18.76614,1.08065,1.878565E-05,2.228935,2.788924
18.78252,1.071887,1.613187E-05,2.229941,2.788536
18.79901,1.068169,1.428143E-05,2.230265,2.787848
18.81595,1.06646,1.226395E-05,2.231367,2.786987
18.83201,1.063117,1.053147E-05,2.232295,2.785717
18.84843,1.060148,9.323437E-06,2.232614,2.785361
18.86512,1.057028,8.006352E-06,2.232818,2.784595
18.88184,1.053063,7.087966E-06,2.233342,2.783777
18.89839,1.047818,6.086678E-06,2.233983,2.782722
18.915,1.046773,5.226837E-06,2.234567,2.780925
18.93177,1.048017,4.627282E-06,2.234899,2.780245
18.94783,1.045693,3.973604E-06,2.234781,2.77908
18.9644,1.041819,3.517803E-06,2.235089,2.778038
18.98174,1.033163,2.930232E-06,2.235909,2.777236
18.99753,1.030541,2.674343E-06,2.236266,2.776895
19.0141,1.021313,2.296549E-06,2.236494,2.77593
19.03066,1.01049,1.912961E-06,2.23708,2.774075
19.04723,1.004416,1.693531E-06,2.237132,2.773333
19.06397,0.9970208,1.454292E-06,2.237255,2.77115
19.0806,0.9904231,1.24885E-06,2.237643,2.769018
19.09773,0.9849043,1.105598E-06,2.237922,2.766837
19.1135,0.9881418,9.494149E-07,2.238481,2.764741
19.13006,0.9837754,8.405103E-07,2.238381,2.76305
19.14663,0.9786434,7.217748E-07,2.238593,2.761472
19.16353,0.9773418,6.38982E-07,2.238755,2.760447
19.17977,0.9703374,5.487155E-07,2.239779,2.759262
19.19633,0.9668472,4.712007E-07,2.240366,2.757954
19.2129,0.9657881,4.171506E-07,2.240598,2.757315
19.22947,0.9762627,3.582215E-07,2.241352,2.756838
19.24653,0.9829828,3.171309E-07,2.24207,2.756054
19.2626,0.9915853,2.723311E-07,2.243191,2.756046
19.27971,0.9967203,2.3386E-07,2.244126,2.755482
19.29573,1.000512,2.070346E-07,2.244808,2.755127
19.3123,1.005808,1.777876E-07,2.246125,2.754668
19.32886,1.009747,1.573941E-07,2.247716,2.754698
19.34543,1.013687,1.351597E-07,2.249186,2.755481
19.362,1.016414,1.196559E-07,2.250726,2.755408
19.37856,1.019746,1.027526E-07,2.252867,2.755491
19.39513,1.021733,8.559003E-08,2.254837,2.754865
19.41175,1.02239,7.577223E-08,2.256294,2.754589
19.42826,1.024629,6.506819E-08,2.257708,2.754215
19.44504,1.026119,5.760441E-08,2.259118,2.754578
19.46144,1.02718,4.946687E-08,2.260082,2.754523
19.47867,1.026517,4.247888E-08,2.261483,2.754757
19.49458,1.021994,3.760625E-08,2.262169,2.755068
19.5111,1.017756,3.229376E-08,2.262975,2.755791
19.52787,1.014529,2.858943E-08,2.263507,2.755709
19.54423,1.010174,2.455072E-08,2.264142,2.756041
19.56146,1.005355,2.108254E-08,2.264696,2.756609
19.57737,1.002703,1.866422E-08,2.265022,2.75615
19.59404,1.003341,1.60276E-08,2.266025,2.755813
19.61053,1.004634,1.418912E-08,2.266481,2.755437
19.62707,1.002454,1.218468E-08,2.26726,2.754952
19.64363,0.9999739,1.078701E-08,2.26784,2.75494
19.6602,0.9971428,9.263172E-09,2.268684,2.754823
19.67758,0.9902086,7.954601E-09,2.269726,2.754151
19.69415,0.9849682,6.830887E-09,2.270912,2.753274
19.71072,0.993333,5.865914E-09,2.271914,2.751664
19.72729,0.9947041,5.03726E-09,2.27279,2.750589
19.74402,0.9928532,4.459451E-09,2.273335,2.749075
19.76042,0.9876548,3.829482E-09,2.273129,2.748059
19.77699,0.9850387,3.390212E-09,2.273027,2.747425
19.79356,0.9815193,2.911291E-09,2.273464,2.746376
19.81068,0.9796247,2.577345E-09,2.27394,2.745645
19.82672,0.9777077,2.213254E-09,2.274205,2.744265
19.84326,0.9760366,1.900596E-09,2.274758,2.743106
19.85982,0.9729974,1.682584E-09,2.274812,2.741603
19.87639,0.9672143,1.444892E-09,2.275254,2.739664
19.89316,0.9650358,1.279153E-09,2.274925,2.738855
19.90978,0.9607874,1.098452E-09,2.275642,2.737048
19.92621,0.9559594,9.432781E-10,2.275718,2.736052
19.94266,0.9524168,8.350773E-10,2.275353,2.734784
19.95945,0.9492144,7.171093E-10,2.274914,2.73327
19.9758,0.9437996,6.348517E-10,2.274924,2.73203
19.99236,0.9385641,5.451688E-10,2.275084,2.731152
20.00892,0.9364439,4.82634E-10,2.275075,2.729873
20.02549,0.9341032,4.144542E-10,2.274332,2.729026
20.04217,0.9329842,3.559059E-10,2.274568,2.728033
20.05862,0.9312298,3.15081E-10,2.274917,2.728276
20.07519,0.9293369,2.624536E-10,2.27467,2.728067
20.09176,0.9265366,2.323483E-10,2.274699,2.728298
20.10832,0.9227527,1.995254E-10,2.275182,2.729968
20.12489,0.9178004,1.713392E-10,2.275315,2.732832
20.14146,0.9137205,1.516854E-10,2.274979,2.735948
20.15807,0.9080837,1.302574E-10,2.275124,2.739919
20.17459,0.9034414,1.153159E-10,2.275101,2.742805
20.19116,0.9014733,9.902571E-11,2.275245,2.7455
20.20772,0.8972927,8.503675E-11,2.275918,2.748079
20.22429,0.8941621,7.528242E-11,2.276395,2.75002
20.24086,0.8904579,6.464758E-11,2.277769,2.75143
20.25775,0.8872464,5.723204E-11,2.278881,2.752105
20.27399,0.883149,4.91471E-11,2.279879,2.752954
20.29055,0.8804936,4.350957E-11,2.281314,2.75289
20.30725,0.8784718,3.736315E-11,2.282275,2.752481
20.32382,0.8730026,3.2085E-11,2.283949,2.751813
20.34045,0.8680612,2.840462E-11,2.285225,2.750758
20.35682,0.8589864,2.439202E-11,2.28566,2.748647
20.37339,0.848401,2.159408E-11,2.286132,2.747347
20.38995,0.8339182,1.854357E-11,2.286405,2.745496
20.40652,0.8212077,1.592399E-11,2.286639,2.74359
20.4231,0.8124836,1.40974E-11,2.286742,2.742304
20.43965,0.7996323,1.210591E-11,2.286628,2.74001
20.45622,0.7900858,1.039576E-11,2.287105,2.738322
20.47279,0.7812724,8.927193E-12,2.28724,2.736034
20.48988,0.7748764,7.666085E-12,2.286508,2.734042
20.50592,0.7700372,6.78673E-12,2.286908,2.732732
20.52249,0.7646726,5.827996E-12,2.286241,2.730933
20.5392,0.7615686,5.159483E-12,2.28639,2.729961
20.55562,0.7591212,4.430623E-12,2.286326,2.729136
20.57253,0.7575417,3.804727E-12,2.286845,2.728146
20.58895,0.7546563,3.368297E-12,2.286924,2.727212
20.60583,0.75173,2.892471E-12,2.286494,2.726475
20.62189,0.7495639,2.560684E-12,2.286323,2.725732
20.63845,0.7458752,2.198946E-12,2.28626,2.724931
20.65502,0.7455272,1.946711E-12,2.285842,2.723783
20.67159,0.7418959,1.671707E-12,2.28529,2.722658
20.6883,0.738776,1.435552E-12,2.284834,2.722283
20.70472,0.7368961,1.270884E-12,2.28398,2.722021
20.72129,0.733927,1.091351E-12,2.283418,2.721179
20.73785,0.7317562,9.661653E-13,2.283026,2.719897
20.75442,0.7303864,8.29679E-13,2.283146,2.718773
