22.05191,1.466171,0.3778811,1.960849,2.993163
0.01615969,2.773443E-11,5.897741E-17,2.235548,2.525392
0.03305323,2.38165E-11,5.064591E-17,2.234499,2.523218
0.04969176,2.045204E-11,4.349136E-17,2.233581,2.52105
0.06625007,1.810604E-11,3.850259E-17,2.23317,2.520365
0.08242731,1.554827E-11,3.306348E-17,2.232722,2.519492
0.09910972,1.376477E-11,2.927086E-17,2.231854,2.518969
0.1155622,1.182028E-11,2.513589E-17,2.231292,2.51884
0.1323153,1.046441E-11,2.225262E-17,2.230861,2.518126
0.1486923,8.986145E-12,1.910908E-17,2.229636,2.517509
0.1653174,7.716708E-12,1.640962E-17,2.227992,2.518143
0.1819203,6.831546E-12,1.452732E-17,2.226784,2.518647
0.198718,5.866481E-12,1.24751E-17,2.223857,2.518838
0.2149616,5.193553E-12,1.104412E-17,2.221685,2.519545
0.2319495,4.45988E-12,9.483962E-18,2.219169,2.520491
0.2480943,3.829851E-12,8.144202E-18,2.217608,2.520996
0.2646585,3.39054E-12,7.210003E-18,2.216162,2.522011
0.281227,2.911572E-12,6.191475E-18,2.214444,2.522609
0.2982437,2.500265E-12,5.31683E-18,2.212978,2.523653
0.3143612,2.213467E-12,4.706952E-18,2.211489,2.524655
0.3314279,1.843756E-12,3.920759E-18,2.209312,2.526079
0.347492,1.632264E-12,3.47102E-18,2.208527,2.527702
0.3640608,1.401681E-12,2.980683E-18,2.207921,2.528292
0.3807044,1.240898E-12,2.638777E-18,2.207595,2.529035
0.3974707,1.065601E-12,2.266008E-18,2.206256,2.530327
0.4137608,9.150683E-13,1.945898E-18,2.205389,2.530572
0.430325,8.101033E-13,1.72269E-18,2.205053,2.53078
0.4475399,6.956633E-13,1.479332E-18,2.204622,2.531183
0.4635713,6.158658E-13,1.309642E-18,2.203809,2.531648
0.4801843,5.288648E-13,1.124634E-18,2.203571,2.531706
0.496636,4.682002E-13,9.956307E-19,2.203727,2.531502
0.5134538,4.020594E-13,8.54982E-19,2.203773,2.53159
0.5297251,3.452621E-13,7.342021E-19,2.204079,2.530492
0.5462917,3.056581E-13,6.499838E-19,2.204185,2.530144
0.5628607,2.624789E-13,5.581632E-19,2.204142,2.530106
0.5794254,2.323707E-13,4.941379E-19,2.204531,2.529812
0.5959981,1.995446E-13,4.24333E-19,2.205022,2.529531
0.612561,1.713558E-13,3.643892E-19,2.205425,2.529879
0.6295143,1.517E-13,3.225911E-19,2.205667,2.530175
0.6457269,1.3027E-13,2.7702E-19,2.20628,2.531547
0.6625171,1.153271E-13,2.452438E-19,2.206415,2.532816
0.6789869,9.903528E-14,2.105992E-19,2.206048,2.534978
0.6953916,8.504497E-14,1.808487E-19,2.205477,2.537848
0.7120879,7.303101E-14,1.553009E-19,2.204703,2.543226
0.7285253,6.271421E-14,1.333622E-19,2.204313,2.547291
0.7450927,5.552044E-14,1.180646E-19,2.203227,2.550196
0.7616608,4.767729E-14,1.013861E-19,2.203336,2.554406
0.7782281,4.220836E-14,8.975635E-20,2.20351,2.557342
0.7947955,3.624576E-14,7.707683E-20,2.203853,2.560543
0.8113611,3.112547E-14,6.61885E-20,2.203583,2.563291
0.8279911,2.755515E-14,5.85962E-20,2.203172,2.565199
0.8446754,2.366254E-14,5.031855E-20,2.202724,2.567307
0.8610587,2.094828E-14,4.454665E-20,2.202694,2.568763
0.8781041,1.7989E-14,3.825372E-20,2.202313,2.570625
0.8941945,1.544777E-14,3.284977E-20,2.202286,2.572531
0.9109464,1.36758E-14,2.908167E-20,2.202024,2.573388
0.9273275,1.174387E-14,2.497342E-20,2.201755,2.574322
0.9438941,1.039676E-14,2.210879E-20,2.200989,2.575812
0.9605304,8.928055E-15,1.898557E-20,2.200583,2.576703
0.9772333,7.903942E-15,1.680779E-20,2.200808,2.577364
0.9935943,6.787384E-15,1.443342E-20,2.200693,2.578892
1.010259,5.828558E-15,1.239447E-20,2.200895,2.579939
1.026726,5.15998E-15,1.097274E-20,2.201357,2.580229
1.043294,4.431051E-15,9.422662E-21,2.201165,2.581052
1.059859,3.922777E-15,8.341816E-21,2.201323,2.581514
1.07672,3.267563E-15,6.948499E-21,2.201118,2.581827
1.092993,2.805968E-15,5.966913E-21,2.200412,2.581569
1.109692,2.484103E-15,5.282465E-21,2.200656,2.581371
1.126234,2.133184E-15,4.536232E-21,2.200829,2.580912
1.142693,1.888492E-15,4.015894E-21,2.201607,2.580808
1.159378,1.621712E-15,3.448584E-21,2.201971,2.580984
1.176387,1.39262E-15,2.961417E-21,2.201975,2.580827
1.19254,1.232876E-15,2.621721E-21,2.202031,2.580732
1.209428,1.058713E-15,2.251361E-21,2.202875,2.580894
1.226477,9.372709E-16,1.993113E-21,2.203118,2.581083
1.242094,8.048664E-16,1.711554E-21,2.203525,2.581212
1.259076,6.911662E-16,1.46977E-21,2.203036,2.581855
1.275416,6.118844E-16,1.301177E-21,2.203244,2.582242
1.291807,5.25446E-16,1.117365E-21,2.203059,2.581642
1.308424,4.651736E-16,9.891949E-22,2.202434,2.581454
1.325168,3.994604E-16,8.494554E-22,2.202339,2.580931
1.341527,3.536394E-16,7.520168E-22,2.202362,2.580825
1.358061,3.036822E-16,6.457824E-22,2.201728,2.578995
1.37466,2.607822E-16,5.545553E-22,2.201175,2.576586
1.39141,2.308686E-16,4.909439E-22,2.20134,2.574127
1.408003,1.982547E-16,4.215902E-22,2.201734,2.571019
1.424326,1.755135E-16,3.732308E-22,2.202399,2.567161
1.440894,1.461979E-16,0.001738072,2.205648,2.561725
1.457461,1.255451E-16,0.003212883,2.209088,2.556395
1.474529,1.111442E-16,0.004855954,2.21034,2.553102
1.490593,9.544326E-17,0.0110111,2.214916,2.551816
1.507588,8.449524E-17,0.02502957,2.225867,2.550143
1.523869,7.255893E-17,0.05800219,2.244549,2.547623
1.540295,0.00441054,0.1036107,2.259472,2.551418
1.556861,0.01254259,0.1532691,2.275679,2.561931
1.57356,0.04294489,0.2508069,2.30063,2.577558
1.589993,0.06259379,0.3497321,2.318928,2.593094
1.60656,0.07661957,0.4786838,2.347805,2.619026
1.623416,0.07954907,0.5879111,2.382044,2.641549
1.639694,0.07555357,0.7151755,2.435582,2.671869
1.656421,0.06680706,0.829074,2.491138,2.698728
1.673264,0.05914381,0.9068724,2.537234,2.718674
1.689393,0.0507888,0.9940864,2.59134,2.740342
1.7061,0.04496296,1.056715,2.632807,2.756345
1.722525,0.03861123,1.127547,2.681314,2.773564
1.739095,0.03315678,1.187225,2.723243,2.7886
1.755661,0.02935346,1.230011,2.750957,2.800505
1.772533,0.02520681,1.274863,2.778459,2.813439
1.788795,0.02231541,1.301809,2.79465,2.821056
1.805425,0.01916301,1.327521,2.805474,2.825384
1.821928,0.01596225,1.348664,2.807191,2.828348
1.838493,0.01413126,1.355639,2.802308,2.832022
1.85506,0.012135,1.352058,2.792042,2.84345
1.871791,0.01074302,1.329844,2.781749,2.860321
1.888194,0.0104074,1.266076,2.766732,2.887493
1.905664,0.01322731,1.190183,2.745601,2.915596
1.921327,0.02212101,1.124657,2.723386,2.938195
1.937894,0.0400064,1.035326,2.685981,2.967894
1.954461,0.05138033,0.9597678,2.648775,2.994014
1.971026,0.04871968,0.8635246,2.594881,3.029697
1.987594,0.04313118,0.7885254,2.548967,3.056396
2.004161,0.03703822,0.7094426,2.492247,3.083755
2.021363,0.03180598,0.637142,2.443112,3.100878
2.037294,0.02815761,0.5835136,2.409481,3.103566
2.053865,0.02417989,0.5202258,2.371652,3.097874
2.070429,0.02140629,0.4728877,2.34508,3.086886
2.087188,0.01838231,0.4207417,2.314114,3.071496
2.103674,0.01578551,0.3734282,2.287257,3.060026
2.120873,0.01355556,0.3305387,2.266215,3.050982
2.13752,0.01164062,0.2951895,2.25211,3.040594
2.153261,0.01062408,0.2766977,2.245231,3.032383
2.169841,0.009123257,0.2503491,2.236581,3.017886
2.186447,0.007599419,0.224148,2.228801,3.000166
2.20296,0.006727711,0.2093251,2.22435,2.990105
2.219527,0.005777314,0.1927595,2.218924,2.978789
2.236093,0.005114614,0.180699,2.215907,2.970316
2.25266,0.004392093,0.1690252,2.212547,2.960648
2.269225,0.003888288,0.1616985,2.210261,2.953983
2.285794,0.003339005,0.153008,2.208246,2.946357
2.30236,0.002867318,0.1455375,2.205677,2.940347
2.318927,0.002538416,0.141196,2.204152,2.935993
2.335493,0.002179824,0.1365325,2.204978,2.930326
2.352231,0.001929783,0.133198,2.206428,2.924827
2.368627,0.00165717,0.1293387,2.207754,2.917621
2.385342,0.001423068,0.126333,2.210349,2.910038
2.401863,0.001259832,0.1233386,2.213476,2.903425
2.418404,0.001081861,0.1197334,2.217531,2.894413
2.43543,0.0009577635,0.1177699,2.222103,2.885569
2.45146,0.0008224641,0.1161162,2.227183,2.873456
2.468108,0.0007281215,0.1157056,2.229518,2.862436
2.484663,0.0006252627,0.1174503,2.232959,2.848795
2.501778,0.0005369344,0.1197888,2.236506,2.835404
2.517727,0.0004753441,0.1206691,2.238927,2.824735
2.53433,0.0004081941,0.1205316,2.241621,2.812174
2.55086,0.0003613714,0.1207445,2.243456,2.803313
2.567478,0.0003010122,0.1214772,2.245688,2.790255
2.583994,0.0002584895,0.1223902,2.247717,2.780604
2.601289,0.0002288388,0.1238369,2.2497,2.773934
2.617337,0.0001965117,0.1244165,2.252293,2.765767
2.633699,0.0001739704,0.1256572,2.25376,2.759371
2.650526,0.0001493943,0.1277001,2.255772,2.752413
2.667025,0.00012829,0.1300119,2.257799,2.746456
2.683393,0.0001135742,0.1305844,2.260063,2.741983
2.699958,9.753002E-05,0.1307497,2.26317,2.737996
2.716546,8.634262E-05,0.1309375,2.265683,2.73564
2.733091,7.414535E-05,0.1316444,2.268853,2.730588
2.750324,6.367113E-05,0.1336636,2.270145,2.727363
2.766379,5.63676E-05,0.1352465,2.270984,2.725397
2.783099,4.840478E-05,0.1356784,2.272524,2.722931
2.799867,4.28524E-05,0.1358831,2.273381,2.721448
2.816476,3.679882E-05,0.1370385,2.274351,2.720105
2.833006,3.257773E-05,0.1376867,2.274708,2.718689
2.850267,2.713634E-05,0.1391788,2.275875,2.718925
2.866303,2.40236E-05,0.1404201,2.277204,2.719323
2.882707,2.126793E-05,0.1412018,2.278081,2.7197
2.899274,1.771559E-05,0.1424139,2.278634,2.71975
2.916262,1.521298E-05,0.1432033,2.2797,2.720351
2.932401,1.346794E-05,0.144274,2.28089,2.721176
2.948968,1.156538E-05,0.1445432,2.284737,2.722713
2.965535,1.023875E-05,0.1440221,2.288508,2.723549
2.982183,8.792358E-06,0.1440282,2.293813,2.724434
2.99877,7.783812E-06,0.1435661,2.298264,2.724526
3.015532,6.684224E-06,0.1445012,2.304767,2.724152
3.031802,5.739971E-06,0.1466645,2.309761,2.72384
3.048367,5.081555E-06,0.1479209,2.313221,2.723982
3.064936,4.363704E-06,0.1493791,2.317843,2.725698
3.082516,3.863156E-06,0.1500149,2.320385,2.7259
3.098162,3.317424E-06,0.1505951,2.322856,2.726213
3.114634,2.848785E-06,0.1510938,2.32443,2.726501
3.131238,2.522008E-06,0.1518331,2.324786,2.726602
3.148389,2.165734E-06,0.152439,2.325257,2.726808
3.164336,1.917309E-06,0.1530063,2.324363,2.726583
3.180941,1.646459E-06,0.1528731,2.322608,2.726801
3.197794,1.457598E-06,0.1533991,2.31915,2.727442
3.214034,1.251689E-06,0.1537583,2.314707,2.728685
3.2306,1.074868E-06,0.1543411,2.309804,2.7303
3.247218,9.515728E-07,0.1543905,2.305512,2.733134
3.264517,7.926335E-07,0.1528011,2.300678,2.73905
3.280302,7.017127E-07,0.152771,2.296885,2.742301
3.297488,6.025845E-07,0.1523973,2.292805,2.746779
3.313562,5.174599E-07,0.1531459,2.289583,2.751738
3.330043,4.581034E-07,0.1539321,2.287337,2.755562
3.346567,3.93389E-07,0.1539423,2.284888,2.760127
3.363135,3.482645E-07,0.1540639,2.282598,2.763827
3.3797,2.990666E-07,0.1534554,2.280818,2.767824
3.396269,2.568187E-07,0.1524016,2.27929,2.770957
3.412834,2.273597E-07,0.1515529,2.278225,2.773133
3.430224,1.952415E-07,0.1504597,2.276772,2.775815
3.446204,1.728459E-07,0.1498509,2.274839,2.777151
3.462636,1.484287E-07,0.1478683,2.274156,2.776963
3.479472,1.314028E-07,0.1472308,2.273961,2.776446
3.495669,1.128401E-07,0.1456872,2.273393,2.775263
3.512236,9.689961E-08,0.1443362,2.273479,2.772807
3.52913,8.578453E-08,0.142974,2.273645,2.770755
3.545369,7.366609E-08,0.1408756,2.273704,2.766975
3.562426,6.521606E-08,0.1393458,2.274426,2.763881
3.5785,5.600326E-08,0.1374423,2.274931,2.760773
3.59546,4.80919E-08,0.1357999,2.275082,2.758121
3.611634,4.257542E-08,0.1342701,2.275372,2.756324
3.628201,3.656096E-08,0.1327936,2.275743,2.75401
3.644769,3.139614E-08,0.1303691,2.275489,2.752022
3.661855,2.696093E-08,0.1294519,2.27556,2.750033
3.678045,2.315227E-08,0.1281085,2.27534,2.748916
3.694565,2.049654E-08,0.1257051,2.275301,2.747893
3.711035,1.760107E-08,0.1240521,2.274843,2.74706
3.727601,1.55821E-08,0.1215847,2.274879,2.74625
3.744672,1.338088E-08,0.120222,2.274754,2.745633
3.76123,1.149062E-08,0.1179131,2.274895,2.743707
3.7773,1.017256E-08,0.1155584,2.275481,2.74127
3.794527,8.735526E-09,0.1122312,2.276179,2.738822
3.810574,7.733498E-09,0.1093901,2.27779,2.736089
3.827003,6.641018E-09,0.1057853,2.280646,2.732395
3.843569,5.879246E-09,0.1036837,2.282866,2.730108
3.86022,5.048708E-09,0.1020416,2.285543,2.727824
3.876702,4.335497E-09,0.1003406,2.287885,2.725597
3.893428,3.838184E-09,0.09887189,2.289822,2.725246
3.910068,3.29598E-09,0.09702758,2.292108,2.72424
3.926402,2.917907E-09,0.0959302,2.293013,2.72348
3.942968,2.505706E-09,0.0942454,2.294,2.723297
3.959536,2.151735E-09,0.09165973,2.295138,2.723123
3.976101,1.904916E-09,0.09032228,2.295696,2.723047
3.992848,1.635816E-09,0.08773371,2.296287,2.723216
4.009235,1.448176E-09,0.08542599,2.297277,2.722847
4.026381,1.20629E-09,0.08223249,2.299402,2.723202
4.042369,1.035882E-09,0.07963965,2.299769,2.722749
4.059467,9.170592E-10,0.07738684,2.300643,2.723034
4.075505,7.875099E-10,0.07350082,2.301699,2.723427
4.092548,6.971768E-10,0.07167837,2.302077,2.723898
4.109164,5.986894E-10,0.06861595,2.302896,2.724487
4.126337,5.300155E-10,0.06648056,2.302282,2.724529
4.142249,4.551423E-10,0.06354368,2.301677,2.725018
4.158815,3.908462E-10,0.06163889,2.300028,2.725448
4.175383,3.460133E-10,0.06002156,2.300025,2.72538
4.191949,2.971334E-10,0.05715878,2.298891,2.726298
4.208515,2.6305E-10,0.05546435,2.296998,2.727014
4.2251,2.2589E-10,0.05269749,2.292037,2.728009
4.24165,1.939794E-10,0.04919111,2.28609,2.729968
4.258227,1.717286E-10,0.04670748,2.281085,2.73141
4.275316,1.474692E-10,0.0429513,2.275281,2.732905
4.291348,1.305534E-10,0.04031863,2.270961,2.734558
4.308183,1.121107E-10,0.03659171,2.265466,2.735318
4.324868,9.338505E-11,0.0321748,2.260639,2.73664
4.34105,8.523001E-11,0.03022962,2.258546,2.736933
4.357617,7.099421E-11,0.02739778,2.256039,2.737437
4.374184,6.285067E-11,0.02567593,2.255646,2.737748
4.390881,5.397201E-11,0.0232046,2.255731,2.737193
4.407316,4.634761E-11,0.02076597,2.25696,2.736442
4.423882,4.10312E-11,0.01953103,2.260203,2.735421
4.440836,3.523489E-11,0.01821904,2.266998,2.733799
4.457472,3.119319E-11,0.01726752,2.273395,2.732499
4.473583,2.678666E-11,0.01652314,2.282538,2.730134
4.490537,2.371403E-11,0.01693043,2.290003,2.727533
4.506717,2.036405E-11,0.01648205,2.297905,2.723644
4.523527,1.74873E-11,0.01665361,2.304974,2.720868
4.53985,1.548138E-11,0.01675519,2.308965,2.718474
4.556417,1.329439E-11,0.01693977,2.313349,2.715864
4.573012,1.176943E-11,0.0172818,2.31555,2.71318
4.589551,1.010681E-11,0.01766579,2.317857,2.711035
4.606118,8.679059E-12,0.01745615,2.319007,2.708903
4.622685,7.683508E-12,0.01718314,2.319121,2.7076
4.639251,6.59809E-12,0.01616841,2.318689,2.706252
4.655818,5.841242E-12,0.01517858,2.317418,2.705534
4.672384,5.016073E-12,0.01446422,2.31607,2.706713
4.688985,4.440693E-12,0.01395214,2.314509,2.707955
4.705516,3.813374E-12,0.01311157,2.311321,2.713125
4.722085,3.176434E-12,0.01150384,2.30692,2.727548
4.738652,2.812074E-12,0.01075753,2.303233,2.740764
4.755218,2.414824E-12,0.01011113,2.2974,2.761084
4.771784,2.137826E-12,0.01066319,2.291963,2.779339
4.788393,1.835824E-12,0.00998723,2.284331,2.803747
4.804919,1.576485E-12,0.008576375,2.277469,2.829819
4.821534,1.39565E-12,0.007592604,2.27258,2.851095
4.838161,1.198492E-12,0.006520027,2.266291,2.875547
4.854618,1.061017E-12,0.005772132,2.261555,2.894393
4.871479,9.111311E-13,0.004956726,2.256268,2.916127
4.887751,7.824193E-13,0.004256509,2.252291,2.934773
4.904318,6.926701E-13,0.003768257,2.250016,2.9477
4.920886,5.948194E-13,0.00323593,2.247754,2.961577
4.937452,5.265894E-13,0.002864746,2.247721,2.971729
4.95405,4.522002E-13,0.002460054,2.248608,2.981373
4.971185,4.003296E-13,0.002177869,2.251062,2.986933
4.987153,3.437767E-13,0.00187021,2.254594,2.990166
5.003848,2.952127E-13,0.001606013,2.258756,2.989552
5.020403,2.613497E-13,0.001421792,2.26234,2.988421
5.036852,2.244299E-13,0.001220941,2.267394,2.982686
5.053418,1.986862E-13,0.00108089,2.272007,2.976325
5.069984,1.706186E-13,0.0009281972,2.279378,2.967187
5.086552,1.46516E-13,0.0007970745,2.287103,2.957387
5.103119,1.258183E-13,0.000975475,2.294575,2.947029
5.119686,1.080444E-13,0.001676531,2.300436,2.936122
5.136253,9.565096E-14,0.002049023,2.304101,2.92852
5.153728,8.213873E-14,0.002872225,2.304849,2.917967
5.170056,7.053532E-14,0.002466478,2.301843,2.902929
5.185951,6.244441E-14,0.002183555,2.29498,2.887655
5.202519,5.362315E-14,0.007346166,2.274839,2.874467
5.219295,4.747218E-14,0.01897028,2.248396,2.86739
5.235666,4.076598E-14,0.06253385,2.210378,2.860113
5.252218,3.500714E-14,0.1304628,2.173356,2.859926
5.268973,3.099157E-14,0.1936471,2.167515,2.862159
5.285351,2.661352E-14,0.2956937,2.184407,2.867429
5.302069,2.356075E-14,0.3853764,2.200577,2.888863
5.318679,2.023242E-14,0.5012614,2.228374,2.928125
5.335643,1.791162E-14,0.598909,2.262865,2.960485
5.351762,1.538131E-14,0.7029917,2.322289,3.001743
5.368381,1.320846E-14,0.7788532,2.386812,3.039108
5.384768,1.169335E-14,0.8343791,2.440031,3.067322
5.401563,1.004148E-14,0.8998899,2.511353,3.099353
5.418292,8.889649E-15,0.9455031,2.56601,3.122668
5.434453,7.633844E-15,0.9970546,2.629647,3.14891
5.451021,6.555441E-15,1.044389,2.689671,3.171667
5.467583,5.803485E-15,1.077424,2.736756,3.187817
5.48415,4.834141E-15,1.119089,2.803919,3.206263
5.500717,4.279631E-15,1.143599,2.841879,3.215868
5.517285,3.675064E-15,1.171353,2.881707,3.225176
5.5341,3.155903E-15,1.194612,2.911628,3.231208
5.550418,2.793898E-15,1.211598,2.92774,3.233647
5.567173,2.399215E-15,1.23025,2.934685,3.235417
5.583553,2.124008E-15,1.222644,2.930046,3.239693
5.600419,1.823958E-15,1.19143,2.914114,3.248564
5.616684,1.566294E-15,1.136442,2.890519,3.258681
5.633253,1.386629E-15,1.082251,2.864263,3.268582
5.649818,1.190746E-15,1.004004,2.82044,3.280418
5.66654,0.000591,0.932852,2.772655,3.291312
5.682952,0.001038688,0.8330144,2.701971,3.307239
5.699517,0.0009195426,0.7531247,2.641154,3.31989
5.716523,0.0007896425,0.6617149,2.565751,3.329169
5.73265,0.0006780929,0.5731595,2.496258,3.332531
5.749219,0.0006003107,0.507414,2.450283,3.325853
5.765786,0.0005155072,0.4357337,2.401664,3.303408
5.782353,0.0004563749,0.3857519,2.36849,3.281409
5.7995,0.0003801475,0.3213205,2.326445,3.238691
5.815484,0.0003469504,0.2932606,2.307835,3.217273
5.832054,0.0002979381,0.2518328,2.279862,3.183455
5.848619,0.0002481741,0.2097697,2.249222,3.147126
5.865185,0.0002197067,0.1857076,2.232105,3.124232
5.881985,0.0001886696,0.1594734,2.21263,3.099079
5.898316,0.000162017,0.1369453,2.196454,3.078269
5.914883,0.0001434325,0.1212367,2.184543,3.063846
5.931581,0.0001231704,0.1041101,2.173191,3.048346
5.948544,0.0001090419,0.09216789,2.166242,3.036782
5.964586,9.363794E-05,0.07914771,2.158871,3.023923
5.98115,8.289701E-05,0.0700689,2.154122,3.012859
5.998007,7.118649E-05,0.06017055,2.151014,2.999159
6.014284,6.113026E-05,0.0516705,2.152335,2.986255
6.030853,5.411818E-05,0.04574352,2.155525,2.976361
6.04742,4.647312E-05,0.03928152,2.16269,2.963588
6.063984,4.114232E-05,0.03477565,2.169855,2.954591
6.080553,3.533031E-05,0.02986303,2.178634,2.945748
6.097138,3.033935E-05,0.0256444,2.187303,2.938473
6.113685,2.68592E-05,0.02385861,2.192174,2.933804
6.130301,2.306491E-05,0.02273972,2.197244,2.932171
6.147272,2.04192E-05,0.02040511,2.201002,2.931948
6.163386,1.753466E-05,0.01752256,2.204824,2.934224
6.180049,1.552331E-05,0.0155126,2.205709,2.936625
6.19652,1.33304E-05,0.0133212,2.205724,2.941665
6.213085,1.110385E-05,0.01109618,2.204768,2.946955
6.229653,9.830155E-06,0.009823371,2.204221,2.948726
6.246219,8.441489E-06,0.008435662,2.203916,2.950874
6.262785,7.248994E-06,0.00724399,2.204236,2.952763
6.279354,6.417482E-06,0.006413052,2.204906,2.953593
6.296235,5.51091E-06,0.005507105,2.206217,2.953351
6.312488,4.878769E-06,0.004875401,2.207798,2.952102
6.329051,4.189565E-06,0.004186673,2.209248,2.950101
6.345621,3.708991E-06,0.003706432,2.210499,2.94777
6.362187,3.185037E-06,0.003182839,2.212963,2.942965
6.378817,2.7351E-06,0.002733212,2.215395,2.934875
6.395319,2.421365E-06,0.002419693,2.217079,2.927972
6.411885,2.079308E-06,0.002077873,2.218604,2.918344
6.428642,1.840797E-06,0.001839526,2.219938,2.90934
6.445021,1.580755E-06,0.001579663,2.221642,2.897541
6.461611,1.357448E-06,0.001356511,2.224236,2.883984
6.478309,1.201739E-06,0.001200909,2.226635,2.87263
6.49521,1.031974E-06,0.001031262,2.229662,2.85725
6.511287,9.135992E-07,0.0009129685,2.231995,2.846377
6.527925,7.845388E-07,0.0007839972,2.234539,2.833045
6.545023,6.534988E-07,0.0006530477,2.238234,2.818044
6.560987,5.964307E-07,0.000596019,2.239852,2.810638
6.577554,5.121753E-07,0.0005118219,2.242407,2.798655
6.594121,4.398224E-07,0.0004395189,2.246023,2.787844
6.610686,3.776905E-07,0.001225288,2.250249,2.777695
6.627436,3.343667E-07,0.001084738,2.254535,2.772216
6.643821,2.871321E-07,0.002344161,2.258672,2.766261
6.660507,2.465701E-07,0.003160869,2.262515,2.761438
6.676955,2.182867E-07,0.003636637,2.265095,2.758132
6.693652,1.874502E-07,0.005365953,2.267234,2.754441
6.710088,1.659483E-07,0.005598044,2.269571,2.752784
6.727091,1.425055E-07,0.00592862,2.27161,2.751227
6.74322,1.223743E-07,0.006786038,2.273908,2.749923
6.759786,1.083371E-07,0.007146235,2.275198,2.748785
6.776663,9.303275E-08,0.007823177,2.276989,2.747253
6.793058,8.236123E-08,0.008937676,2.278481,2.746712
6.809486,7.072639E-08,0.009669228,2.280109,2.746321
6.826054,6.261357E-08,0.009689973,2.280987,2.745596
6.84262,5.376841E-08,0.01028984,2.282816,2.745353
6.859187,4.617276E-08,0.01142138,2.283557,2.745162
6.875907,4.087642E-08,0.01238768,2.284297,2.744852
6.892733,3.510197E-08,0.01343763,2.285685,2.745006
6.909304,3.107552E-08,0.01361658,2.28618,2.745579
6.926225,2.588504E-08,0.0141,2.286818,2.745759
6.942507,2.222837E-08,0.01434273,2.287002,2.746077
6.958588,2.028723E-08,0.01366349,2.287264,2.746701
6.975421,1.689869E-08,0.0122122,2.288021,2.747544
6.992152,1.496029E-08,0.01165844,2.287965,2.748116
7.008309,1.284691E-08,0.01085936,2.28797,2.748656
7.024964,1.103208E-08,0.01017237,2.289088,2.748598
7.04142,9.76662E-09,0.009587801,2.290049,2.748758
7.058125,8.386928E-09,0.008789442,2.292311,2.748934
7.074554,7.424887E-09,0.00778123,2.29434,2.748774
7.091336,6.376004E-09,0.007786452,2.29627,2.748134
7.107687,5.475291E-09,0.006952079,2.297927,2.747276
7.124278,4.847236E-09,0.006154626,2.299012,2.746723
7.140819,4.162487E-09,0.005285187,2.300265,2.746665
7.157387,3.685019E-09,0.004969938,2.301381,2.747047
7.174592,3.164451E-09,0.004267855,2.302317,2.747199
7.19052,2.801466E-09,0.004078301,2.303198,2.748102
7.207087,2.405714E-09,0.004332566,2.302754,2.748652
7.223652,2.065869E-09,0.004293791,2.303495,2.749982
7.240389,1.828899E-09,0.004083533,2.303677,2.751995
7.257407,1.570537E-09,0.003506669,2.303713,2.752826
7.273352,1.390386E-09,0.003104428,2.30386,2.754205
7.290287,1.193972E-09,0.002665878,2.302742,2.755314
7.306555,1.025304E-09,0.002289281,2.301233,2.75655
7.323054,9.076943E-10,0.002026683,2.299644,2.758093
7.33962,7.794679E-10,0.001740382,2.297991,2.760322
7.356222,6.693556E-10,0.001494525,2.296596,2.762271
7.372754,5.747984E-10,0.0012834,2.29515,2.76451
7.389319,4.93599E-10,0.001102099,2.296417,2.767803
7.406085,4.369796E-10,0.0009756803,2.297393,2.770084
7.422735,3.752492E-10,0.0008378499,2.299174,2.773454
7.43902,3.322055E-10,0.0007417424,2.301007,2.776225
7.45639,2.852761E-10,0.0006369594,2.303099,2.779857
7.472409,2.525529E-10,0.0005638956,2.305038,2.781877
7.488718,2.168758E-10,0.0004842363,2.306587,2.783897
7.505567,1.862386E-10,0.0004158302,2.307344,2.786446
7.522108,1.648757E-10,0.0003681315,2.307922,2.788018
7.538442,1.415844E-10,0.0003161271,2.308499,2.790002
7.555258,1.253437E-10,0.000279865,2.308662,2.791431
7.571552,1.076369E-10,0.0002403296,2.309673,2.793497
7.588118,9.243144E-11,0.0002063792,2.310541,2.795589
7.604686,8.182889E-11,0.0001827061,2.311053,2.796677
7.621332,7.026925E-11,0.0001568959,2.310878,2.798841
7.638004,6.220886E-11,0.0001388988,2.310486,2.800121
7.654683,5.342086E-11,0.0001192771,2.310418,2.801517
7.670951,4.729311E-11,0.0001055952,2.310652,2.802781
7.688447,3.939384E-11,8.795785E-05,2.309661,2.805657
7.704085,3.487508E-11,7.786845E-05,2.308809,2.807028
7.721145,2.994842E-11,6.686828E-05,2.307264,2.809126
7.737233,2.571773E-11,5.742207E-05,2.306238,2.81151
7.753785,2.208469E-11,4.931029E-05,2.305357,2.813009
7.770438,1.955142E-11,4.365404E-05,2.305025,2.813811
7.787219,1.678947E-11,3.748721E-05,2.303742,2.814968
7.803576,1.486359E-11,3.318716E-05,2.303586,2.816136
7.820179,1.276387E-11,2.849894E-05,2.302514,2.816682
7.836617,1.129977E-11,2.522991E-05,2.301935,2.817336
7.853187,9.703495E-12,2.166578E-05,2.301661,2.818003
7.869751,8.332722E-12,1.860514E-05,2.300896,2.818876
7.886319,7.376899E-12,1.6471E-05,2.299355,2.819844
7.903831,6.334794E-12,1.414421E-05,2.297742,2.821304
7.919452,5.608148E-12,1.252176E-05,2.295981,2.822301
7.936324,4.815907E-12,1.075286E-05,2.293723,2.823689
7.952666,4.135583E-12,9.233851E-06,2.291785,2.824854
7.969492,3.661202E-12,8.174662E-06,2.290159,2.825744
7.986588,3.143999E-12,7.01986E-06,2.28845,2.826345
8.002286,2.783359E-12,6.214632E-06,2.286616,2.827329
8.018852,2.390165E-12,5.336716E-06,2.284842,2.828007
8.035541,2.115996E-12,4.724556E-06,2.283422,2.828535
8.051987,1.817078E-12,4.057137E-06,2.282373,2.829008
8.068552,1.560387E-12,3.484001E-06,2.281738,2.830304
8.086012,1.339957E-12,2.99183E-06,2.280628,2.831152
8.101711,1.150667E-12,2.569187E-06,2.279965,2.830989
8.118254,1.018677E-12,2.274482E-06,2.279669,2.832031
8.135452,8.747724E-13,1.953175E-06,2.278294,2.832618
8.151387,7.511968E-13,1.677258E-06,2.277122,2.832248
8.168723,6.650292E-13,1.484864E-06,2.276306,2.832273
8.184521,5.710832E-13,1.275104E-06,2.275415,2.832234
8.201167,5.055758E-13,1.12884E-06,2.274794,2.831977
8.21817,4.341552E-13,9.693736E-07,2.274117,2.831963
8.234221,3.728238E-13,8.324341E-07,2.273235,2.831686
8.250787,3.300582E-13,7.369479E-07,2.272864,2.831492
8.267353,2.834322E-13,6.328422E-07,2.272159,2.831829
8.283921,2.509205E-13,5.602506E-07,2.271621,2.832193
8.300487,2.15474E-13,4.811063E-07,2.270826,2.831883
8.317054,1.907576E-13,4.259199E-07,2.270458,2.832223
8.334333,1.6381E-13,3.657519E-07,2.26982,2.832183
8.350186,1.406693E-13,3.140836E-07,2.26958,2.832166
8.366754,1.245335E-13,2.780559E-07,2.269354,2.831917
8.38343,1.069412E-13,2.387761E-07,2.268872,2.83192
8.400283,9.467424E-14,2.113868E-07,2.268128,2.832
8.416452,8.129999E-14,1.81525E-07,2.268127,2.832591
8.433022,6.981506E-14,1.558817E-07,2.267835,2.832798
8.450111,5.995257E-14,1.338609E-07,2.266729,2.83409
8.466682,5.148331E-14,1.149509E-07,2.2666,2.835489
8.483473,4.55778E-14,1.017652E-07,2.266417,2.836007
8.49981,3.913921E-14,8.738925E-08,2.266358,2.837401
8.516379,3.361017E-14,7.504413E-08,2.26546,2.838324
8.532944,2.975484E-14,6.643603E-08,2.26456,2.838516
8.550179,2.55515E-14,5.705088E-08,2.263915,2.839591
8.566201,2.262056E-14,5.050673E-08,2.263166,2.840793
8.582644,1.942504E-14,4.337185E-08,2.262719,2.842103
8.599668,1.668094E-14,3.724488E-08,2.261779,2.842379
8.61578,1.476752E-14,3.297263E-08,2.261274,2.842688
8.632346,1.268137E-14,2.831472E-08,2.260812,2.842608
8.648911,1.122673E-14,2.506682E-08,2.260719,2.842609
8.665478,9.640771E-15,2.152573E-08,2.260035,2.842232
8.682162,8.534906E-15,1.905657E-08,2.259175,2.841976
8.698682,7.329214E-15,1.636453E-08,2.25817,2.841997
8.71518,6.293846E-15,1.405278E-08,2.257281,2.842254
8.731745,5.571896E-15,1.244082E-08,2.25642,2.842561
8.748469,4.784777E-15,1.068336E-08,2.254947,2.843038
8.765677,3.985586E-15,8.898937E-09,2.253273,2.844176
8.781447,3.637536E-15,8.12182E-09,2.252114,2.844693
8.79855,3.029966E-15,6.765248E-09,2.249533,2.84558
8.814579,2.682407E-15,5.989226E-09,2.247292,2.845813
8.831145,2.303475E-15,5.143152E-09,2.245115,2.846653
8.847713,2.03925E-15,4.553196E-09,2.243381,2.847328
8.864315,1.751173E-15,3.909984E-09,2.240651,2.846293
8.88102,1.503792E-15,3.357636E-09,2.238847,2.845935
8.897412,1.331296E-15,2.972491E-09,2.238705,2.845546
8.91449,1.143229E-15,2.55258E-09,2.238322,2.843615
8.930546,1.012093E-15,2.25978E-09,2.238515,2.842327
8.947115,8.691186E-16,1.94055E-09,2.238725,2.840559
8.963827,7.463417E-16,1.666417E-09,2.238349,2.837946
8.980247,6.607309E-16,1.475267E-09,2.238264,2.835888
8.996819,5.673921E-16,1.266862E-09,2.238218,2.833635
9.013792,5.023082E-16,1.121543E-09,2.238423,2.831815
9.029948,4.313492E-16,9.631075E-10,2.238646,2.828733
9.047357,3.818703E-16,8.526321E-10,2.238518,2.825993
9.063081,3.27925E-16,7.321842E-10,2.238145,2.82375
9.079648,2.816004E-16,6.287514E-10,2.236995,2.823538
9.096215,2.492988E-16,5.566292E-10,2.235893,2.823414
9.113203,2.140813E-16,4.779964E-10,2.233921,2.82378
9.129348,1.895247E-16,4.231668E-10,2.232024,2.823929
9.146275,1.578687E-16,3.524861E-10,2.22862,2.824652
9.162573,1.355673E-16,3.026918E-10,2.225433,2.825681
9.179048,1.200167E-16,2.679708E-10,2.223363,2.82675
9.195614,1.030624E-16,2.301157E-10,2.221184,2.828083
9.212179,9.124044E-17,2.037198E-10,2.220492,2.828302
9.228745,7.835128E-17,1.749411E-10,2.220132,2.828824
9.245315,6.728291E-17,1.502279E-10,2.22126,2.82899
9.261881,5.956508E-17,1.329956E-10,2.224301,2.823874
9.278448,5.115056E-17,1.142079E-10,2.23312,2.809062
9.295092,4.528322E-17,1.011074E-10,2.241939,2.789326
9.311582,3.888624E-17,8.682439E-11,2.252135,2.758753
9.328147,3.442571E-17,0.00972135,2.254679,2.734525
9.344765,2.956253E-17,0.05537742,2.252606,2.708228
9.361283,2.538635E-17,0.1343096,2.268729,2.699069
9.378423,2.247435E-17,0.2215192,2.292989,2.695965
9.394416,1.929949E-17,0.3335902,2.320872,2.703087
9.410982,1.70857E-17,0.4254098,2.345512,2.721985
9.42771,1.467207E-17,0.543129,2.387637,2.751543
9.444319,1.259941E-17,0.6448772,2.442166,2.790408
9.460682,1.115416E-17,0.7125773,2.49162,2.82195
9.477248,9.57846E-18,0.7844033,2.555373,2.862137
9.493816,8.479742E-18,0.831758,2.606718,2.893736
9.510384,7.281843E-18,0.8826215,2.667387,2.930829
9.526951,6.446563E-18,0.9187536,2.710719,2.95858
9.544238,5.369807E-18,0.9654219,2.768895,2.99725
9.560084,4.611236E-18,0.998586,2.815182,3.025352
9.577302,4.082294E-18,1.020269,2.850738,3.046542
9.593838,3.505605E-18,1.044546,2.891618,3.069633
9.610026,3.010382E-18,1.063912,2.930738,3.089736
9.626349,2.66507E-18,1.077237,2.962516,3.103258
9.642917,2.288586E-18,1.091498,2.999445,3.117472
9.659483,2.026069E-18,1.101914,3.021833,3.126621
9.676049,1.739854E-18,1.11291,3.036642,3.132988
9.692616,1.540281E-18,1.117694,3.036639,3.134067
9.709579,1.322691E-18,1.114423,3.017353,3.136935
9.725749,1.13584E-18,1.082506,2.983591,3.147642
9.742317,0.004358414,1.037308,2.946924,3.161747
9.759091,0.02628561,0.9636894,2.88943,3.185867
9.775448,0.05810487,0.8951143,2.834039,3.207597
9.792335,0.1142294,0.7917619,2.750599,3.236866
9.808582,0.1619511,0.6829885,2.64905,3.27219
9.825736,0.1738183,0.6046448,2.565062,3.303801
9.841717,0.1648703,0.519229,2.469733,3.339693
9.85861,0.1479182,0.4596696,2.405554,3.360905
9.875222,0.1232117,0.382892,2.325044,3.379146
9.891416,0.112452,0.3494551,2.290828,3.378612
9.908118,0.09366937,0.2910863,2.228248,3.376221
9.92455,0.08043708,0.2499657,2.182152,3.382166
9.941117,0.07121037,0.2212929,2.150934,3.38678
9.957684,0.06115077,0.1900317,2.118918,3.391729
9.974251,0.05413634,0.1682337,2.099295,3.392652
9.990818,0.04648872,0.144468,2.080524,3.392551
10.00738,0.03992144,0.1240596,2.067223,3.391309
10.02474,0.03534217,0.1098291,2.060112,3.387391
10.04054,0.03034952,0.09431397,2.057057,3.377511
10.05708,0.02686822,0.08349549,2.057994,3.367438
10.07365,0.02307265,0.07170042,2.061976,3.353639
10.09022,0.01981327,0.06157159,2.065653,3.336995
10.1069,0.01754054,0.05450889,2.068762,3.324413
10.12341,0.01506266,0.04680863,2.075761,3.30855
10.14027,0.01333487,0.04143935,2.082592,3.295799
10.15648,0.0114511,0.03558538,2.094974,3.277359
10.17305,0.01013758,0.03150348,2.106165,3.260704
10.18962,0.008705485,0.02705311,2.121159,3.237967
10.20618,0.007475696,0.02323143,2.138572,3.215883
10.22275,0.00661818,0.02056662,2.153374,3.197702
10.23932,0.005683257,0.01766125,2.169302,3.17539
10.25608,0.005031346,0.01563538,2.181153,3.157814
10.27259,0.00419097,0.01302383,2.19709,3.132019
10.28916,0.003598929,0.01118401,2.20822,3.113669
10.30639,0.003186106,0.009901124,2.215572,3.10063
10.32215,0.002736018,0.008502432,2.223561,3.086946
10.33878,0.002422177,0.007527142,2.229735,3.076963
10.35532,0.002080006,0.006463813,2.236305,3.06496
10.37185,0.001786172,0.005550696,2.242195,3.054029
10.38842,0.001581285,0.004913991,2.245641,3.045237
10.40544,0.001357903,0.004219811,2.249921,3.035174
10.42155,0.001202142,0.003735769,2.25195,3.027672
10.4383,0.00103232,0.003208032,2.255082,3.018942
10.45468,0.0008864883,0.002754846,2.258602,3.010907
10.47131,0.0007848017,0.002438846,2.261056,3.004194
10.48782,0.0006739359,0.00209432,2.263159,2.995665
10.50463,0.0005966306,0.001854086,2.2645,2.988724
10.52095,0.000512347,0.001592167,2.265611,2.978125
10.53752,0.0004535771,0.001409534,2.267279,2.968555
10.55449,0.0003895021,0.001210415,2.270489,2.954863
10.57065,0.0003344787,0.001039424,2.274118,2.940015
10.58738,0.0002961115,0.0009201948,2.276805,2.927969
10.60378,0.0002542811,0.0007902026,2.280082,2.913538
10.62035,0.0002251132,0.0006995607,2.283223,2.901944
10.63692,0.0001933124,0.0006007366,2.286723,2.887217
10.65348,0.0001660039,0.000515873,2.288599,2.872901
10.67005,0.0001425532,0.0004429977,2.289336,2.859504
10.68741,0.0001224153,0.0003804172,2.287692,2.848033
10.70381,0.0001083734,0.0003367806,2.284798,2.840229
10.71975,9.306391E-05,0.000289205,2.281261,2.832003
10.73632,7.991715E-05,0.0002483502,2.278257,2.824957
10.75329,7.075007E-05,0.0002198626,2.27529,2.819509
10.76945,6.075549E-05,0.0001888035,2.271443,2.813097
10.78681,5.37864E-05,0.0001671464,2.26984,2.808736
10.80258,4.618821E-05,0.0001435343,2.267602,2.803529
10.81915,4.089009E-05,0.0001270699,2.266439,2.799957
10.83601,3.511372E-05,0.0001091192,2.265229,2.796607
10.85257,3.015334E-05,9.370441E-05,2.262778,2.792848
10.86947,2.669454E-05,8.295584E-05,2.262159,2.791648
10.88555,2.292351E-05,7.123701E-05,2.261323,2.789472
10.90198,2.029402E-05,6.306561E-05,2.261171,2.788095
10.91855,1.742716E-05,5.415659E-05,2.261006,2.786077
10.93568,1.496529E-05,4.65061E-05,2.260573,2.783807
10.9518,1.324867E-05,4.117152E-05,2.260798,2.782232
10.96842,1.137708E-05,3.535538E-05,2.26096,2.779091
10.98546,9.769888E-06,3.036087E-05,2.261372,2.776659
11.00184,8.389736E-06,2.607191E-05,2.261991,2.773475
11.01806,7.657086E-06,2.379513E-05,2.262108,2.771707
11.03452,6.378138E-06,1.982068E-05,2.263152,2.768621
11.05108,5.477124E-06,1.702069E-05,2.26328,2.766264
11.06765,4.848858E-06,1.50683E-05,2.264642,2.764691
11.08422,4.16388E-06,1.293966E-05,2.266537,2.762315
11.10078,3.575665E-06,1.111173E-05,2.268139,2.760584
11.11735,3.165511E-06,9.83713E-06,2.270056,2.759987
11.13392,2.718332E-06,8.447479E-06,2.273456,2.759989
11.15049,2.40652E-06,7.478492E-06,2.275944,2.760281
11.16705,2.06656E-06,6.422035E-06,2.279916,2.761097
11.18362,1.829511E-06,5.685382E-06,2.283658,2.761271
11.20019,1.571063E-06,4.88223E-06,2.287909,2.76277
11.21675,1.349125E-06,4.192537E-06,2.290439,2.763774
11.23332,1.194371E-06,3.711623E-06,2.292118,2.764488
11.25039,1.025647E-06,3.187297E-06,2.294362,2.765823
11.26645,9.079977E-07,2.821691E-06,2.295282,2.766893
11.28302,7.797285E-07,2.423082E-06,2.294785,2.767915
11.29958,6.695794E-07,2.080783E-06,2.293826,2.769914
11.31625,5.927739E-07,1.842103E-06,2.292797,2.771344
11.33272,5.090351E-07,1.581876E-06,2.292402,2.77344
11.34928,4.506451E-07,1.400424E-06,2.290688,2.776513
11.36639,3.869843E-07,1.202592E-06,2.28976,2.782682
11.38242,3.425944E-07,1.064646E-06,2.288932,2.788409
11.39898,2.941975E-07,9.142474E-07,2.287131,2.794876
11.41606,2.450582E-07,7.615426E-07,2.285948,2.803552
11.43212,2.169483E-07,6.741882E-07,2.285266,2.80918
11.44928,1.863009E-07,5.789483E-07,2.284222,2.816384
11.46525,1.599829E-07,4.971627E-07,2.28306,2.823136
11.48201,1.416317E-07,4.401345E-07,2.282409,2.827639
11.49838,1.21624E-07,3.779585E-07,2.281795,2.832501
11.51495,1.076728E-07,3.346039E-07,2.282436,2.835656
11.53173,9.246232E-08,2.873358E-07,2.283504,2.839368
11.54833,8.185623E-08,2.543763E-07,2.284823,2.841726
11.56571,7.029273E-08,2.184416E-07,2.286701,2.844882
11.58211,6.036276E-08,1.875832E-07,2.289453,2.84617
11.59868,5.343871E-08,1.660661E-07,2.291228,2.847174
11.61544,4.588964E-08,1.426066E-07,2.293306,2.848164
11.63181,4.062577E-08,1.262486E-07,2.294074,2.848657
11.64896,3.384013E-08,1.051616E-07,2.295587,2.847743
11.66495,3.088498E-08,9.597812E-08,2.296281,2.846767
11.68151,2.652198E-08,8.241967E-08,2.29685,2.844664
11.69808,2.277533E-08,7.077657E-08,2.297013,2.843714
11.71465,1.955795E-08,6.077824E-08,2.297135,2.842898
11.73121,1.679508E-08,5.219234E-08,2.296401,2.841967
11.74838,1.44225E-08,4.481934E-08,2.295207,2.84115
11.76435,1.276814E-08,3.967824E-08,2.294318,2.842173
11.78091,1.096444E-08,3.407306E-08,2.292261,2.84417
11.79751,9.706738E-09,3.016463E-08,2.2897,2.845704
11.81405,8.335506E-09,2.59034E-08,2.286626,2.84858
11.83061,7.379363E-09,2.293209E-08,2.284419,2.851054
11.84741,6.336911E-09,1.969257E-08,2.280412,2.853457
11.86385,5.441721E-09,1.691068E-08,2.278368,2.856325
11.88044,4.817517E-09,1.49709E-08,2.27627,2.858758
11.89688,4.136965E-09,1.285602E-08,2.273715,2.860646
11.91345,3.662426E-09,1.138134E-08,2.273015,2.861993
11.93014,3.14505E-09,9.773545E-09,2.271724,2.86369
11.94732,2.700761E-09,8.392876E-09,2.271199,2.866019
11.96315,2.390965E-09,7.430152E-09,2.270496,2.867041
11.97971,2.053203E-09,6.380525E-09,2.269314,2.868846
11.99648,1.817686E-09,5.648633E-09,2.26911,2.870134
12.01299,1.560909E-09,4.850673E-09,2.268962,2.870397
12.02949,1.381861E-09,4.294266E-09,2.268499,2.870934
12.04598,1.186651E-09,3.687632E-09,2.267863,2.87165
12.06255,1.019018E-09,3.166695E-09,2.266778,2.872573
12.07917,8.750652E-10,2.719349E-09,2.266677,2.872766
12.09628,7.514483E-10,2.335198E-09,2.266589,2.87378
12.11225,6.452942E-10,2.005313E-09,2.267071,2.874384
12.12893,5.712744E-10,1.77529E-09,2.266833,2.875029
12.14538,4.905727E-10,1.524502E-09,2.266433,2.876005
12.16255,4.343005E-10,1.34963E-09,2.266268,2.876181
12.17852,3.729486E-10,1.158973E-09,2.266796,2.876455
12.19508,3.301687E-10,1.026031E-09,2.266881,2.876861
12.21165,2.835271E-10,8.810875E-10,2.267612,2.876996
12.22822,2.434744E-10,7.566198E-10,2.267958,2.877129
12.24481,2.155461E-10,6.698301E-10,2.268766,2.877459
12.26135,1.850968E-10,5.752059E-10,2.270079,2.87697
12.27794,1.638649E-10,5.092256E-10,2.270062,2.87617
12.29449,1.407163E-10,4.372893E-10,2.2712,2.875273
12.31105,1.208379E-10,3.755152E-10,2.271313,2.874528
12.32761,1.069769E-10,3.32441E-10,2.271736,2.8743
12.34461,9.186473E-11,2.854784E-10,2.271217,2.873966
12.36075,8.132719E-11,2.52732E-10,2.270778,2.874059
12.37771,6.983843E-11,2.170296E-10,2.271208,2.873494
12.39424,6.182746E-11,1.921347E-10,2.271069,2.873093
12.41045,5.309335E-11,1.649926E-10,2.270918,2.872348
12.4273,4.422527E-11,1.374342E-10,2.270765,2.872247
12.44358,4.036321E-11,1.254325E-10,2.270698,2.872651
12.46043,3.362143E-11,1.044818E-10,2.270855,2.872208
12.47679,2.976481E-11,9.249696E-11,2.270457,2.872229
12.49328,2.556005E-11,7.943029E-11,2.270376,2.872205
12.51013,2.194929E-11,6.820949E-11,2.270323,2.87245
12.52641,1.943155E-11,6.038537E-11,2.270012,2.87329
12.54343,1.668653E-11,5.185498E-11,2.269719,2.87339
12.55955,1.477247E-11,4.590684E-11,2.269751,2.873601
12.57637,1.268562E-11,3.942176E-11,2.269512,2.873092
12.59272,1.089357E-11,3.385281E-11,2.269281,2.873203
12.60925,9.644E-12,2.996965E-11,2.269364,2.873991
12.62637,8.281631E-12,2.573596E-11,2.268906,2.874249
12.64238,7.331669E-12,2.278386E-11,2.268475,2.8749
12.659,6.295954E-12,1.956528E-11,2.268391,2.875929
12.67552,5.573763E-12,1.7321E-11,2.268575,2.87667
12.69208,4.78638E-12,1.487413E-11,2.268494,2.877388
12.70865,4.110227E-12,1.277292E-11,2.268133,2.878039
12.72536,3.638755E-12,1.130778E-11,2.2675,2.878264
12.74183,3.124723E-12,9.710372E-12,2.267305,2.878493
12.75842,2.766295E-12,8.596523E-12,2.267614,2.878375
12.77531,2.375511E-12,7.382128E-12,2.267686,2.87804
12.79228,1.978734E-12,6.149106E-12,2.26695,2.877512
12.80805,1.805938E-12,5.612123E-12,2.266926,2.876856
12.82467,1.504295E-12,4.674741E-12,2.265461,2.876267
12.84118,1.331742E-12,4.138515E-12,2.264834,2.876413
12.85817,1.143612E-12,3.553884E-12,2.262739,2.877185
12.87447,9.820586E-13,3.051841E-12,2.260639,2.877865
12.89131,8.694094E-13,2.701773E-12,2.258545,2.87841
12.90803,7.465914E-13,2.320104E-12,2.255925,2.880048
12.92408,6.609521E-13,2.053972E-12,2.252943,2.881189
12.94075,5.675821E-13,1.763816E-12,2.249976,2.883016
12.95745,4.87402E-13,1.514648E-12,2.246854,2.884293
12.97371,4.314935E-13,1.340907E-12,2.244339,2.884922
12.99028,3.705382E-13,1.151483E-12,2.243434,2.88593
13.00715,3.280348E-13,1.019399E-12,2.242184,2.886397
13.02358,2.816946E-13,8.753927E-13,2.241876,2.886854
13.04008,2.493822E-13,7.749789E-13,2.242808,2.886368
13.05655,2.14153E-13,6.655007E-13,2.244645,2.886069
13.07311,1.839005E-13,5.714881E-13,2.247988,2.884072
13.09023,1.628058E-13,5.059343E-13,2.251659,2.882149
13.10626,1.398069E-13,4.34463E-13,2.25568,2.879321
13.12282,1.2377E-13,3.846269E-13,2.258761,2.877378
13.13938,1.062855E-13,3.302922E-13,2.261487,2.874075
13.15595,9.127098E-14,2.836331E-13,2.26412,2.871248
13.17272,8.080154E-14,2.510984E-13,2.265941,2.868811
13.18908,6.938704E-14,2.156268E-13,2.267927,2.865297
13.20565,5.958501E-14,1.85166E-13,2.269333,2.861705
13.22222,5.116768E-14,1.590084E-13,2.270839,2.857526
13.23879,4.393942E-14,1.365459E-13,2.271312,2.853638
13.25535,3.889926E-14,1.208831E-13,2.272035,2.851209
13.27194,3.340412E-14,1.038064E-13,2.27316,2.84793
13.28848,2.957242E-14,9.189909E-14,2.274527,2.845009
13.30563,2.539485E-14,7.891687E-14,2.276431,2.840029
13.32162,2.248187E-14,6.986454E-14,2.278569,2.835419
13.33866,1.930595E-14,5.999505E-14,2.281597,2.827829
13.35475,1.657868E-14,5.15198E-14,2.283914,2.8196
13.37131,1.467698E-14,4.561011E-14,2.285759,2.812481
13.38788,1.260362E-14,3.916695E-14,2.286358,2.801951
13.40447,1.11579E-14,3.467422E-14,2.285038,2.794246
13.42101,9.581665E-15,2.977594E-14,2.280311,2.785161
13.43758,8.228102E-15,2.556961E-14,2.272879,2.778533
13.45423,7.284279E-15,2.263659E-14,2.265366,2.774413
13.47124,6.255258E-15,1.943881E-14,2.252391,2.77069
13.48728,5.537736E-15,1.720904E-14,2.23597,2.770399
13.50432,4.755442E-15,1.477799E-14,2.203268,2.778313
13.52048,4.209959E-15,0.00883908,2.17217,2.788583
13.53698,3.615235E-15,0.04510803,2.13344,2.806677
13.55355,3.104526E-15,0.1000282,2.105335,2.832712
13.57011,2.665962E-15,0.1822417,2.096628,2.8606
13.58736,2.289352E-15,0.2754186,2.099964,2.9024
13.60325,1.965944E-15,0.3734535,2.113481,2.964202
13.61981,1.740436E-15,0.448217,2.137601,3.01914
13.63673,1.494572E-15,0.5322018,2.186896,3.088576
13.65295,1.323134E-15,0.5947559,2.246245,3.140384
13.67008,1.13622E-15,0.6594496,2.336365,3.196536
13.68608,1.005887E-15,0.6999513,2.41285,3.229855
13.70305,0.01434642,0.7448723,2.506677,3.256604
13.71922,0.3117088,0.7872577,2.598198,3.273172
13.73634,0.5520318,0.8228667,2.666143,3.285461
13.75235,1.041264,0.8622805,2.748426,3.301136
13.76892,1.264096,0.8884016,2.812313,3.314771
13.78561,1.521463,0.9154773,2.888604,3.330767
13.80264,1.643702,0.9378278,2.953158,3.345632
13.81886,1.553056,0.9474834,2.992282,3.355026
13.8354,1.359525,0.9502615,3.019963,3.363032
13.85175,1.203577,0.9399631,3.025307,3.368693
13.86832,1.033553,0.9124585,3.019865,3.377105
13.88493,0.914997,0.888352,3.006337,3.385211
13.90145,0.785739,0.8442611,2.977556,3.397224
13.91802,0.6747408,0.7868431,2.936711,3.408917
13.93458,0.5973432,0.7271439,2.893907,3.418244
13.95129,0.4975701,0.6278445,2.812093,3.428199
13.96871,0.4272804,0.540222,2.73446,3.428899
13.98428,0.3782683,0.4782547,2.672537,3.420308
14.0009,0.3248319,0.4106936,2.600672,3.396378
14.01781,0.2875713,0.363584,2.55015,3.372635
14.03399,0.2469473,0.312222,2.496157,3.33567
14.05098,0.2186206,0.2764079,2.457297,3.301403
14.06712,0.187737,0.2373609,2.412149,3.256504
14.08438,0.1612161,0.2038299,2.3717,3.214284
14.10025,0.1427235,0.1804491,2.342828,3.185442
14.11704,0.1225615,0.1549578,2.310486,3.157336
14.13339,0.1085028,0.137183,2.286041,3.143039
14.15037,0.09317506,0.1178037,2.258313,3.130265
14.16652,0.08248721,0.1042908,2.236995,3.125072
14.18372,0.07083458,0.08955806,2.212257,3.120991
14.19971,0.06082807,0.07690655,2.190448,3.120277
14.21623,0.05385065,0.06808482,2.175211,3.120827
14.23279,0.04624339,0.05846675,2.158388,3.122945
14.24935,0.04093894,0.0517602,2.148275,3.124045
14.26592,0.03515566,0.04444825,2.138972,3.1223
14.28249,0.03018936,0.03816922,2.132928,3.117421
14.29929,0.02592463,0.03277721,2.127729,3.111861
14.31562,0.02295089,0.02901742,2.125996,3.108497
14.33218,0.01970871,0.02491825,2.124335,3.10388
14.34893,0.01692454,0.02139815,2.123758,3.097913
14.36544,0.01453368,0.01837532,2.12464,3.090014
14.38189,0.01286656,0.01626754,2.126128,3.084277
14.39858,0.01104895,0.01396949,2.127797,3.078022
14.41537,0.009781561,0.01236709,2.129196,3.073952
14.43158,0.008399758,0.01062004,2.130449,3.0683
14.44853,0.007213159,0.00911979,2.132098,3.062915
14.46472,0.006385758,0.008073685,2.133887,3.058266
14.4813,0.005483667,0.006933147,2.137293,3.052286
14.49822,0.004854651,0.006137865,2.140771,3.047136
14.51446,0.004168855,0.005270794,2.144909,3.040425
14.53098,0.003690657,0.004666196,2.14836,3.033503
14.54793,0.003169293,0.004007021,2.15253,3.024532
14.56412,0.00272158,0.003440966,2.157002,3.014825
14.58093,0.002409395,0.003046262,2.160787,3.006525
14.59731,0.002069029,0.002615929,2.165479,2.99598
14.61422,0.001831697,0.002315863,2.168875,2.9855
14.63039,0.00157294,0.001988711,2.172706,2.970553
14.6477,0.001310215,0.00165654,2.176982,2.951472
14.66361,0.001195798,0.001511879,2.179866,2.940864
14.68009,0.001026873,0.001298302,2.184132,2.924903
14.69665,0.0008818103,0.001114896,2.190655,2.909192
14.71322,0.0007572405,0.0009573994,2.201624,2.891456
14.73037,0.0006502682,0.0008221514,2.211857,2.873151
14.74648,0.0005756778,0.0007278447,2.219373,2.860154
14.78361,0.0005254056,0.0006642843,2.224385,2.849953
14.79433,0.0003874468,0.0004898593,2.238954,2.822134
14.8109,0.0003430038,0.0004336689,2.242515,2.813013
14.82746,0.000294549,0.0003724063,2.246689,2.801551
14.84403,0.0002529392,0.000319798,2.249956,2.792257
14.86104,0.0002172075,0.0002746214,2.254227,2.783753
14.87717,0.0001865235,0.0002358267,2.258767,2.775012
14.89373,0.0001651279,0.0002087757,2.263514,2.768385
14.9103,0.0001418009,0.0001792828,2.270629,2.759572
14.9269,0.0001217693,0.0001539562,2.277903,2.750565
14.94343,0.0001078015,0.0001362963,2.283032,2.743627
14.96,9.257278E-05,0.0001170423,2.289076,2.736034
14.97657,8.195402E-05,0.0001036167,2.29377,2.730198
14.99354,7.03767E-05,8.897921E-05,2.298315,2.723654
15.0097,6.043486E-05,7.640947E-05,2.301378,2.717761
15.02634,5.350255E-05,6.764475E-05,2.303214,2.713448
15.04338,4.594446E-05,5.808885E-05,2.305285,2.709023
15.0594,4.06743E-05,5.142564E-05,2.305826,2.705394
15.07597,3.492841E-05,4.416095E-05,2.306415,2.701549
15.09254,3.092187E-05,3.909537E-05,2.306553,2.698795
15.1091,2.655366E-05,3.357252E-05,2.306758,2.696115
15.12567,2.280253E-05,2.882987E-05,2.306343,2.69412
15.14224,2.018692E-05,2.552288E-05,2.305915,2.691936
15.15932,1.733519E-05,2.191736E-05,2.304814,2.68965
15.17537,1.534672E-05,1.940328E-05,2.304544,2.687679
15.19193,1.317875E-05,1.666226E-05,2.304184,2.68406
15.2085,1.166705E-05,1.475098E-05,2.303721,2.681009
15.22507,9.718326E-06,1.228715E-05,2.303596,2.676369
15.24163,8.345456E-06,1.05514E-05,2.303371,2.672926
15.2582,7.388172E-06,9.341076E-06,2.303558,2.670296
15.27477,6.344475E-06,8.0215E-06,2.303055,2.666821
15.29154,5.448217E-06,6.888335E-06,2.302897,2.663589
15.30822,4.823267E-06,6.098193E-06,2.303139,2.660309
15.32447,4.141904E-06,5.236726E-06,2.303303,2.655745
15.34598,3.556795E-06,4.496955E-06,2.302281,2.651509
15.36255,3.05434E-06,3.861689E-06,2.301959,2.648453
15.37912,2.622866E-06,3.316164E-06,2.301682,2.645281
15.39619,2.322004E-06,2.935776E-06,2.301489,2.642655
15.41256,1.993984E-06,2.521051E-06,2.301596,2.639737
15.42881,1.76526E-06,2.231868E-06,2.302004,2.6366
15.44538,1.515888E-06,1.916581E-06,2.302286,2.632842
15.46195,1.301745E-06,1.645834E-06,2.302827,2.629881
15.47852,1.152425E-06,1.457045E-06,2.30282,2.627026
15.49527,9.896269E-07,1.251214E-06,2.303569,2.622626
15.51165,8.761095E-07,1.107691E-06,2.304015,2.619714
15.52821,7.297747E-07,9.226752E-07,2.305015,2.615033
15.54478,6.266824E-07,7.923326E-07,2.304854,2.611796
15.56135,5.547974E-07,7.014463E-07,2.305444,2.609578
15.57792,4.764234E-07,6.023558E-07,2.305797,2.607078
15.59461,4.217742E-07,5.332612E-07,2.306853,2.605966
15.61105,3.621919E-07,4.579296E-07,2.308162,2.603711
15.62761,3.206458E-07,4.054017E-07,2.309229,2.602712
15.64426,2.753495E-07,3.481323E-07,2.309894,2.601207
15.66151,2.36452E-07,2.98953E-07,2.310184,2.599323
15.67732,2.093292E-07,2.64661E-07,2.310163,2.598528
15.694,1.797581E-07,2.272734E-07,2.309849,2.59674
15.71045,1.591386E-07,2.012035E-07,2.308719,2.595985
15.72711,1.366577E-07,1.727803E-07,2.306914,2.595148
15.74415,1.173526E-07,1.483723E-07,2.303933,2.594395
15.76015,1.038914E-07,1.313529E-07,2.301188,2.593617
15.77681,8.921511E-08,1.127973E-07,2.29679,2.592833
15.79328,7.898149E-08,9.98586E-08,2.292288,2.593072
15.80985,6.782409E-08,8.575199E-08,2.286288,2.594051
15.82642,6.004417E-08,7.591562E-08,2.282125,2.595316
15.84298,5.156197E-08,6.519132E-08,2.277031,2.59739
15.85972,4.427802E-08,5.5982E-08,2.272639,2.600867
15.8764,3.802304E-08,4.807365E-08,2.270314,2.603869
15.89268,3.366153E-08,4.255926E-08,2.268575,2.60572
15.90938,2.803911E-08,3.545067E-08,2.267468,2.608961
15.92581,2.482283E-08,3.138422E-08,2.267185,2.610527
15.94254,2.131621E-08,2.69507E-08,2.266487,2.613287
15.95895,1.887108E-08,2.385926E-08,2.266616,2.615478
15.97551,1.620524E-08,2.048876E-08,2.267095,2.61865
15.99245,1.434638E-08,1.813855E-08,2.268293,2.621099
16.00865,1.231973E-08,1.557619E-08,2.269391,2.624626
16.02522,1.057937E-08,1.337581E-08,2.270607,2.627354
16.04189,9.365839E-09,1.18415E-08,2.271702,2.629396
16.05835,8.042765E-09,1.01687E-08,2.273465,2.632015
16.07508,7.120202E-09,9.002282E-09,2.274488,2.634352
16.09153,6.11436E-09,7.730566E-09,2.276406,2.637154
16.10805,5.250609E-09,6.6385E-09,2.278609,2.638968
16.12529,4.648326E-09,5.877016E-09,2.280772,2.640507
16.14118,3.991675E-09,5.046794E-09,2.283197,2.642431
16.15775,3.533801E-09,4.467891E-09,2.285124,2.643008
16.17432,3.034596E-09,3.83673E-09,2.2875,2.644535
16.19088,2.686506E-09,3.396629E-09,2.290081,2.645444
16.2077,2.306994E-09,2.916801E-09,2.293485,2.645831
16.22471,1.921662E-09,2.429614E-09,2.299061,2.646527
16.24058,1.753849E-09,2.217443E-09,2.301163,2.647113
16.25715,1.50609E-09,1.904194E-09,2.305237,2.64753
16.27372,1.25453E-09,1.58614E-09,2.308807,2.647128
16.29028,1.110627E-09,1.404199E-09,2.311238,2.647732
16.30685,9.537331E-10,1.205833E-09,2.314154,2.647496
16.32342,8.44333E-10,1.067516E-09,2.315972,2.648383
16.34041,7.250575E-10,9.167119E-10,2.31738,2.648877
16.35672,6.418882E-10,8.115584E-10,2.318828,2.648997
16.37312,5.512113E-10,6.969129E-10,2.320406,2.6486
16.38968,4.733439E-10,5.984628E-10,2.321461,2.648798
16.40638,4.19048E-10,5.298149E-10,2.322441,2.649218
16.42293,3.598508E-10,4.5497E-10,2.324039,2.649611
16.43989,3.185733E-10,4.027816E-10,2.32587,2.649655
16.45595,2.735697E-10,3.458823E-10,2.327584,2.651091
16.47252,2.349236E-10,2.970209E-10,2.328764,2.653505
16.48935,2.079762E-10,2.629505E-10,2.330053,2.655988
16.50605,1.785962E-10,2.258045E-10,2.330902,2.659646
16.52222,1.5811E-10,1.999031E-10,2.331655,2.663145
16.53878,1.357744E-10,1.716636E-10,2.331721,2.666939
16.55549,1.202001E-10,1.519725E-10,2.331823,2.669876
16.57194,1.032199E-10,1.30504E-10,2.332688,2.673275
16.58879,8.863844E-11,1.120682E-10,2.333721,2.676802
16.60553,7.611684E-11,9.62368E-11,2.33406,2.680079
16.62162,6.738569E-11,8.519774E-11,2.33416,2.682055
16.63819,5.965606E-11,7.542495E-11,2.334556,2.684123
16.65482,4.969183E-11,6.282688E-11,2.335731,2.685678
16.67132,4.267207E-11,5.395158E-11,2.336334,2.687967
16.68788,3.777727E-11,4.776295E-11,2.336181,2.689647
16.70538,3.244063E-11,4.101566E-11,2.336164,2.691401
16.72102,2.871946E-11,3.631087E-11,2.335466,2.692387
16.73772,2.466237E-11,3.118138E-11,2.33466,2.693737
16.75438,2.117842E-11,2.677651E-11,2.334301,2.695194
16.77072,1.87491E-11,2.370505E-11,2.333534,2.695746
16.78738,1.610049E-11,2.035633E-11,2.33247,2.696621
16.80396,1.425365E-11,1.802132E-11,2.331887,2.697582
16.8246,1.187289E-11,1.501125E-11,2.331281,2.698277
16.84147,1.019566E-11,1.289067E-11,2.330809,2.698786
16.85773,9.026142E-12,1.141202E-11,2.330143,2.699755
16.87488,7.751056E-12,9.799891E-12,2.329857,2.70062
16.89112,6.861954E-12,8.675774E-12,2.3293,2.701405
16.90761,5.892593E-12,7.450182E-12,2.329133,2.70202
16.924,5.060171E-12,6.397725E-12,2.32899,2.703165
16.94064,4.479733E-12,5.66386E-12,2.328523,2.703102
16.95715,3.846899E-12,4.86375E-12,2.328192,2.703776
16.9737,3.405632E-12,4.305843E-12,2.327852,2.703908
16.99033,2.924532E-12,3.697573E-12,2.327342,2.704221
17.00683,2.589068E-12,3.273435E-12,2.327647,2.704019
17.0234,2.156621E-12,2.72668E-12,2.327775,2.704443
17.03996,1.851963E-12,2.341493E-12,2.327532,2.704654
17.05658,1.63953E-12,2.072907E-12,2.327542,2.704421
17.07348,1.40792E-12,1.780075E-12,2.327615,2.704362
17.08966,1.246422E-12,1.575888E-12,2.327888,2.705291
17.10623,1.070345E-12,1.353269E-12,2.328187,2.706256
17.1228,9.191414E-13,1.162098E-12,2.327364,2.706494
17.13936,8.137093E-13,1.028797E-12,2.327667,2.707178
17.15613,6.987599E-13,8.83463E-13,2.32714,2.707577
17.17257,6.186072E-13,7.821234E-13,2.327486,2.707555
17.18906,5.312191E-13,6.71636E-13,2.328706,2.7079
17.20563,4.561759E-13,5.767567E-13,2.329727,2.708761
17.22219,4.038492E-13,5.105986E-13,2.330341,2.70803
17.23876,3.467991E-13,4.384684E-13,2.331697,2.707453
17.25541,3.070187E-13,3.881729E-13,2.333796,2.706888
17.27189,2.636474E-13,3.333373E-13,2.335819,2.705042
17.28846,2.334052E-13,2.951011E-13,2.337155,2.70329
17.30503,2.00433E-13,2.534134E-13,2.3395,2.7
17.3218,1.721186E-13,2.176147E-13,2.341831,2.696884
17.33849,1.523754E-13,1.926527E-13,2.343915,2.693218
17.35473,1.308499E-13,1.654374E-13,2.347044,2.687942
17.37129,1.158405E-13,1.464606E-13,2.349977,2.684181
17.38795,9.649188E-14,1.219976E-13,2.355042,2.677325
17.40443,8.286086E-14,1.047635E-13,2.35998,2.671444
17.42151,7.335612E-14,9.274633E-14,2.362533,2.666108
17.43756,6.299339E-14,7.964443E-14,2.364444,2.657582
17.45413,5.57676E-14,7.050865E-14,2.365081,2.649239
17.4707,4.788953E-14,6.054818E-14,2.362308,2.642317
17.48726,4.112437E-14,5.199479E-14,2.357445,2.638043
17.50419,3.640711E-14,4.603061E-14,2.353749,2.634235
17.5204,3.126402E-14,3.952805E-14,2.348681,2.630264
17.53696,2.767781E-14,3.49939E-14,2.340442,2.632298
17.55445,2.376788E-14,3.005045E-14,2.32073,2.639962
17.5701,2.041029E-14,2.580534E-14,2.28477,2.654505
17.58694,1.806908E-14,2.284528E-14,2.248577,2.670656
17.6037,1.551654E-14,0.007004938,2.201818,2.70137
17.61979,1.373668E-14,0.01678987,2.169835,2.739153
17.63636,0.005337,0.04430954,2.152307,2.791053
17.65293,0.008591907,0.09509541,2.144074,2.834052
17.66949,0.007378162,0.170567,2.144253,2.892863
17.68641,0.00633588,0.2522238,2.166838,2.948777
17.70343,0.005440836,0.3173195,2.210531,3.003812
17.71965,0.004816733,0.3606773,2.257948,3.045287
17.73576,0.004264219,0.4045323,2.317706,3.083963
17.75258,0.003551975,0.4702576,2.426026,3.133966
17.76889,0.003050202,0.5256404,2.524558,3.16761
17.78546,0.002700322,0.5668527,2.602353,3.191125
17.80236,0.002318858,0.6093517,2.697919,3.217772
17.81859,0.002052868,0.6392499,2.769302,3.235816
17.83534,0.001762868,0.6744078,2.852507,3.254181
17.85179,0.001513835,0.6995375,2.926476,3.268521
17.8683,0.001340187,0.7116523,2.979646,3.278158
17.88486,0.001150864,0.72325,3.037589,3.288307
17.90143,0.001018852,0.7300157,3.074528,3.296231
17.918,0.0008749226,0.7350565,3.103365,3.306995
17.93456,0.0007513257,0.7339983,3.110551,3.319312
17.95183,0.0006651433,0.7260051,3.099442,3.332069
17.9677,0.0005711812,0.7031694,3.062182,3.356504
17.98448,0.0005056626,0.6682456,3.017022,3.382228
18.00115,0.0004342297,0.6071475,2.942493,3.416424
18.01774,0.0003844204,0.5439202,2.872061,3.442935
18.03396,0.0003301149,0.4670827,2.774329,3.475063
18.05053,0.0002834809,0.4010999,2.675807,3.503167
18.06732,0.0002509636,0.3550908,2.598508,3.519057
18.0837,0.000215511,0.3049286,2.510021,3.522126
18.10023,0.0001907903,0.2699511,2.457367,3.510262
18.11704,0.000158923,0.2248617,2.388368,3.472654
18.13336,0.0001450447,0.2052252,2.355899,3.449382
18.1505,0.0001208182,0.1709469,2.293611,3.395131
18.16649,0.0001037507,0.1467979,2.248487,3.357985
18.18306,9.184975E-05,0.1299591,2.217133,3.331507
18.19963,7.887451E-05,0.1116003,2.183652,3.297347
18.21703,6.773222E-05,0.09583497,2.155756,3.26577
18.23276,5.996285E-05,0.084842,2.13848,3.240402
18.24933,5.149214E-05,0.07285672,2.121477,3.206612
18.2659,4.558562E-05,0.06449953,2.110728,3.17656
18.28246,3.914593E-05,0.05538795,2.102483,3.138562
18.2994,3.465561E-05,0.04903455,2.099357,3.10975
18.31571,2.975996E-05,0.04210764,2.099174,3.074169
18.33253,2.555589E-05,0.03615926,2.100738,3.04161
18.34873,2.262444E-05,0.03201154,2.102656,3.016446
18.3653,1.942838E-05,0.02748939,2.105971,2.987573
18.38198,1.71998E-05,0.02433616,2.108718,2.965466
18.39859,1.477006E-05,0.02089829,2.113437,2.938093
18.41546,1.268355E-05,0.01794607,2.119476,2.913491
18.43157,1.122866E-05,0.01588753,2.125271,2.895611
18.44856,9.642427E-06,0.01364316,2.133328,2.875341
18.4647,8.536371E-06,0.01207819,2.139829,2.862676
18.48127,7.330472E-06,0.01037196,2.148063,2.848737
18.49783,6.489615E-06,0.009182218,2.154612,2.837411
18.5144,5.405668E-06,0.00764853,2.162159,2.82394
18.5316,4.642031E-06,0.006568053,2.168071,2.813786
18.54753,4.109557E-06,0.00581465,2.17288,2.80676
18.5641,3.529017E-06,0.004993237,2.178997,2.799281
18.58081,3.030487E-06,0.004287863,2.186202,2.79202
18.59723,2.682868E-06,0.003796014,2.192373,2.786053
18.6138,2.30387E-06,0.003259767,2.19994,2.777835
18.63037,2.0396E-06,0.002885848,2.205682,2.770618
18.64693,1.751474E-06,0.002478176,2.213373,2.760608
18.6635,1.550567E-06,0.002193911,2.218439,2.751953
18.68009,1.331525E-06,0.001883986,2.223146,2.743167
18.69664,1.143425E-06,0.001617843,2.227222,2.735382
18.71388,1.012266E-06,0.001432265,2.231008,2.729893
18.7302,8.692676E-07,0.001229935,2.236251,2.723377
18.74634,7.695564E-07,0.001088852,2.241861,2.717818
18.76307,6.608443E-07,0.0009350345,2.248096,2.710773
18.77946,5.674895E-07,0.000802946,2.253467,2.705569
18.79603,5.023944E-07,0.0007108423,2.257093,2.701207
18.8126,4.314231E-07,0.0006104245,2.26176,2.695386
18.82925,3.819358E-07,0.0005404045,2.265872,2.69018
18.84637,3.181418E-07,0.0004501418,2.271315,2.681175
18.8623,2.903595E-07,0.0004108322,2.27352,2.677006
18.87887,2.493416E-07,0.0003527956,2.276712,2.669783
18.89544,2.076945E-07,0.0002938689,2.280884,2.660878
18.91261,1.838705E-07,0.00026016,2.283933,2.655333
18.92857,1.578958E-07,0.0002234082,2.287616,2.64922
18.94514,1.397841E-07,0.0001977817,2.290766,2.645021
18.96184,1.200373E-07,0.0001698419,2.29463,2.640347
18.97827,1.030801E-07,0.000145849,2.298196,2.635786
18.99484,9.12561E-08,0.0001291191,2.300715,2.631963
19.01147,7.836471E-08,0.0001108789,2.304861,2.627422
19.02802,6.937572E-08,9.816032E-05,2.308592,2.623703
19.04454,5.957528E-08,8.42936E-05,2.31332,2.619242
19.06111,5.115932E-08,7.238578E-05,2.317696,2.61512
19.07774,4.529098E-08,6.408261E-05,2.321102,2.612521
19.09424,3.88929E-08,5.502992E-05,2.324653,2.608493
19.11081,3.443161E-08,4.87176E-05,2.327852,2.605224
19.12749,2.956759E-08,4.183546E-05,2.331819,2.601943
19.14433,2.617598E-08,3.703663E-05,2.334769,2.5997
19.16051,2.24782E-08,3.180462E-05,2.338342,2.596035
19.17707,1.93028E-08,2.731171E-05,2.340845,2.592658
19.19364,1.708863E-08,2.417886E-05,2.342768,2.590914
19.2104,1.467459E-08,2.076321E-05,2.344929,2.58796
19.22689,1.299131E-08,1.838152E-05,2.346084,2.5853
19.24351,1.115608E-08,1.578484E-05,2.348906,2.582017
19.26021,9.2927E-09,1.314833E-05,2.352129,2.578382
19.2767,8.226761E-09,1.164012E-05,2.353905,2.5757
19.29361,7.0646E-09,9.995766E-06,2.355623,2.572634
19.31028,6.254239E-09,8.84918E-06,2.356724,2.570628
19.32642,5.370728E-09,7.599093E-06,2.358043,2.56798
19.34274,4.612026E-09,6.525599E-06,2.35945,2.566288
19.35931,4.082993E-09,5.777067E-06,2.360069,2.566149
19.37611,3.506206E-09,4.960964E-06,2.359777,2.565546
19.39293,3.104019E-09,4.391906E-06,2.35893,2.56633
19.40901,2.665527E-09,3.771479E-06,2.35879,2.566858
19.42578,2.288978E-09,3.238697E-06,2.358679,2.567592
19.44214,2.026416E-09,2.867195E-06,2.358557,2.567868
19.45871,1.740153E-09,2.462158E-06,2.358187,2.568717
19.47528,1.540545E-09,2.179731E-06,2.358395,2.569755
19.49193,1.322918E-09,1.871809E-06,2.358048,2.570355
19.50841,1.17117E-09,1.657099E-06,2.357407,2.570879
19.52556,1.005723E-09,1.423007E-06,2.356361,2.571628
19.54154,8.636488E-10,1.221985E-06,2.355162,2.572529
19.55818,7.645821E-10,1.081814E-06,2.354288,2.573659
19.57468,6.565726E-10,9.289907E-07,2.352826,2.575419
19.59124,5.81259E-10,8.224288E-07,2.352501,2.576226
19.60781,4.991469E-10,7.062476E-07,2.351592,2.577573
19.62438,4.286344E-10,6.064788E-07,2.351067,2.579337
19.64102,3.68083E-10,5.20804E-07,2.350916,2.580304
19.65751,3.160854E-10,4.472321E-07,2.35023,2.580801
19.67465,2.798281E-10,3.959314E-07,2.349921,2.582421
19.69074,2.402979E-10,3.399998E-07,2.349094,2.582361
19.70721,2.06352E-10,2.919694E-07,2.350634,2.581215
19.7238,1.826819E-10,2.584785E-07,2.351426,2.579928
19.74034,1.568752E-10,2.219642E-07,2.352372,2.578808
19.75696,1.388805E-10,1.965034E-07,2.353547,2.577798
19.77432,1.192614E-10,1.687441E-07,2.355297,2.577244
19.79004,1.055813E-10,1.49388E-07,2.356111,2.576704
19.80661,9.066622E-11,1.282845E-07,2.356926,2.57633
19.82318,7.785817E-11,1.101623E-07,2.35736,2.576258
19.83974,6.892728E-11,9.752589E-08,2.357372,2.576687
19.85668,5.91902E-11,8.374881E-08,2.357469,2.576573
19.87302,5.240066E-11,7.414222E-08,2.357759,2.575819
19.88944,4.499823E-11,6.366844E-08,2.357785,2.575562
19.90601,3.864151E-11,5.467426E-08,2.357242,2.575649
19.92267,3.420905E-11,4.840273E-08,2.356694,2.575583
19.93932,2.937647E-11,4.156507E-08,2.356031,2.575351
19.95588,2.600678E-11,3.679726E-08,2.355612,2.575576
19.97228,2.23329E-11,3.159906E-08,2.355641,2.574797
19.98911,1.917802E-11,2.713519E-08,2.354844,2.574119
20.00541,1.697817E-11,2.402258E-08,2.354288,2.573629
20.02269,1.414234E-11,2.001014E-08,2.353281,2.573014
20.03902,1.252011E-11,1.771484E-08,2.353496,2.572086
20.05511,1.075145E-11,1.521233E-08,2.35385,2.571235
20.07194,9.232634E-12,1.306335E-08,2.354137,2.570478
20.08824,8.173585E-12,1.156489E-08,2.35481,2.570132
20.10481,7.018936E-12,9.931163E-09,2.355269,2.569249
20.12138,6.213813E-12,8.791987E-09,2.355511,2.569317
20.13866,5.336013E-12,7.549978E-09,2.356145,2.569123
20.15457,4.723934E-12,6.683941E-09,2.356587,2.56865
20.17108,4.056602E-12,5.739727E-09,2.356787,2.569157
20.18795,3.483542E-12,4.9289E-09,2.356941,2.56955
20.20421,3.083955E-12,4.363519E-09,2.357292,2.569602
20.22117,2.648297E-12,3.747103E-09,2.357975,2.569924
20.23734,2.344518E-12,3.317283E-09,2.359354,2.570223
20.25391,2.013318E-12,2.848664E-09,2.360592,2.570748
20.27098,1.728905E-12,2.446245E-09,2.361639,2.571747
20.28704,1.530587E-12,2.165643E-09,2.362307,2.572128
20.30361,1.314367E-12,1.859711E-09,2.363111,2.572975
20.3202,1.1636E-12,1.646389E-09,2.363628,2.573781
20.33743,9.69246E-13,1.371396E-09,2.363013,2.576215
20.35398,8.323245E-13,1.177664E-09,2.361722,2.579592
20.36988,7.596401E-13,1.074822E-09,2.361289,2.580801
20.38644,6.32759E-13,8.952969E-10,2.360791,2.583142
20.40301,5.60177E-13,7.925999E-10,2.3607,2.585367
20.41958,4.81043E-13,6.806326E-10,2.360054,2.587434
20.43652,4.13088E-13,5.844824E-10,2.358633,2.589474
20.45286,3.657039E-13,5.17438E-10,2.357908,2.590956
20.46934,3.140423E-13,4.443416E-10,2.357921,2.592542
20.48585,2.780194E-13,3.933724E-10,2.357586,2.593397
20.50275,2.387448E-13,3.378022E-10,2.356805,2.594904
20.51898,2.11359E-13,2.990539E-10,2.356024,2.596353
20.53563,1.815012E-13,2.568077E-10,2.355173,2.597408
20.55256,1.558612E-13,2.205295E-10,2.354443,2.59833
20.56868,1.379828E-13,1.952332E-10,2.353933,2.598804
20.58525,1.184906E-13,1.676534E-10,2.353377,2.599829
20.60192,1.048988E-13,1.484224E-10,2.35269,2.600722
20.61859,9.00802E-14,1.274553E-10,2.35231,2.601732
20.63541,7.974735E-14,1.128353E-10,2.35291,2.602681
20.65151,6.848177E-14,9.689551E-11,2.353911,2.60398
20.66808,5.880762E-14,8.320747E-11,2.354489,2.605113
20.68464,5.206197E-14,7.366298E-11,2.354847,2.605956
20.70129,4.470738E-14,6.32569E-11,2.35471,2.607083
20.71789,3.957912E-14,5.600088E-11,2.355026,2.608565
20.73466,3.29683E-14,4.664717E-11,2.355556,2.609344
20.75092,2.91866E-14,4.12964E-11,2.355784,2.609702
20.7681,2.506352E-14,3.546262E-11,2.355523,2.61084
20.78405,2.15229E-14,3.045296E-11,2.354177,2.612143
20.80061,1.905407E-14,2.695979E-11,2.354845,2.613044
20.8173,1.636238E-14,2.315128E-11,2.354434,2.613735
20.83381,1.405093E-14,1.98808E-11,2.353808,2.614885
20.85031,1.243919E-14,1.760033E-11,2.353671,2.615472
20.86688,1.068195E-14,1.5114E-11,2.354017,2.615838
20.88345,9.456658E-15,1.338031E-11,2.354131,2.61688
20.90001,8.120754E-15,1.149013E-11,2.354121,2.617612
20.91663,6.973567E-15,9.866965E-12,2.354661,2.617949
20.93315,6.173649E-15,8.735152E-12,2.354699,2.618176
20.94972,5.301522E-15,7.501172E-12,2.354318,2.618708
20.9676,4.693399E-15,6.640734E-12,2.354388,2.619156
20.98417,4.030382E-15,5.702624E-12,2.354641,2.619566
21.00074,3.568068E-15,5.048492E-12,2.354955,2.619898
21.01731,2.972101E-15,4.205252E-12,2.355233,2.620497
21.03387,2.552244E-15,3.611193E-12,2.354494,2.620701
21.05043,2.259483E-15,3.196963E-12,2.353978,2.621468
21.06713,1.940295E-15,2.745341E-12,2.353142,2.622647
21.08357,1.666197E-15,2.357518E-12,2.352699,2.623977
21.10013,1.475073E-15,2.087093E-12,2.352389,2.62495
21.1167,1.266695E-15,1.792258E-12,2.351169,2.625655
21.13327,1.121396E-15,1.586673E-12,2.35047,2.626753
21.15046,9.629809E-16,1.36253E-12,2.349574,2.62693
21.16647,8.5252E-16,1.206238E-12,2.34934,2.627264
21.18332,7.32088E-16,1.035838E-12,2.348868,2.62765
21.19954,6.286688E-16,8.895092E-13,2.349028,2.628283
21.21647,5.565559E-16,7.874761E-13,2.348857,2.628479
21.23267,4.779335E-16,6.762326E-13,2.348127,2.62925
21.24933,4.231111E-16,5.986638E-13,2.348068,2.629919
21.26587,3.633399E-16,5.14093E-13,2.347776,2.631069
21.28237,3.120123E-16,4.414692E-13,2.34779,2.6312
21.29893,2.762222E-16,3.908295E-13,2.348335,2.631063
21.3155,2.372014E-16,3.356186E-13,2.348904,2.630612
21.33207,2.099927E-16,2.971207E-13,2.349612,2.629669
21.34924,1.74918E-16,2.474932E-13,2.351629,2.626384
21.3652,1.59643E-16,2.258803E-13,2.353816,2.624953
21.38177,1.329781E-16,1.88152E-13,2.359594,2.62046
21.39908,1.141928E-16,1.615725E-13,2.365302,2.614435
21.4149,1.010941E-16,1.43039E-13,2.371302,2.607018
21.43187,8.681294E-17,1.228325E-13,2.379328,2.594948
21.44816,7.685488E-17,1.087427E-13,2.386588,2.583739
