26.54826,2.499071,3.040564,2.387872,2.372448
0.01656514,2.165009,2.974411,1.857001,3.696219
0.03313321,2.167549,2.971585,1.853613,3.696653
0.0497003,2.164684,2.970514,1.849995,3.696535
0.06627275,2.154326,2.96904,1.846381,3.695426
0.08283131,2.143506,2.968894,1.843928,3.69453
0.09939815,2.128285,2.969358,1.841961,3.692769
0.1163149,2.115256,2.970023,1.840007,3.690157
0.1325311,2.097827,2.970576,1.838302,3.687866
0.1494637,2.084276,2.971101,1.837059,3.686116
0.1658043,2.066985,2.970972,1.835779,3.684123
0.1825476,2.050425,2.9711,1.834697,3.682128
0.1989819,2.035456,2.972421,1.833868,3.679863
0.2156333,2.017133,2.973792,1.833604,3.677032
0.2319334,2.001659,2.973913,1.833472,3.675078
0.2493319,1.981288,2.973112,1.832691,3.673223
0.2654487,1.9599,2.97269,1.832029,3.671055
0.2816337,1.943553,2.97209,1.831796,3.670061
0.2982101,1.923565,2.970965,1.830977,3.668083
0.315512,1.908235,2.970289,1.830591,3.666009
0.331334,1.889256,2.968811,1.831646,3.662874
0.3479028,1.875602,2.968083,1.832048,3.66055
0.3646474,1.860102,2.966128,1.83318,3.657922
0.3810336,1.8465,2.964962,1.834461,3.65509
0.3975997,1.835431,2.964402,1.835669,3.653059
0.4141641,1.821941,2.963506,1.836547,3.650641
0.430731,1.804847,2.963494,1.837397,3.648864
0.4478025,1.793949,2.963094,1.837696,3.647264
0.4641994,1.780686,2.962656,1.838304,3.645117
0.4807411,1.77084,2.962934,1.838789,3.643974
0.4971893,1.758829,2.962785,1.839833,3.642574
0.5136493,1.749813,2.963057,1.840135,3.641979
0.530131,1.741381,2.962891,1.841255,3.641151
0.5469146,1.734123,2.963047,1.842542,3.639858
0.5632665,1.729335,2.962398,1.844544,3.63901
0.5802363,1.723796,2.961777,1.846728,3.638037
0.5963975,1.720793,2.961008,1.848841,3.637688
0.6129667,1.717274,2.961421,1.850417,3.635763
0.6295333,1.713298,2.961541,1.851517,3.635402
0.6465897,1.706591,2.962727,1.852715,3.634912
0.6626665,1.700556,2.964576,1.854027,3.635032
0.6792336,1.695887,2.966345,1.855294,3.635046
0.6957997,1.689653,2.969096,1.856524,3.635746
0.7125528,1.685678,2.970638,1.857514,3.636234
0.7296029,1.6792,2.973964,1.857574,3.636184
0.7454998,1.672215,2.977376,1.858456,3.636175
0.7620664,1.667664,2.979681,1.858633,3.635767
0.7786337,1.661195,2.983399,1.859092,3.635817
0.7951996,1.655041,2.985894,1.859196,3.635423
0.8117669,1.64667,2.988542,1.859048,3.634525
0.8283306,1.639768,2.991034,1.859183,3.634135
0.8451554,1.634033,2.992362,1.859277,3.63366
0.8616369,1.626384,2.99488,1.858813,3.633152
0.8780328,1.621345,2.996597,1.858384,3.63309
0.8945977,1.614109,2.998217,1.857756,3.632636
0.9117117,1.607321,2.999616,1.857808,3.63169
0.9277307,1.601902,3.000551,1.857785,3.630623
0.9442978,1.595983,3.00073,1.857524,3.629405
0.9612155,1.589834,3.001202,1.857508,3.628035
0.9774337,1.583916,3.002727,1.856995,3.626617
0.9944364,1.579161,3.003262,1.857058,3.625858
1.010564,1.574785,3.00364,1.856634,3.625022
1.027455,1.570437,3.004247,1.85657,3.624613
1.043698,1.566945,3.004025,1.856964,3.624084
1.060736,1.562839,3.00456,1.856828,3.623789
1.076831,1.559064,3.004311,1.856618,3.623354
1.093409,1.555206,3.004259,1.857096,3.622854
1.109967,1.550772,3.003905,1.858097,3.62216
1.126531,1.547516,3.00404,1.859763,3.621065
1.1431,1.543629,3.003769,1.863529,3.618911
1.159667,1.540618,3.005657,1.870333,3.615278
1.176233,1.540052,3.011682,1.882804,3.609121
1.192896,1.556693,3.019554,1.903011,3.59893
1.209366,1.628543,3.020753,1.914092,3.592488
1.226036,1.761188,3.030435,1.926232,3.594851
1.242497,1.795891,3.057375,1.955498,3.592399
1.259114,1.769359,3.058967,2.012633,3.578559
1.275633,1.75866,3.050962,2.078802,3.557844
1.2922,1.738134,3.039646,2.129411,3.513041
1.308805,1.653284,3.024844,2.182479,3.415318
1.325433,1.547884,3.031619,2.207361,3.252532
1.341899,1.409114,3.054917,2.231758,3.001205
1.358589,1.476778,3.068013,2.251682,2.855552
1.375031,1.916788,3.073506,2.278311,2.75663
1.3916,2.311707,3.072907,2.296272,2.725704
1.408501,2.272703,3.071144,2.30352,2.726028
1.424733,2.099756,3.071582,2.299195,2.735707
1.4413,1.979208,3.075459,2.285435,2.745376
1.457865,1.864305,3.082359,2.254196,2.754745
1.510638,1.643035,3.10124,2.122265,2.759479
1.527267,1.585624,3.103965,2.091034,2.761286
1.543775,1.523897,3.105057,2.057858,2.76625
1.560342,1.481935,3.103726,2.031054,2.77559
1.577301,1.458268,3.101279,2.01198,2.786164
1.59374,1.442511,3.099746,1.987951,2.80002
1.610042,1.429492,3.101795,1.96955,2.812943
1.626608,1.401174,3.103776,1.949272,2.830678
1.643222,1.369553,3.102369,1.933887,2.853254
1.659739,1.338563,3.098602,1.926061,2.877401
1.676308,1.311908,3.091445,1.921488,2.900405
1.692875,1.290151,3.086409,1.915856,2.919629
1.709457,1.259795,3.082995,1.908839,2.944844
1.726006,1.229585,3.081459,1.903078,2.967909
1.742572,1.207247,3.080992,1.900131,2.985637
1.759142,1.182739,3.081134,1.897021,3.00889
1.776233,1.164345,3.080122,1.895643,3.025933
1.792275,1.145923,3.079522,1.893398,3.046019
1.808841,1.130305,3.079576,1.891005,3.060832
1.825418,1.108421,3.079354,1.887772,3.077085
1.841975,1.085407,3.077998,1.885853,3.091631
1.858846,1.067255,3.075051,1.885764,3.101468
1.875108,1.04444,3.070939,1.885814,3.112014
1.891673,1.026955,3.069128,1.885421,3.119512
1.90861,1.004456,3.067873,1.884655,3.129504
1.925242,0.9825938,3.0673,1.882885,3.139463
1.941891,0.9667843,3.066154,1.882554,3.146681
1.957939,0.9509374,3.06299,1.885053,3.154769
1.974506,0.9413623,3.060643,1.887324,3.159658
1.991074,0.9310074,3.057162,1.888814,3.165639
2.007642,0.9225886,3.054902,1.88895,3.170454
2.024208,0.9096172,3.051847,1.889126,3.177059
2.040773,0.9017863,3.050174,1.888701,3.181131
2.057339,0.8981664,3.048433,1.888559,3.184151
2.073908,0.8984598,3.047242,1.88789,3.187828
2.090474,0.9012027,3.047366,1.886775,3.192107
2.107381,0.9030679,3.047395,1.885142,3.195607
2.123608,0.9060591,3.04719,1.883303,3.200739
2.140173,0.9114257,3.047238,1.882068,3.204396
2.157279,0.9240243,3.047072,1.880363,3.208604
2.173308,0.9364805,3.047407,1.878874,3.211914
2.189939,0.9493834,3.047448,1.876764,3.216455
2.207168,0.9596152,3.047235,1.875526,3.220338
2.223006,0.9665418,3.046961,1.874036,3.224023
2.239575,0.9747013,3.046843,1.872627,3.228275
2.256141,0.9816355,3.046058,1.871452,3.232196
2.273074,0.9927486,3.045784,1.869552,3.236424
2.289274,1.003348,3.045412,1.868174,3.239128
2.305841,1.015307,3.044647,1.866472,3.242651
2.322406,1.025567,3.042852,1.864719,3.245949
2.339292,1.033258,3.041677,1.863887,3.248717
2.355541,1.042148,3.040053,1.862482,3.252014
2.372107,1.051404,3.038317,1.86105,3.254077
2.388674,1.06624,3.03745,1.859198,3.257474
2.405241,1.081653,3.036222,1.856257,3.262101
2.421808,1.095015,3.034362,1.854392,3.264736
2.438374,1.116104,3.033224,1.851786,3.26857
2.455094,1.133183,3.031707,1.849004,3.271319
2.47154,1.153358,3.029223,1.845763,3.274515
2.488074,1.168936,3.02762,1.843536,3.277867
2.50464,1.178791,3.027028,1.841984,3.281252
2.521532,1.188533,3.025469,1.840008,3.285048
2.538095,1.195019,3.02456,1.838296,3.287628
2.554507,1.199336,3.023351,1.836576,3.290771
2.570907,1.200294,3.022304,1.835364,3.294344
2.587966,1.20199,3.022657,1.834458,3.297013
2.604041,1.205673,3.021708,1.833828,3.299404
2.621419,1.208189,3.021803,1.833089,3.301175
2.637813,1.210706,3.021266,1.832379,3.304426
2.65374,1.212345,3.020821,1.831824,3.306494
2.670338,1.21513,3.020422,1.830727,3.308984
2.687306,1.219834,3.020971,1.830059,3.311953
2.703441,1.223294,3.020577,1.829187,3.313723
2.720467,1.227658,3.019365,1.82902,3.316305
2.736572,1.231403,3.019438,1.828541,3.319014
2.753604,1.235555,3.018992,1.826849,3.324232
2.769708,1.236621,3.018234,1.826654,3.328061
2.786275,1.237671,3.017653,1.826279,3.332573
2.802841,1.23544,3.016554,1.826265,3.337886
2.819405,1.234216,3.015246,1.826694,3.342152
2.836461,1.231917,3.014205,1.827161,3.346933
2.85254,1.228847,3.014167,1.827296,3.351065
2.869106,1.226385,3.01398,1.827606,3.354384
2.885674,1.223515,3.013418,1.827944,3.357969
2.90224,1.222555,3.013043,1.827906,3.361934
2.918973,1.221364,3.01234,1.827928,3.366199
2.93583,1.22058,3.011727,1.828221,3.3707
2.951995,1.218485,3.011529,1.828151,3.374052
2.968505,1.215857,3.009609,1.828413,3.377718
2.985225,1.214056,3.008507,1.828595,3.381147
3.001641,1.212635,3.007871,1.828502,3.385497
3.018206,1.212333,3.007268,1.828674,3.388608
3.034773,1.212551,3.005676,1.828862,3.392786
3.051341,1.213012,3.004591,1.828749,3.396621
3.067944,1.212667,3.003773,1.828592,3.400194
3.084586,1.212564,3.001819,1.828509,3.404431
3.10104,1.213135,3.000754,1.828398,3.408203
3.117607,1.212136,2.999817,1.827485,3.412977
3.134173,1.211573,2.998118,1.827774,3.416351
3.15074,1.211311,2.996804,1.827281,3.422229
3.167307,1.211125,2.996417,1.827399,3.427581
3.183871,1.210123,2.995099,1.826542,3.431326
3.200859,1.208402,2.992674,1.825891,3.435377
3.217005,1.206641,2.991184,1.826206,3.439429
3.233571,1.204749,2.98931,1.826341,3.442935
3.250137,1.202084,2.986899,1.826858,3.446476
3.266706,1.199841,2.984952,1.827219,3.449748
3.28332,1.197313,2.983395,1.827046,3.453431
3.300154,1.195619,2.981859,1.827385,3.455887
3.316404,1.194525,2.979893,1.827481,3.459294
3.332974,1.191582,2.978195,1.827837,3.462219
3.349607,1.188233,2.976108,1.828085,3.464258
3.366275,1.180485,2.973567,1.82809,3.466482
3.382906,1.17323,2.972885,1.828035,3.468589
3.399732,1.162851,2.973103,1.828313,3.470201
3.415806,1.152543,2.97293,1.828551,3.471585
3.432465,1.145369,2.972868,1.828717,3.472824
3.449306,1.137282,2.972437,1.828599,3.474711
3.465504,1.131285,2.970429,1.82876,3.476182
3.482071,1.125162,2.966961,1.82807,3.477286
3.49864,1.119416,2.964416,1.827144,3.478462
3.515204,1.110264,2.96008,1.827065,3.480407
3.531773,1.102607,2.955249,1.826658,3.481762
3.548337,1.096274,2.950906,1.82645,3.483854
3.565271,1.08888,2.946566,1.826379,3.485869
3.58147,1.081658,2.942247,1.826316,3.4876
3.598037,1.076597,2.939121,1.826465,3.489022
3.614697,1.070606,2.935881,1.826964,3.490847
3.63117,1.066222,2.932912,1.827313,3.492197
3.648246,1.055369,2.930241,1.827401,3.493299
3.664306,1.047871,2.928193,1.827408,3.494641
3.68087,1.041126,2.925572,1.827484,3.49681
3.697471,1.03559,2.923098,1.827266,3.4981
3.714004,1.032655,2.921596,1.827279,3.499764
3.730666,1.031458,2.919949,1.827081,3.501485
3.747137,1.031573,2.918525,1.827116,3.502462
3.763706,1.032798,2.91703,1.827241,3.503801
3.780271,1.036641,2.914924,1.827331,3.505807
3.79684,1.03992,2.913777,1.827637,3.507726
3.813407,1.044725,2.911266,1.82738,3.510873
3.830006,1.049045,2.9097,1.82768,3.513631
3.84691,1.054275,2.907173,1.828599,3.517356
3.863123,1.058655,2.905177,1.83048,3.519953
3.879673,1.06423,2.903299,1.832938,3.52419
3.89635,1.069673,2.900537,1.83523,3.528517
3.912806,1.072869,2.898473,1.83665,3.530982
3.929608,1.07612,2.896147,1.838236,3.533934
3.946271,1.079141,2.894577,1.838712,3.536642
3.962506,1.081215,2.892792,1.838594,3.539676
3.979073,1.082156,2.891832,1.838219,3.542547
3.995637,1.083056,2.890466,1.838133,3.544549
4.012207,1.083163,2.889562,1.837575,3.546192
4.028772,1.083083,2.888174,1.837023,3.547776
4.045337,1.082373,2.886737,1.836596,3.548955
4.061904,1.081199,2.884938,1.836238,3.550233
4.078764,1.080497,2.884097,1.836396,3.551353
4.095037,1.080144,2.883227,1.836349,3.552575
4.112108,1.077534,2.882293,1.836494,3.553709
4.128173,1.073328,2.88113,1.836407,3.554624
4.145041,1.069778,2.879536,1.835946,3.55524
4.161306,1.064998,2.877607,1.835679,3.556495
4.177891,1.060046,2.87542,1.836024,3.557581
4.19444,1.056299,2.874225,1.835607,3.558159
4.211007,1.051993,2.872789,1.835388,3.559549
4.227592,1.04805,2.871887,1.835343,3.560466
4.244138,1.043787,2.870747,1.834862,3.561813
4.260771,1.040693,2.869502,1.835015,3.562687
4.277273,1.038078,2.868742,1.834872,3.563446
4.29384,1.037237,2.867207,1.835005,3.564106
4.310421,1.036963,2.867527,1.834157,3.564492
4.327291,1.037409,2.865873,1.833288,3.565278
4.34354,1.037228,2.865009,1.832823,3.566211
4.360106,1.038119,2.863861,1.833064,3.566645
4.376673,1.039532,2.863606,1.832631,3.567385
4.39324,1.04045,2.863749,1.832603,3.567685
4.409804,1.040361,2.863219,1.832236,3.568012
4.426749,1.040867,2.862764,1.83192,3.568285
4.44294,1.041914,2.862147,1.8317,3.568481
4.459507,1.043057,2.860713,1.831468,3.568396
4.476284,1.044144,2.860049,1.831599,3.568845
4.49264,1.044706,2.859442,1.831073,3.569008
4.509309,1.044722,2.858932,1.83095,3.569978
4.525773,1.045468,2.857645,1.830816,3.570537
4.542871,1.046382,2.856539,1.83041,3.571574
4.558906,1.047371,2.855489,1.829807,3.572258
4.575473,1.04829,2.855279,1.829834,3.572796
4.592038,1.04906,2.855521,1.829571,3.573322
4.608604,1.049792,2.85558,1.829349,3.574
4.625174,1.050661,2.855049,1.828885,3.574847
4.641778,1.051698,2.854909,1.829043,3.575019
4.659103,1.052288,2.855081,1.829178,3.57544
4.674871,1.052317,2.853933,1.829272,3.575707
4.691529,1.052811,2.853112,1.829666,3.575757
4.708006,1.052945,2.852673,1.830013,3.576074
4.724574,1.052051,2.852084,1.830594,3.576524
4.74114,1.050888,2.851533,1.830801,3.577015
4.757707,1.050486,2.851057,1.830727,3.577366
4.774271,1.050161,2.850617,1.831463,3.577738
4.79084,1.050143,2.849964,1.831278,3.577997
4.807594,1.050114,2.849985,1.831097,3.57828
4.824137,1.050098,2.849388,1.831782,3.579379
4.840677,1.050086,2.84944,1.831577,3.57975
4.857226,1.049509,2.849485,1.831355,3.580333
4.873673,1.049283,2.849544,1.831199,3.580569
4.89024,1.049102,2.849343,1.831304,3.580223
4.907341,1.049793,2.849154,1.83112,3.580166
4.923374,1.050382,2.84925,1.831273,3.58072
4.939954,1.050345,2.849348,1.830794,3.58091
4.957011,1.04974,2.849714,1.830402,3.581379
4.973072,1.050351,2.849754,1.829772,3.581723
4.98964,1.050337,2.850073,1.829524,3.582099
5.006625,1.051121,2.849478,1.829321,3.582587
5.022773,1.052375,2.84897,1.829417,3.582778
5.039352,1.053806,2.849362,1.829484,3.58359
5.055906,1.055254,2.849487,1.829557,3.583947
5.072473,1.057055,2.849815,1.829354,3.583946
5.089039,1.057966,2.849263,1.829719,3.58434
5.105606,1.058844,2.849658,1.829186,3.58514
5.122172,1.060124,2.849397,1.829279,3.585397
5.138739,1.061219,2.848892,1.829381,3.586047
5.155307,1.062226,2.848454,1.829452,3.586227
5.171873,1.063625,2.848665,1.830394,3.58706
5.18844,1.065107,2.848579,1.831477,3.586919
5.205424,1.067407,2.84846,1.831899,3.586973
5.221572,1.069459,2.848669,1.832195,3.5874
5.238139,1.070094,2.848822,1.832808,3.587407
5.254706,1.070355,2.84928,1.833551,3.587774
5.271273,1.071203,2.849955,1.834171,3.58837
5.287839,1.072486,2.850825,1.834557,3.588257
5.305243,1.073548,2.851847,1.835044,3.587356
5.320972,1.074005,2.852773,1.835612,3.58766
5.337538,1.073731,2.853528,1.836232,3.587991
5.354105,1.073585,2.854562,1.836664,3.588221
5.371556,1.073002,2.855752,1.836939,3.587979
5.387239,1.072022,2.856934,1.83708,3.588547
5.403806,1.070935,2.858159,1.837415,3.588131
5.420373,1.069655,2.860132,1.83808,3.58837
5.436939,1.069438,2.861508,1.83919,3.588617
5.453603,1.06952,2.862773,1.84043,3.588501
5.470173,1.070418,2.864059,1.841508,3.588713
5.486693,1.072108,2.865023,1.842482,3.588861
5.503206,1.075227,2.86546,1.843244,3.589586
5.519773,1.078068,2.866563,1.844019,3.58936
5.536349,1.081501,2.867613,1.844864,3.589433
5.552906,1.086117,2.867976,1.846146,3.589804
5.569472,1.09086,2.869081,1.846297,3.589827
5.586039,1.096107,2.869511,1.846837,3.590125
5.602606,1.100021,2.870141,1.847773,3.59041
5.619173,1.10453,2.870677,1.848961,3.590352
5.635739,1.108043,2.871165,1.849671,3.590586
5.652575,1.111709,2.871865,1.850856,3.590785
5.669056,1.115167,2.872749,1.851882,3.591239
5.685439,1.117715,2.873016,1.852531,3.591397
5.702006,1.120281,2.873685,1.853304,3.591482
5.718573,1.121387,2.873836,1.854072,3.591885
5.73514,1.122296,2.873619,1.853497,3.592731
5.751707,1.123084,2.87422,1.852737,3.593467
5.768469,1.123513,2.874754,1.851511,3.594672
5.78484,1.125021,2.875495,1.850159,3.596016
5.801407,1.125883,2.87573,1.848712,3.597346
5.81813,1.134778,2.876033,1.845768,3.599981
5.834649,1.149215,2.876072,1.842394,3.601978
5.851212,1.169167,2.875966,1.838661,3.604046
5.867764,1.199849,2.875696,1.833465,3.605743
5.884804,1.221952,2.875335,1.829326,3.607952
5.900807,1.245066,2.873999,1.823771,3.610801
5.917374,1.260959,2.872595,1.819,3.61294
5.934115,1.268579,2.870867,1.814817,3.615188
5.950508,1.270697,2.869041,1.811329,3.61728
5.967257,1.267133,2.866857,1.81033,3.619596
5.983758,1.258171,2.865623,1.811191,3.622195
6.000208,1.249452,2.865004,1.813657,3.624264
6.016775,1.239358,2.865419,1.817378,3.626487
6.03426,1.230117,2.866365,1.820283,3.628679
6.05033,1.222921,2.867373,1.822545,3.630277
6.066808,1.214032,2.867471,1.824146,3.631917
6.083394,1.208425,2.868035,1.824817,3.6334
6.099608,1.204726,2.868312,1.825258,3.635497
6.116176,1.202955,2.868277,1.825928,3.637281
6.133009,1.203693,2.867673,1.825621,3.638812
6.149308,1.206322,2.867428,1.824536,3.640666
6.166096,1.207591,2.866876,1.824016,3.642037
6.182639,1.207623,2.866179,1.823175,3.643453
6.199186,1.206811,2.866188,1.823043,3.644651
6.215729,1.204609,2.865487,1.822702,3.645856
6.232271,1.200542,2.865278,1.82232,3.646741
6.248824,1.197903,2.864954,1.822054,3.646841
6.265277,1.193687,2.864263,1.821764,3.647878
6.281842,1.187507,2.863387,1.821515,3.647895
6.298622,1.182032,2.863316,1.821067,3.647581
6.314974,1.175777,2.863113,1.82179,3.648205
6.331693,1.169671,2.863321,1.822731,3.648137
6.348208,1.162072,2.863443,1.823758,3.6484
6.364751,1.156399,2.863921,1.824474,3.64801
6.381345,1.150975,2.864523,1.825546,3.648026
6.397809,1.147155,2.865879,1.827588,3.64774
6.414408,1.144614,2.866652,1.828712,3.647434
6.430954,1.141411,2.867699,1.830306,3.64837
6.447508,1.138399,2.868545,1.831709,3.648557
6.464546,1.138068,2.868469,1.834293,3.649026
6.480641,1.138101,2.869542,1.837924,3.648033
6.497602,1.139217,2.87077,1.841343,3.64719
6.513773,1.140167,2.872331,1.845109,3.6459
6.530341,1.141868,2.874067,1.848829,3.645788
6.546947,1.145637,2.874914,1.856383,3.645562
6.563474,1.15539,2.87535,1.868281,3.645333
6.580041,1.169154,2.875884,1.880567,3.644404
6.596828,1.19173,2.877286,1.899476,3.640365
6.613175,1.223084,2.885245,1.915622,3.636335
6.629925,1.328796,2.922803,1.938594,3.650563
6.646321,1.416271,2.973718,1.948992,3.685341
6.662875,1.477104,3.020791,1.959761,3.736975
6.679442,1.507206,3.004247,1.989127,3.785389
6.696007,1.53487,2.981883,2.019377,3.818954
6.712575,1.554298,2.95142,2.05652,3.84498
6.729797,1.519203,2.915884,2.084493,3.829439
6.745889,1.420025,2.875336,2.120322,3.740024
6.762275,1.283498,2.85105,2.148495,3.542929
6.77884,1.184641,2.850143,2.168186,3.36246
6.795408,1.290251,2.843752,2.195326,3.203617
6.811974,1.655342,2.834137,2.215045,3.146294
6.828622,1.810829,2.82369,2.23065,3.132623
6.845106,1.787489,2.818978,2.234803,3.144745
6.861686,1.665456,2.817479,2.22778,3.167054
6.878444,1.534925,2.816821,2.205317,3.194793
6.894808,1.467,2.816338,2.182552,3.208008
6.911374,1.397689,2.81689,2.149041,3.216388
6.927941,1.335499,2.821936,2.114416,3.218832
6.944508,1.294569,2.831526,2.08923,3.215208
6.961075,1.268924,2.851816,2.056779,3.211373
6.97769,1.253853,2.876339,2.032487,3.208895
6.994208,1.237205,2.907095,2.00848,3.206278
7.010781,1.226919,2.925764,1.996098,3.205858
7.027342,1.215206,2.945567,1.988781,3.209002
7.043909,1.207963,2.962033,1.978388,3.214341
7.060473,1.202426,2.977346,1.966511,3.222746
7.077041,1.193573,3.002053,1.952586,3.232821
7.093608,1.182496,3.019297,1.943686,3.240827
7.110547,1.167778,3.034337,1.936976,3.246335
7.126741,1.160275,3.045591,1.934638,3.248805
7.143561,1.159696,3.054135,1.937274,3.248069
7.159874,1.157479,3.066591,1.941023,3.248393
7.177163,1.155209,3.078753,1.941736,3.250598
7.193232,1.150114,3.09422,1.93804,3.255068
7.210248,1.133283,3.112702,1.934479,3.262017
7.22614,1.121899,3.119743,1.933215,3.265043
7.242707,1.100355,3.127039,1.931066,3.272267
7.259432,1.079724,3.128545,1.929502,3.2793
7.27584,1.06395,3.125626,1.929016,3.283937
7.292727,1.053429,3.12296,1.929129,3.286371
7.309411,1.038475,3.118817,1.928661,3.289991
7.325539,1.021422,3.113582,1.926846,3.29453
7.342105,1.006603,3.109713,1.925761,3.298599
7.358675,0.9915436,3.10352,1.924365,3.302761
7.376131,0.9781842,3.098228,1.92359,3.30645
7.391806,0.9642963,3.090808,1.923083,3.310059
7.408576,0.9523703,3.08363,1.922365,3.313142
7.424941,0.9429219,3.078625,1.922094,3.315666
7.441508,0.9294785,3.073443,1.921533,3.319104
7.458749,0.9183413,3.06988,1.921357,3.322092
7.474771,0.9049884,3.065112,1.921165,3.327198
7.491206,0.8955134,3.061084,1.921623,3.330961
7.507774,0.8871406,3.056102,1.922806,3.335654
7.524403,0.8819537,3.05042,1.924669,3.34078
7.540908,0.8800003,3.046639,1.926728,3.344431
7.557474,0.8777401,3.042294,1.930606,3.347752
7.574048,0.875388,3.039145,1.932514,3.35003
7.590608,0.8714928,3.037032,1.934393,3.354316
7.607174,0.8661358,3.036013,1.93635,3.359083
7.623741,0.8594056,3.035023,1.939081,3.364077
7.640308,0.8503565,3.031039,1.946249,3.372046
7.656875,0.8463095,3.02605,1.952123,3.378129
7.673441,0.840607,3.018936,1.958022,3.385217
7.690009,0.8365488,3.012272,1.962539,3.394403
7.706768,0.8326386,3.007414,1.965389,3.4031
7.723142,0.8288673,2.997127,1.967428,3.414264
7.739862,0.8272763,2.985112,1.96917,3.422977
7.756276,0.8265656,2.972798,1.970417,3.434441
7.772841,0.8273508,2.96194,1.972045,3.446006
7.790067,0.8288018,2.954261,1.972667,3.455367
7.805976,0.8320964,2.947169,1.972846,3.467066
7.822542,0.836162,2.942314,1.972793,3.476014
7.839195,0.8403421,2.93602,1.972681,3.486731
7.855739,0.8437441,2.931597,1.972373,3.495427
7.872242,0.8489003,2.925995,1.972038,3.505987
7.88881,0.8549973,2.92204,1.97145,3.516177
7.905811,0.8613327,2.920086,1.970719,3.523772
7.921943,0.8702018,2.917265,1.969205,3.532853
7.938757,0.875923,2.915276,1.967849,3.539126
7.955078,0.8841532,2.912527,1.96674,3.546313
7.971772,0.8923501,2.91074,1.965788,3.552775
7.988212,0.8989892,2.909244,1.965124,3.557627
8.004777,0.9103186,2.907127,1.963968,3.563865
8.021393,0.9174555,2.906591,1.963222,3.567984
8.038418,0.9254774,2.904195,1.961354,3.572798
8.05448,0.9329228,2.903893,1.95945,3.576641
8.071041,0.9385967,2.90783,1.958084,3.580176
8.087623,0.9461741,2.9155,1.956103,3.58355
8.104176,0.952049,2.920622,1.954547,3.586592
8.121484,0.9591138,2.925902,1.952218,3.590181
8.137527,0.9635299,2.929531,1.950234,3.592463
8.153873,0.9681253,2.933553,1.948498,3.595531
8.170497,0.9714978,2.936698,1.947297,3.598706
8.187199,0.9744762,2.93878,1.94646,3.601721
8.203573,0.9778081,2.941495,1.944674,3.604894
8.220798,0.9792066,2.942771,1.943582,3.607501
8.236707,0.9810314,2.944331,1.941647,3.610679
8.253274,0.9831716,2.945971,1.940267,3.613408
8.26984,0.9842109,2.946998,1.939363,3.615311
8.286819,0.9850287,2.947696,1.93775,3.617977
8.302976,0.9864722,2.949125,1.936861,3.61993
8.319793,0.9884009,2.950105,1.935626,3.622226
8.336543,0.9894314,2.950366,1.935271,3.624238
8.352674,0.9906505,2.950605,1.934527,3.627047
8.369242,0.9922885,2.951128,1.933887,3.628886
8.385809,0.9927868,2.95096,1.933338,3.630456
8.402963,0.9926587,2.950233,1.932319,3.633217
8.418942,0.9925742,2.950483,1.931409,3.63587
8.435509,0.9925789,2.950145,1.931247,3.637791
8.452079,0.9921968,2.949825,1.930797,3.640372
8.46864,0.991371,2.949845,1.930123,3.641767
8.485207,0.9906294,2.949301,1.929249,3.643221
8.502315,0.9908395,2.949381,1.928488,3.644281
8.518342,0.989282,2.950615,1.927845,3.645663
8.534908,0.9862759,2.951385,1.926736,3.646867
8.551683,0.9835269,2.950935,1.92569,3.647226
8.568042,0.978474,2.950503,1.924886,3.647626
8.585397,0.974343,2.949572,1.924026,3.648789
8.601172,0.9689005,2.949359,1.923457,3.649234
8.61774,0.962823,2.948037,1.922695,3.649898
8.634566,0.9579109,2.947397,1.922086,3.650492
8.651251,0.9528037,2.94606,1.921517,3.651561
8.667439,0.9490581,2.944509,1.921343,3.65282
8.684006,0.9460921,2.94275,1.920853,3.654125
8.700771,0.9439639,2.940988,1.920756,3.654799
8.717183,0.9419913,2.938871,1.920101,3.6561
8.734232,0.9425319,2.936858,1.91951,3.65759
8.750274,0.9414375,2.935677,1.91868,3.6578
8.76684,0.9409236,2.932767,1.91753,3.659315
8.783404,0.9387985,2.931229,1.917032,3.65996
8.800164,0.9372244,2.929641,1.917072,3.660811
8.81654,0.9353302,2.927997,1.916621,3.660697
8.833106,0.9315246,2.926788,1.916709,3.660908
8.849673,0.9265152,2.926103,1.916335,3.659367
8.866241,0.9237736,2.92512,1.916481,3.657719
8.882807,0.9215102,2.92325,1.916088,3.655216
8.899374,0.9210312,2.921095,1.91664,3.653332
8.915939,0.9206307,2.919257,1.917026,3.652376
8.932506,0.9173824,2.917684,1.917446,3.65174
8.949144,0.9148152,2.916538,1.917448,3.651541
8.966351,0.9121829,2.914758,1.918099,3.651331
8.982207,0.9096057,2.911552,1.918068,3.651143
8.998772,0.9085038,2.90908,1.918289,3.651603
9.01534,0.9064459,2.906084,1.917658,3.652789
9.032216,0.9051242,2.904248,1.917935,3.653916
9.048768,0.9029706,2.901088,1.917678,3.654776
9.065041,0.9014828,2.897787,1.917945,3.655657
9.081623,0.8995869,2.894692,1.918235,3.657684
9.098171,0.8982326,2.891778,1.919031,3.65944
9.114738,0.8972882,2.888407,1.919142,3.660651
9.131307,0.8968065,2.886081,1.919263,3.662528
9.148396,0.8966843,2.883501,1.91965,3.664157
9.164439,0.8971699,2.880191,1.919699,3.665838
9.181005,0.8972959,2.877338,1.919176,3.668113
9.197572,0.89705,2.875649,1.918997,3.670068
9.214264,0.8968757,2.872626,1.918282,3.671753
9.230805,0.8960871,2.870004,1.918197,3.673529
9.247379,0.8960837,2.868009,1.918152,3.675872
9.263838,0.8951898,2.865191,1.918113,3.677894
9.280441,0.8943207,2.862866,1.917473,3.679283
9.296971,0.8937191,2.860193,1.9167,3.681079
9.313539,0.8930102,2.85875,1.916505,3.682102
9.330105,0.8919849,2.856367,1.916443,3.683766
9.346671,0.8914662,2.854489,1.916569,3.684772
9.363635,0.890129,2.851869,1.916479,3.686375
9.379804,0.8886891,2.850176,1.91642,3.688017
9.396427,0.8876925,2.848161,1.916257,3.689392
9.41294,0.8866145,2.845596,1.915655,3.690325
9.429507,0.8855648,2.84408,1.91558,3.691435
9.446074,0.8856347,2.842091,1.914792,3.692645
9.463324,0.8858404,2.840054,1.914291,3.693873
9.480028,0.8863263,2.838601,1.913508,3.69402
9.495771,0.8864654,2.837023,1.913088,3.694706
9.512558,0.8858426,2.835731,1.912917,3.695454
9.528905,0.8858476,2.8341,1.913053,3.696387
9.545471,0.8852786,2.832391,1.912331,3.696898
9.562038,0.8849641,2.831253,1.911481,3.697253
9.578633,0.8845882,2.829954,1.911006,3.697641
9.595174,0.8840448,2.828539,1.911182,3.697912
9.611741,0.8840122,2.827059,1.911015,3.698207
9.628307,0.8825974,2.826062,1.910581,3.698461
9.644874,0.8811353,2.825375,1.910514,3.698937
9.662425,0.8798279,2.82352,1.909868,3.699087
9.678006,0.8784267,2.821943,1.909883,3.699474
9.69526,0.8769625,2.819382,1.909899,3.699822
9.711138,0.876164,2.81775,1.909911,3.699843
9.727707,0.8755755,2.816099,1.909923,3.699865
9.744707,0.8747879,2.814373,1.909378,3.700432
9.76084,0.874521,2.812742,1.909449,3.700382
9.777407,0.8738824,2.812089,1.909527,3.700594
9.793971,0.8737109,2.81072,1.909581,3.7008
9.810587,0.8737522,2.810045,1.909076,3.700687
9.827125,0.87377,2.809165,1.908924,3.70059
9.843673,0.8741847,2.808679,1.908483,3.700813
9.860237,0.8744501,2.807735,1.908423,3.700698
9.876806,0.8745044,2.807122,1.908304,3.700618
9.893373,0.8751737,2.805641,1.908296,3.700781
9.90994,0.8752994,2.804844,1.908537,3.700953
9.926506,0.8755476,2.804006,1.907849,3.700844
9.943072,0.8755856,2.803414,1.907597,3.70099
9.95964,0.876092,2.803322,1.907025,3.701468
9.976207,0.8766618,2.802013,1.906572,3.70126
9.992773,0.8781918,2.800618,1.905818,3.701389
10.00934,0.8790033,2.800522,1.904706,3.701732
10.02591,0.8794441,2.799892,1.904041,3.701778
10.04263,0.880655,2.798704,1.903577,3.701865
10.05904,0.8822574,2.798331,1.902781,3.701876
10.0756,0.8825718,2.798231,1.902462,3.701961
10.09222,0.8839124,2.797609,1.902114,3.701949
10.10909,0.8862113,2.796217,1.901832,3.702213
10.12531,0.8872281,2.795486,1.901622,3.70196
10.14187,0.8890236,2.795825,1.901393,3.702248
10.15887,0.8902827,2.794857,1.900933,3.701991
10.17501,0.891921,2.794753,1.900501,3.701992
10.1917,0.8931386,2.794225,1.900444,3.702038
10.20814,0.8943989,2.793337,1.900107,3.702024
10.2247,0.8957557,2.792566,1.89981,3.70202
10.24127,0.8959603,2.792572,1.899549,3.702088
10.25786,0.8953744,2.791617,1.899331,3.702067
10.27493,0.8958991,2.791314,1.899177,3.702245
10.29114,0.8960958,2.791163,1.898971,3.70227
10.30756,0.8960825,2.790735,1.899117,3.702249
10.3241,0.8950936,2.790624,1.898936,3.701991
10.34067,0.8952472,2.790219,1.898504,3.701992
10.35724,0.8946279,2.79045,1.897528,3.701764
10.37381,0.8939564,2.790652,1.897056,3.701797
10.39037,0.8939459,2.790277,1.896915,3.7021
10.40694,0.893211,2.789663,1.897269,3.70215
10.42351,0.8930661,2.789411,1.896807,3.701846
10.44007,0.8929882,2.788887,1.896891,3.701634
10.45677,0.8925399,2.788496,1.89733,3.701695
10.47321,0.8913078,2.788409,1.897708,3.701455
10.49005,0.8908578,2.787991,1.897971,3.701562
10.50634,0.8901888,2.788275,1.897992,3.701341
10.52319,0.8892938,2.788473,1.898222,3.701187
10.5401,0.888828,2.788963,1.897634,3.70102
10.55605,0.8892624,2.789373,1.897314,3.700903
10.57299,0.8893838,2.790309,1.897428,3.700775
10.58917,0.8891799,2.791105,1.897227,3.700665
10.60574,0.888683,2.791278,1.896671,3.700589
10.62231,0.8871826,2.79251,1.896302,3.700506
10.63893,0.8853291,2.793551,1.895994,3.700434
10.65566,0.8840369,2.794162,1.895148,3.700373
10.67201,0.8831756,2.794987,1.89442,3.70032
10.68857,0.8819465,2.795562,1.893922,3.700583
10.70514,0.8805327,2.795615,1.893643,3.700501
10.7217,0.8798894,2.7961,1.893225,3.700444
10.7386,0.8796312,2.797524,1.893043,3.700381
10.75484,0.8790923,2.797883,1.893195,3.700327
10.77158,0.8786226,2.798126,1.892829,3.700289
10.78797,0.8782778,2.798364,1.892695,3.700531
10.80504,0.8779021,2.798843,1.892951,3.700752
10.82111,0.8776162,2.79988,1.893098,3.700911
10.83767,0.8767425,2.80045,1.893043,3.701098
10.85475,0.8757901,2.801516,1.893461,3.700943
10.87081,0.8746721,2.80185,1.893572,3.701092
10.88739,0.8752832,2.802785,1.893736,3.700967
10.90417,0.8756673,2.803539,1.894321,3.70083
10.92051,0.8755995,2.803689,1.894698,3.700735
10.93707,0.8753822,2.804273,1.894856,3.700905
10.95364,0.8752129,2.804525,1.894736,3.701068
10.9702,0.8751972,2.804579,1.89504,3.700946
10.98677,0.8750023,2.805054,1.894893,3.700812
11.00334,0.8750108,2.806513,1.895179,3.701001
11.01991,0.8749963,2.807643,1.895702,3.700834
11.03647,0.875438,2.808258,1.89577,3.701007
11.05304,0.8762524,2.809305,1.895964,3.700891
11.0696,0.8770722,2.810559,1.895395,3.700766
11.08617,0.8776731,2.811086,1.895067,3.700678
11.10282,0.8774109,2.811507,1.894617,3.700856
11.1193,0.877511,2.81185,1.893965,3.700736
11.13587,0.8775055,2.812211,1.893784,3.700942
11.15244,0.8781489,2.813311,1.893549,3.700809
11.16949,0.8792346,2.814079,1.893142,3.700716
11.18557,0.880216,2.814632,1.89352,3.700915
11.20246,0.8807645,2.815547,1.893973,3.70081
11.21871,0.8814781,2.815885,1.894824,3.701277
11.23527,0.8812693,2.816449,1.89529,3.701097
11.25184,0.8814237,2.816556,1.89583,3.700971
11.2684,0.8835085,2.817616,1.896436,3.700834
11.28508,0.8845618,2.81818,1.897436,3.700738
11.30226,0.8864604,2.819294,1.89921,3.700334
11.31811,0.8889554,2.820524,1.900452,3.699987
11.33467,0.8907784,2.821328,1.901274,3.699714
11.35131,0.8932115,2.822006,1.903106,3.699755
11.36781,0.8954372,2.822922,1.90477,3.699483
11.38457,0.8995489,2.823548,1.906723,3.699278
11.40157,0.9018732,2.82446,1.908033,3.69938
11.41777,0.9030877,2.825113,1.908259,3.699451
11.43413,0.9037731,2.825538,1.908204,3.699794
11.45076,0.9036142,2.825485,1.908128,3.699818
11.46721,0.9034207,2.826439,1.907553,3.699843
11.48377,0.9015071,2.826677,1.906777,3.700131
11.50037,0.9001871,2.827349,1.906,3.700416
11.51691,0.8976353,2.826875,1.905152,3.700648
11.534,0.8958947,2.826943,1.904561,3.700856
11.55004,0.8930933,2.827375,1.903917,3.7013
11.56661,0.8907443,2.827402,1.903467,3.701751
11.58317,0.8880707,2.828917,1.902687,3.701803
11.59993,0.8858089,2.829652,1.902016,3.702395
11.61669,0.8834218,2.830839,1.901194,3.702421
11.63288,0.8815258,2.832185,1.901025,3.70267
11.64944,0.8802037,2.832807,1.900625,3.703511
11.66601,0.8781884,2.833524,1.899971,3.704127
11.68258,0.8769668,2.833684,1.899701,3.704228
11.6994,0.8759827,2.834868,1.899461,3.705009
11.71574,0.8762679,2.835893,1.898989,3.705158
11.73239,0.8764137,2.836955,1.898532,3.705713
11.74884,0.8775026,2.837094,1.898183,3.705736
11.76544,0.8792012,2.837736,1.897526,3.706525
11.78198,0.8799174,2.837583,1.896269,3.706848
11.79854,0.8796552,2.837668,1.895384,3.707593
11.8152,0.878821,2.837636,1.89504,3.707587
11.83167,0.8775749,2.838809,1.894328,3.70821
11.84824,0.8764237,2.839246,1.893823,3.708416
11.86487,0.8749163,2.840482,1.893291,3.708339
11.88138,0.8739308,2.841253,1.8928,3.708574
11.89794,0.8729153,2.841391,1.892779,3.708738
11.91475,0.8716557,2.841486,1.892677,3.708916
11.93108,0.8717568,2.842462,1.892652,3.70904
11.94764,0.8715086,2.844375,1.892278,3.70862
11.96485,0.8724426,2.845204,1.891956,3.707402
11.98077,0.8730272,2.845754,1.891458,3.7071
11.99734,0.8748855,2.846071,1.891252,3.706097
12.01391,0.876346,2.846539,1.891108,3.705972
12.03048,0.8782748,2.846454,1.890952,3.705128
12.04771,0.8796197,2.847452,1.890842,3.705113
12.06372,0.8805124,2.847804,1.890723,3.704957
12.08038,0.8812793,2.849227,1.890621,3.704538
12.09741,0.8808163,2.850193,1.890534,3.704753
12.11331,0.8807576,2.850762,1.890198,3.704799
12.12988,0.8800578,2.850908,1.890165,3.704571
12.14645,0.8797689,2.851095,1.889873,3.704046
12.16301,0.878089,2.851515,1.8896,3.703475
12.17958,0.8771611,2.851358,1.889646,3.703076
12.19615,0.8755935,2.85174,1.88914,3.702642
12.21271,0.8746518,2.852105,1.888647,3.702048
12.22928,0.873421,2.852647,1.889378,3.700646
12.24601,0.8723644,2.852539,1.889731,3.697412
12.26241,0.8720932,2.853104,1.890627,3.693121
12.27898,0.8720974,2.854078,1.89166,3.685874
12.29604,0.874451,2.854492,1.892917,3.678891
12.31211,0.8808766,2.855835,1.89533,3.669964
12.32878,0.8970162,2.858109,1.896229,3.662666
12.34593,0.935537,2.86362,1.892303,3.664486
12.36182,0.9466311,2.903305,1.886201,3.678508
12.37838,0.9147873,2.925332,1.896818,3.674216
12.39503,0.9148421,2.910236,1.935461,3.656404
12.41173,0.9570165,2.890213,1.974839,3.657839
12.42819,1.03048,2.873376,2.039987,3.672739
12.44464,1.030332,2.863836,2.100466,3.629217
12.46121,0.9929739,2.874391,2.129019,3.470214
12.47818,0.9068425,2.912238,2.160097,3.128515
12.49441,1.038032,2.924833,2.175525,3.005109
12.51154,1.430905,2.943933,2.208957,2.862643
12.52782,1.715004,2.951272,2.238265,2.832992
12.54418,1.741728,2.954259,2.259368,2.842256
12.56079,1.599825,2.955139,2.275697,2.864326
12.57726,1.470084,2.957126,2.27523,2.878998
12.59374,1.368133,2.960974,2.259858,2.887743
12.61031,1.320119,2.967635,2.228867,2.886598
12.62743,1.298654,2.971073,2.195645,2.886142
12.64364,1.292384,2.974286,2.147536,2.888982
12.66001,1.302786,2.974368,2.1085,2.892848
12.67658,1.316785,2.973451,2.065493,2.899261
12.69315,1.330979,2.972755,2.033575,2.905955
12.70994,1.352638,2.972957,1.998593,2.915876
12.72662,1.368268,2.97337,1.972867,2.925235
12.74287,1.372994,2.973857,1.957626,2.934428
12.75946,1.380928,2.979349,1.936986,2.952322
12.77648,1.382128,2.991803,1.920426,2.971873
12.79254,1.366655,3.006454,1.908038,2.994511
12.80916,1.336665,3.012793,1.906723,3.014217
12.82615,1.300056,3.016072,1.908598,3.032619
12.84225,1.272794,3.021728,1.909615,3.048687
12.85881,1.248111,3.031015,1.910806,3.064896
12.87538,1.210447,3.045869,1.914885,3.085501
12.89195,1.174956,3.056025,1.920154,3.100263
12.90926,1.142782,3.060187,1.925598,3.109684
12.92508,1.101071,3.060374,1.93383,3.117597
12.94164,1.072554,3.059185,1.937662,3.12479
12.95821,1.034178,3.063041,1.939405,3.136588
12.97478,0.9890506,3.067389,1.942049,3.149245
12.99135,0.9480947,3.066498,1.946428,3.158508
13.00858,0.8977131,3.059878,1.952292,3.169172
13.02448,0.8571929,3.052419,1.956618,3.176432
13.04108,0.8075554,3.04331,1.960743,3.184855
13.05761,0.7688092,3.035492,1.961505,3.192354
13.07418,0.7231559,3.025359,1.96041,3.20191
13.09074,0.6825908,3.014688,1.958939,3.211811
13.10731,0.6536168,3.006685,1.95734,3.218786
13.12419,0.6214707,2.99723,1.955156,3.227468
13.14045,0.5995077,2.988918,1.953418,3.23524
13.1575,0.5738412,2.980065,1.95094,3.245544
13.17358,0.5486923,2.971554,1.947982,3.255805
13.19015,0.5304802,2.96475,1.945645,3.263459
13.20671,0.5106351,2.955576,1.944,3.273142
13.22332,0.4970884,2.948619,1.942668,3.280246
13.24002,0.4814966,2.939128,1.940552,3.29223
13.25641,0.4734002,2.932453,1.937931,3.303233
13.27298,0.4678743,2.927583,1.9356,3.312912
13.28954,0.4639718,2.922557,1.933096,3.325232
13.30611,0.4632424,2.918514,1.930747,3.334964
13.32268,0.466492,2.915042,1.927816,3.346729
13.33925,0.470071,2.912169,1.925773,3.355159
13.35651,0.4774238,2.909328,1.923271,3.365732
13.3724,0.4865637,2.906298,1.920283,3.375958
13.38894,0.4944313,2.904428,1.918539,3.383595
13.40568,0.5076917,2.90239,1.916211,3.392419
13.42208,0.5194534,2.901251,1.914351,3.399315
13.43877,0.5359601,2.900235,1.913189,3.407057
13.45599,0.5532348,2.898498,1.910735,3.413971
13.47178,0.5680667,2.897523,1.909503,3.419524
13.48834,0.5824487,2.89557,1.90787,3.425533
13.50542,0.5913444,2.894357,1.906667,3.430634
13.52158,0.6001698,2.893742,1.905434,3.437043
13.53804,0.6050209,2.892721,1.904811,3.441679
13.55461,0.6082578,2.889803,1.903592,3.447111
13.57149,0.6078613,2.887245,1.902245,3.452057
13.58775,0.6034921,2.884676,1.901405,3.456409
13.60474,0.5905501,2.880802,1.900331,3.462311
13.62088,0.5798461,2.878681,1.899737,3.46606
13.6375,0.5651423,2.874586,1.898618,3.470564
13.65401,0.5502715,2.87137,1.897683,3.475287
13.67058,0.5396167,2.869792,1.897675,3.479569
13.68714,0.5295429,2.868092,1.89773,3.48498
13.70371,0.5256242,2.867163,1.897134,3.489854
13.72044,0.5237342,2.866143,1.896692,3.495551
13.73755,0.5243714,2.866688,1.896037,3.501274
13.75341,0.5258904,2.866777,1.894789,3.505716
13.76998,0.5287653,2.866119,1.894669,3.510559
13.78654,0.5335214,2.865417,1.894133,3.514227
13.80311,0.5441112,2.866055,1.89355,3.519289
13.81968,0.5591295,2.867186,1.892774,3.5245
13.83624,0.5727382,2.868073,1.892456,3.529446
13.85297,0.5904757,2.868884,1.892109,3.536313
13.8696,0.6062241,2.869868,1.891576,3.541907
13.88595,0.6257486,2.870177,1.89078,3.548727
13.90251,0.6417477,2.871012,1.890417,3.554608
13.9197,0.6616463,2.871742,1.889485,3.562168
13.93564,0.6815255,2.872377,1.88901,3.569516
13.95221,0.6977008,2.873251,1.887976,3.575307
13.96878,0.7198065,2.874487,1.88715,3.581895
13.98551,0.7455087,2.877052,1.885673,3.590212
14.00191,0.7626739,2.878228,1.885022,3.59534
14.01926,0.7843331,2.879608,1.884313,3.601367
14.03504,0.8007773,2.881392,1.883818,3.605507
14.05161,0.8198707,2.883481,1.883279,3.610671
14.06818,0.8336594,2.884511,1.882903,3.614326
14.08475,0.8509504,2.885586,1.881919,3.618792
14.10131,0.8663976,2.887614,1.881075,3.623226
14.11789,0.8771257,2.888187,1.880378,3.626598
14.13483,0.8879764,2.889282,1.879203,3.629887
14.15101,0.8939523,2.889655,1.878421,3.633323
14.16758,0.8999007,2.88913,1.877813,3.636253
14.18415,0.90248,2.888365,1.877508,3.63783
14.20087,0.9051939,2.888296,1.877586,3.639831
14.21749,0.9036298,2.887963,1.877336,3.64239
14.23385,0.9026224,2.887349,1.877051,3.643854
14.25052,0.9008216,2.886302,1.876902,3.646417
14.26718,0.8992893,2.885005,1.877257,3.648266
14.28387,0.8959734,2.883425,1.877105,3.650197
14.30011,0.8923042,2.881793,1.876693,3.652995
14.31674,0.8888726,2.881014,1.877072,3.655236
14.33331,0.8833645,2.879458,1.876373,3.657057
14.34981,0.8792636,2.877252,1.876216,3.658815
14.36638,0.8760029,2.875389,1.87675,3.660686
14.38307,0.8727561,2.873349,1.877293,3.663363
14.39951,0.8710014,2.871518,1.877039,3.664124
14.41608,0.8694472,2.868726,1.877457,3.666093
14.43265,0.8698106,2.866852,1.877749,3.666832
14.44921,0.8712845,2.865045,1.877776,3.668127
14.46578,0.8730895,2.862072,1.877517,3.669804
14.48271,0.8735999,2.85924,1.877211,3.671265
14.49931,0.8745218,2.856238,1.877331,3.67309
14.51548,0.8740031,2.854085,1.876481,3.674473
14.53205,0.8734376,2.851813,1.876105,3.67694
14.54861,0.8718962,2.849311,1.875961,3.678156
14.56518,0.8702156,2.846874,1.875119,3.679829
14.58175,0.8679336,2.844456,1.874396,3.68154
14.59831,0.8653027,2.841925,1.873891,3.683084
14.61488,0.8620107,2.838845,1.873342,3.684326
14.63144,0.860633,2.836383,1.872658,3.684977
14.64804,0.8588571,2.832956,1.872283,3.686269
14.66508,0.8570149,2.829157,1.87196,3.687387
14.68114,0.8556102,2.825803,1.871436,3.688543
14.69771,0.852549,2.821584,1.870933,3.690161
14.71428,0.8508272,2.817961,1.870826,3.691008
14.73085,0.8484321,2.813164,1.870418,3.691996
14.74741,0.8447118,2.807043,1.869517,3.693333
14.76495,0.8401647,2.803367,1.869281,3.693797
14.78054,0.8361863,2.798953,1.868792,3.694673
14.79717,0.8329002,2.795058,1.86893,3.695284
14.81368,0.829657,2.790645,1.869107,3.695951
14.83057,0.8263407,2.785169,1.869824,3.696522
14.84681,0.8247573,2.781426,1.870118,3.696921
14.86338,0.8241115,2.776669,1.870692,3.697356
14.87995,0.8245309,2.773027,1.871486,3.69766
14.89651,0.8278455,2.768371,1.872123,3.697991
14.91308,0.8321077,2.765116,1.873027,3.698503
14.92965,0.8374693,2.761602,1.873139,3.699306
14.94653,0.8411825,2.757968,1.872704,3.700543
14.96278,0.8433148,2.755634,1.872694,3.701902
14.9794,0.8425294,2.752877,1.872313,3.703336
14.99591,0.8396279,2.750279,1.872048,3.704101
15.01269,0.8356996,2.746327,1.871759,3.704652
15.02905,0.8300999,2.743739,1.871528,3.70539
15.04564,0.826065,2.741607,1.871644,3.705363
15.06229,0.8204052,2.737955,1.871703,3.705478
15.07874,0.8169175,2.73533,1.872355,3.705723
15.09531,0.8122413,2.732592,1.872844,3.706354
15.11221,0.8068738,2.728236,1.873466,3.706963
15.12844,0.8041,2.724715,1.873077,3.707611
15.14501,0.7989828,2.721224,1.872642,3.708249
15.16213,0.7950672,2.718225,1.872622,3.70875
15.17868,0.790088,2.715068,1.873099,3.709226
15.19471,0.7872277,2.712184,1.873026,3.709871
15.21128,0.7839462,2.709641,1.873138,3.71019
15.22785,0.7814027,2.705754,1.872969,3.709881
15.24455,0.7795387,2.702774,1.873193,3.710176
15.26098,0.7773696,2.700147,1.873033,3.710151
15.27775,0.7765242,2.697237,1.872959,3.710134
15.29425,0.7747293,2.69452,1.872541,3.710381
15.31068,0.7729229,2.692238,1.872182,3.710327
15.32725,0.7714499,2.690261,1.872214,3.71029
15.34381,0.7692501,2.687965,1.872466,3.710514
15.36066,0.767898,2.686495,1.872757,3.710173
15.37695,0.7653612,2.684465,1.872676,3.709866
15.39389,0.7627258,2.682515,1.872669,3.709582
15.41008,0.7597893,2.680181,1.872831,3.709068
15.42665,0.7564205,2.677887,1.872713,3.708652
15.44349,0.7539459,2.6767,1.872984,3.708524
15.45981,0.7499722,2.674907,1.872563,3.708732
15.47647,0.7468336,2.672906,1.872551,3.708895
15.49291,0.7427518,2.671665,1.872491,3.708213
15.50948,0.737239,2.669143,1.872648,3.708511
15.52605,0.7332324,2.668377,1.872344,3.7084
15.54261,0.7285556,2.666337,1.872295,3.708352
15.55918,0.7241158,2.664446,1.87175,3.707985
15.57576,0.7187232,2.662662,1.871229,3.707969
15.59232,0.7138178,2.660873,1.870773,3.707435
15.60888,0.7108209,2.659909,1.871267,3.707147
15.62606,0.7084444,2.657927,1.871088,3.706967
15.64201,0.7060377,2.655879,1.870963,3.706742
15.65858,0.7028902,2.654484,1.871109,3.706946
15.67515,0.6990833,2.65272,1.87067,3.70683
15.69171,0.6966034,2.651544,1.870593,3.707193
15.70828,0.6939753,2.649631,1.87051,3.707016
15.72495,0.6932192,2.648235,1.870468,3.706768
15.74141,0.6927645,2.647354,1.870685,3.706385
15.75798,0.6927384,2.646219,1.870897,3.705652
15.77457,0.6934642,2.64535,1.869914,3.705119
15.79111,0.6935227,2.644594,1.869926,3.704662
15.80768,0.6940006,2.644067,1.869935,3.704418
15.82431,0.6956875,2.642928,1.869379,3.704059
15.84081,0.697338,2.642592,1.86945,3.703867
15.85738,0.6991267,2.642817,1.869237,3.703612
15.87399,0.6995156,2.642103,1.869045,3.703101
15.89051,0.6998318,2.641532,1.868888,3.702963
15.90708,0.7007117,2.640742,1.867924,3.70281
15.92382,0.7000568,2.640656,1.867571,3.703335
15.94021,0.7000234,2.63999,1.866536,3.70372
15.95678,0.7000201,2.639992,1.866486,3.704333
15.974,0.7003089,2.63971,1.866324,3.70471
15.98991,0.6999915,2.639194,1.866013,3.705457
16.00656,0.6996924,2.638149,1.865896,3.705405
16.0233,0.6991711,2.637528,1.865629,3.706054
16.03961,0.6992663,2.637537,1.865848,3.706507
16.05707,0.6993698,2.636421,1.865605,3.707
16.07275,0.7000499,2.635788,1.865652,3.707698
16.08931,0.7000614,2.635697,1.86586,3.708262
16.10588,0.6997527,2.634892,1.866145,3.708242
16.12245,0.6997811,2.634031,1.866587,3.708725
16.13901,0.6992382,2.634044,1.867069,3.709205
16.15609,0.6984726,2.63349,1.867201,3.710157
16.17215,0.6992126,2.633663,1.86724,3.710139
16.18871,0.6998971,2.634558,1.867339,3.710967
16.20546,0.7004998,2.6346,1.867644,3.711421
16.22233,0.7003829,2.634946,1.867481,3.712297
16.23859,0.7017415,2.63483,1.867837,3.713094
16.25498,0.7021239,2.635132,1.867503,3.713887
16.27219,0.7023723,2.635546,1.866743,3.71505
16.28811,0.7023912,2.636039,1.866543,3.715618
16.30478,0.7026013,2.636308,1.86644,3.716519
16.32125,0.7033727,2.635452,1.865796,3.717011
16.33781,0.7038329,2.635391,1.865405,3.717354
16.35442,0.7052434,2.635194,1.864899,3.718301
16.37094,0.7066538,2.635745,1.864619,3.71877
16.38751,0.7090958,2.635199,1.863966,3.719775
16.40458,0.7112026,2.635458,1.862921,3.720375
16.42077,0.7141578,2.633548,1.86279,3.720613
16.43721,0.7175251,2.633022,1.86267,3.721348
16.45382,0.7195384,2.633258,1.862646,3.722049
16.47053,0.7204685,2.633628,1.862272,3.722324
16.48737,0.7215446,2.633785,1.862303,3.722332
16.50348,0.7230046,2.634098,1.861977,3.722858
16.52014,0.7237183,2.634632,1.861698,3.723576
16.53662,0.7241479,2.634101,1.861503,3.724031
16.55391,0.7239944,2.634513,1.860661,3.724737
16.56975,0.7233546,2.634119,1.860895,3.725479
16.58632,0.7226069,2.633828,1.860768,3.725561
16.60359,0.7216483,2.633778,1.86064,3.725745
16.61945,0.7206031,2.633054,1.860575,3.725642
16.63602,0.7196875,2.632862,1.859938,3.725701
16.65258,0.7199883,2.632542,1.860236,3.726186
16.66934,0.7208466,2.631883,1.860494,3.726434
16.68572,0.7222137,2.631949,1.861011,3.727125
16.70229,0.7276809,2.63282,1.862007,3.727566
16.71885,0.7433944,2.633834,1.863427,3.728201
16.73579,0.7611193,2.634824,1.864181,3.729554
16.75223,0.7830244,2.63582,1.865269,3.732477
16.76915,0.7998835,2.63719,1.865811,3.735634
16.78512,0.8219975,2.638169,1.866977,3.740489
16.8017,0.8449256,2.640413,1.868543,3.74494
16.81825,0.8638958,2.642378,1.869566,3.748679
16.83491,0.8859648,2.644884,1.870475,3.753661
16.85194,0.9027776,2.646318,1.871268,3.757555
16.86795,0.9215891,2.647738,1.872501,3.761582
16.88516,0.9342985,2.648853,1.873071,3.765116
16.90109,0.9467219,2.650985,1.873219,3.76917
16.91835,0.9564659,2.652018,1.873877,3.773225
16.93422,0.9631805,2.652943,1.873988,3.776023
16.95095,0.9680819,2.653674,1.873964,3.778571
16.96787,0.9691826,2.654722,1.873277,3.781885
16.98392,0.968372,2.655483,1.8727,3.783167
17.00062,0.9630169,2.655963,1.871691,3.785422
17.01706,0.9583825,2.656426,1.871497,3.785947
17.03406,0.9512311,2.656648,1.870986,3.787076
17.05019,0.9462016,2.657032,1.870873,3.787411
17.06692,0.9391183,2.657768,1.870749,3.788333
17.08332,0.9310408,2.6578,1.870343,3.788568
17.10004,0.9240217,2.65807,1.870304,3.787876
17.11646,0.916108,2.658643,1.869987,3.788176
17.13303,0.9093982,2.659363,1.869715,3.787529
17.14959,0.9004425,2.659197,1.86949,3.785592
17.16616,0.89276,2.65931,1.869862,3.781677
17.18272,0.8867166,2.659398,1.871025,3.777744
17.19933,0.8789963,2.660074,1.872293,3.771538
17.21626,0.8728022,2.660366,1.873768,3.765627
17.23243,0.8670475,2.660827,1.875505,3.759463
17.24938,0.8654357,2.662171,1.87602,3.755827
17.26556,0.8834194,2.663816,1.876009,3.756477
17.28273,0.9286817,2.666651,1.875425,3.759561
17.29869,0.971618,2.669047,1.874803,3.764234
17.3156,1.026287,2.672863,1.873842,3.771573
17.33219,1.068581,2.675967,1.872819,3.77914
17.34879,1.123347,2.68023,1.872066,3.790136
17.36496,1.160151,2.683297,1.871192,3.797762
17.38153,1.183896,2.68493,1.870773,3.803198
17.39809,1.206736,2.687332,1.870381,3.809544
17.41493,1.219411,2.689341,1.870338,3.813329
17.43123,1.228775,2.691438,1.869999,3.817918
17.44779,1.231439,2.692647,1.869426,3.821585
17.46439,1.229553,2.693782,1.869218,3.824262
17.48093,1.223923,2.694933,1.869038,3.826777
17.4975,1.218584,2.695806,1.868575,3.828849
17.51419,1.210008,2.697255,1.868776,3.831007
17.53063,1.198646,2.69879,1.868649,3.83172
17.5472,1.187604,2.699794,1.868804,3.832096
17.56376,1.173516,2.700131,1.868973,3.832074
17.58051,1.161942,2.700707,1.8688,3.831836
17.5969,1.147772,2.701463,1.868678,3.831277
17.61388,1.136831,2.701569,1.869104,3.830839
17.63003,1.122552,2.702186,1.869231,3.828768
17.6466,1.107449,2.703316,1.869339,3.826383
17.6639,1.096271,2.703783,1.869415,3.82363
17.67973,1.081489,2.704387,1.868932,3.818554
17.6963,1.069566,2.704475,1.868772,3.813832
17.71286,1.054893,2.705821,1.868663,3.806493
17.72972,1.037356,2.707075,1.867824,3.796466
17.74644,1.025624,2.70741,1.868074,3.789998
17.76256,1.012937,2.708093,1.868346,3.782669
17.77913,1.002568,2.708303,1.86768,3.777775
17.79574,0.9900308,2.708543,1.868007,3.773012
17.81241,0.9789907,2.708184,1.868289,3.76947
17.82883,0.9696037,2.707536,1.868485,3.766963
17.84561,0.958324,2.707584,1.868108,3.763701
17.86197,0.9499313,2.708153,1.868325,3.761283
17.87853,0.9420644,2.708158,1.869435,3.758824
17.89556,0.9372571,2.708069,1.870656,3.756939
17.91166,0.9334497,2.708349,1.874262,3.754837
17.92823,0.9332879,2.709431,1.879901,3.753888
17.9448,0.9334846,2.710087,1.884801,3.753742
17.96177,0.9347304,2.710674,1.891186,3.753505
17.97825,0.9353176,2.71117,1.895638,3.753103
17.9945,0.9354135,2.712452,1.899919,3.753229
18.0113,0.9343832,2.714084,1.903021,3.753347
18.02788,0.9341455,2.714762,1.904687,3.753836
18.0445,0.9338337,2.715211,1.90655,3.754416
18.06079,0.9331201,2.715495,1.907502,3.755339
18.07733,0.9318323,2.716123,1.909002,3.755997
18.09389,0.9302012,2.717167,1.910263,3.756457
18.11046,0.9279494,2.718222,1.911325,3.757622
18.12703,0.9250966,2.718739,1.91225,3.758224
18.14401,0.9213446,2.719475,1.913139,3.758727
18.16018,0.917491,2.721236,1.914691,3.758607
18.17673,0.9156103,2.722183,1.920004,3.758222
18.1933,0.9167048,2.722523,1.927203,3.757579
18.20986,0.9197038,2.723905,1.93836,3.756508
18.22696,0.9191207,2.724913,1.947425,3.755762
18.24324,0.9353958,2.730546,1.957429,3.757542
18.26027,0.9881299,2.744945,1.965454,3.7625
18.27613,1.029665,2.776865,1.973184,3.774577
18.2927,1.010944,2.799882,1.981862,3.776644
18.30933,0.9775543,2.784996,1.995731,3.778237
18.32583,0.9722603,2.739718,2.019726,3.794849
18.34258,0.982458,2.704518,2.047621,3.817251
18.35897,0.9459777,2.659033,2.076424,3.812096
18.37553,0.8623475,2.61156,2.091509,3.724489
18.39215,0.7792966,2.584247,2.098219,3.573071
18.40867,0.6785029,2.564134,2.109901,3.379081
18.42565,0.8085653,2.545846,2.126033,3.275999
18.4418,1.024179,2.526646,2.148083,3.209332
18.45836,1.080925,2.512119,2.162624,3.192704
18.47493,1.057786,2.499766,2.174008,3.190456
18.49206,0.9245884,2.495368,2.173709,3.199167
18.50807,0.8611216,2.493896,2.166058,3.206992
18.52505,0.8022738,2.497695,2.149277,3.215344
18.54159,0.7682704,2.503404,2.13009,3.221914
18.55792,0.7406036,2.509995,2.100564,3.230992
18.57433,0.7174118,2.51997,2.066213,3.239028
18.5909,0.7080904,2.531188,2.036779,3.242863
18.60747,0.7100633,2.547194,2.00018,3.246123
18.62403,0.7086003,2.56129,1.973503,3.250053
18.64069,0.7034215,2.576656,1.94675,3.256279
18.65716,0.6983573,2.592428,1.926627,3.26445
18.67373,0.6887342,2.608852,1.913249,3.270822
18.69061,0.6701714,2.63511,1.901257,3.2789
18.70687,0.6529195,2.658048,1.896269,3.284197
18.72369,0.6361374,2.686294,1.896582,3.290376
18.74,0.6280566,2.71146,1.898095,3.296086
18.75657,0.6355565,2.750955,1.8966,3.303968
18.77353,0.6480423,2.793782,1.894606,3.312405
18.7897,0.6609635,2.824028,1.900174,3.313806
18.80627,0.6820083,2.853373,1.914618,3.310982
18.82285,0.6931528,2.873642,1.926133,3.310323
18.83946,0.7154573,2.902615,1.93566,3.318609
18.85597,0.7446661,2.939899,1.937951,3.338145
18.87253,0.7410427,2.966274,1.940295,3.356369
18.8891,0.7196547,2.965334,1.951693,3.358713
18.90569,0.7059382,2.952061,1.965281,3.356593
18.92251,0.6932242,2.934818,1.979217,3.358273
18.9388,0.6782561,2.920575,1.988035,3.364785
18.95563,0.6615061,2.910768,1.991975,3.373448
18.97193,0.6392048,2.901345,1.994222,3.386531
18.9885,0.6220815,2.894582,1.994884,3.397252
19.00511,0.6034835,2.885724,1.995907,3.409233
19.02163,0.5934282,2.877587,1.998771,3.419529
19.03856,0.5872996,2.871837,2.002106,3.427039
19.05476,0.5782796,2.867057,2.007759,3.436489
19.07133,0.5678532,2.863106,2.012604,3.443201
19.0879,0.5539783,2.857838,2.01876,3.449221
19.10448,0.5449101,2.854354,2.023174,3.453034
19.1214,0.5366056,2.850614,2.026937,3.457144
19.1376,0.5300218,2.846846,2.029313,3.46182
19.15417,0.5291895,2.843766,2.030248,3.466216
19.17091,0.5315732,2.840966,2.02934,3.471571
19.1873,0.5339607,2.838852,2.027677,3.476253
19.20387,0.5364826,2.836762,2.024598,3.483024
19.22043,0.5383921,2.835807,2.020523,3.490225
19.23744,0.542044,2.834986,2.016751,3.497847
19.25356,0.548006,2.833743,2.012381,3.505214
19.27013,0.5566076,2.832166,2.008376,3.511208
19.2867,0.5706741,2.831861,2.003494,3.518383
19.30327,0.583284,2.831324,1.998762,3.525975
19.31983,0.5906368,2.830872,1.99489,3.531607
19.33673,0.5987228,2.83104,1.990227,3.538726
19.35297,0.6046134,2.830638,1.987042,3.543751
19.36954,0.6115644,2.830548,1.983222,3.550277
19.3861,0.6171203,2.830485,1.980558,3.555407
19.40267,0.6237775,2.829569,1.976532,3.562032
19.41924,0.6357878,2.829065,1.972484,3.57022
19.43589,0.6611074,2.829173,1.968167,3.578807
19.45253,0.7077399,2.829024,1.961918,3.592888
19.4691,0.7455793,2.829136,1.956554,3.605174
19.4855,0.7929338,2.828102,1.95109,3.619443
19.50207,0.8431693,2.827266,1.94472,3.633109
19.51873,0.8815329,2.827006,1.93929,3.64395
19.5352,0.9253826,2.82629,1.932593,3.656106
19.55177,0.9557623,2.825269,1.927433,3.665729
19.56863,0.989417,2.822812,1.921581,3.676521
19.5849,1.011534,2.821351,1.917085,3.683785
19.60147,1.033055,2.820603,1.912676,3.692317
19.61804,1.052229,2.819363,1.907218,3.701977
19.6346,1.061415,2.818563,1.904096,3.707786
19.65156,1.06964,2.817353,1.90041,3.714614
19.66773,1.073363,2.816015,1.897792,3.721317
19.68519,1.075545,2.814178,1.895751,3.726054
19.70087,1.077587,2.813296,1.893526,3.731422
19.71744,1.079011,2.812909,1.891974,3.734709
19.73434,1.078877,2.812781,1.890283,3.739147
19.75057,1.077268,2.812762,1.889103,3.741539
19.76714,1.073681,2.81262,1.888648,3.745004
19.78371,1.067476,2.812549,1.888539,3.747122
19.80027,1.062303,2.811957,1.888407,3.74889
19.8172,1.056027,2.811963,1.888075,3.751307
19.8334,1.052177,2.812885,1.887431,3.752596
19.84997,1.047324,2.813051,1.886116,3.754189
19.86654,1.042591,2.812929,1.885252,3.756432
19.8831,1.038552,2.812875,1.884358,3.757397
19.90001,1.031377,2.812203,1.882904,3.759742
19.91624,1.026913,2.811359,1.882006,3.761792
19.93293,1.019421,2.811193,1.880576,3.764664
19.94937,1.013452,2.809618,1.880236,3.766423
19.96657,1.003394,2.808002,1.87934,3.768433
19.98251,0.9952508,2.806863,1.878603,3.770906
19.99907,0.9900602,2.806076,1.877616,3.772241
20.01564,0.9827062,2.804669,1.876779,3.774758
20.03221,0.9760823,2.802024,1.875822,3.776364
20.04877,0.9710963,2.800344,1.875154,3.778493
20.06556,0.9629959,2.798318,1.874126,3.780409
20.0819,0.9571992,2.79679,1.87307,3.782357
20.09847,0.9510623,2.794675,1.872637,3.783992
20.11504,0.9457874,2.792992,1.872625,3.785546
20.13244,0.9401498,2.790583,1.872545,3.78787
20.14817,0.9353259,2.787966,1.872203,3.789302
20.16501,0.9312738,2.785923,1.872233,3.790529
20.18131,0.9260255,2.783099,1.872756,3.791867
20.19787,0.9215931,2.781023,1.873305,3.793073
20.21444,0.9165391,2.779166,1.873377,3.793751
20.23101,0.9114745,2.776968,1.87299,3.793895
20.24758,0.9050246,2.774006,1.872568,3.794192
20.26414,0.899503,2.772027,1.871931,3.795013
20.28111,0.8941334,2.770648,1.87171,3.795585
20.29728,0.8887028,2.768014,1.871768,3.796209
20.31423,0.8845543,2.766248,1.872121,3.796344
20.33041,0.8802034,2.763979,1.871822,3.796021
20.34727,0.8745937,2.760787,1.87126,3.795573
20.36355,0.8703256,2.757821,1.871115,3.795525
20.38011,0.865776,2.754148,1.871497,3.795857
20.39668,0.8619633,2.751386,1.871599,3.796341
20.41327,0.8574136,2.747783,1.871947,3.796592
20.42981,0.8532587,2.743533,1.871938,3.797074
20.4472,0.8488527,2.741134,1.871715,3.797409
20.46339,0.8430818,2.737018,1.871747,3.797776
20.47951,0.8381401,2.733892,1.871547,3.79803
20.49648,0.8322127,2.72937,1.871328,3.798308
20.51265,0.8267974,2.724382,1.871414,3.798256
20.52922,0.8222764,2.720721,1.871252,3.798456
20.54582,0.8174512,2.716081,1.871075,3.798108
20.56235,0.8128553,2.712524,1.870678,3.798625
20.57891,0.8082139,2.707648,1.870582,3.79882
20.59566,0.8043953,2.704476,1.870515,3.799237
20.61266,0.799237,2.700154,1.870177,3.799936
20.62882,0.7942247,2.69675,1.869852,3.799406
20.64518,0.791146,2.693955,1.869587,3.800047
20.66175,0.7864557,2.690837,1.869645,3.800597
20.67872,0.7828388,2.688147,1.869686,3.800828
20.69488,0.7784654,2.685019,1.869174,3.801833
20.71144,0.7752836,2.68145,1.869291,3.802421
20.72801,0.7721011,2.678416,1.869372,3.802709
20.74467,0.7678348,2.67314,1.868886,3.803096
20.76115,0.7643596,2.670186,1.869014,3.804171
20.77771,0.7603708,2.666495,1.869153,3.805303
20.79437,0.7563627,2.662488,1.869273,3.806266
20.81085,0.7536212,2.660481,1.869082,3.806695
20.82741,0.7505665,2.657588,1.868921,3.807444
20.84474,0.748755,2.654715,1.869045,3.808011
20.86055,0.7455233,2.652345,1.868897,3.808857
20.87711,0.7438959,2.649179,1.868762,3.809874
20.89368,0.7426106,2.647853,1.868904,3.809906
20.91026,0.741094,2.644775,1.869059,3.810793
20.92719,0.7398124,2.643089,1.869167,3.811558
20.94338,0.7375696,2.640418,1.869585,3.811629
20.96029,0.735837,2.63835,1.869632,3.811425
20.97651,0.7344474,2.63575,1.869093,3.812354
20.99308,0.7330057,2.633834,1.869221,3.813443
21.00988,0.7315229,2.631991,1.868728,3.814195
21.02621,0.7318988,2.629724,1.868369,3.815015
21.04278,0.7331365,2.627761,1.867973,3.81616
21.05935,0.7346622,2.625252,1.86772,3.817285
21.07591,0.7354162,2.62338,1.867769,3.81879
21.09321,0.7360638,2.62149,1.868084,3.820073
21.10918,0.7351897,2.620167,1.867207,3.821767
21.12598,0.7340034,2.618718,1.867228,3.822411
21.1427,0.7328469,2.616639,1.866755,3.823491
21.15889,0.7321968,2.615701,1.866348,3.823854
21.17531,0.7307456,2.614483,1.866485,3.823712
21.19188,0.7278149,2.613867,1.866982,3.82347
21.20845,0.7243333,2.612576,1.867028,3.823654
21.22501,0.7197742,2.611913,1.866592,3.823138
21.24242,0.7146209,2.611102,1.865553,3.823051
21.25814,0.7111428,2.608926,1.864769,3.822903
21.27471,0.7064179,2.608522,1.863513,3.822767
21.29135,0.7025143,2.607536,1.861963,3.822449
21.30834,0.6990859,2.605598,1.860273,3.821829
21.32441,0.6977699,2.605212,1.858821,3.821928
21.34098,0.69669,2.603602,1.856162,3.821656
21.35755,0.6951627,2.601398,1.853597,3.821687
21.37411,0.6934062,2.600091,1.851746,3.821785
21.39068,0.6926605,2.5987,1.849504,3.821532
21.4074,0.6938286,2.596855,1.847276,3.82163
21.42415,0.7001628,2.595579,1.845118,3.821118
21.44038,0.7070178,2.594639,1.843384,3.82099
21.45695,0.7153495,2.593119,1.841219,3.82085
21.47351,0.721366,2.591232,1.839343,3.820447
21.49084,0.7257193,2.590184,1.838023,3.820102
21.50665,0.7285761,2.589602,1.836025,3.819523
21.52321,0.730737,2.588245,1.834592,3.818178
21.54018,0.7317995,2.587855,1.833774,3.817513
21.55646,0.7338145,2.587028,1.832967,3.816743
21.57291,0.7345153,2.585639,1.832627,3.81626
21.58948,0.7352901,2.584843,1.832256,3.81565
21.60657,0.7349833,2.584587,1.831997,3.815301
21.62286,0.7348272,2.584239,1.832005,3.815409
21.63926,0.7341452,2.583905,1.832004,3.81551
21.65575,0.7328049,2.583448,1.832048,3.814878
21.67264,0.7312872,2.582422,1.832598,3.815336
21.68944,0.7308486,2.581571,1.833165,3.815306
21.70545,0.7293071,2.581058,1.83413,3.815679
21.72218,0.7269053,2.578913,1.83442,3.815716
21.73858,0.7255223,2.577609,1.834778,3.815351
21.75515,0.7227734,2.575959,1.83525,3.814878
21.77172,0.7201698,2.575276,1.835521,3.814618
21.78828,0.7167205,2.573983,1.83588,3.813683
21.80497,0.7142115,2.573817,1.83607,3.813817
21.82142,0.7107746,2.573286,1.836326,3.813569
21.8384,0.7070309,2.573328,1.836374,3.813837
21.85467,0.7047773,2.573529,1.836208,3.814544
21.87112,0.702125,2.573596,1.836461,3.814202
21.88768,0.6998609,2.573748,1.836867,3.814567
21.90478,0.697064,2.573219,1.836505,3.815335
21.92082,0.6940891,2.573603,1.836443,3.815702
21.93738,0.6918997,2.573446,1.836277,3.815613
21.95395,0.6890883,2.573225,1.836246,3.815111
21.97098,0.6871898,2.573711,1.836095,3.81539
21.98708,0.6841872,2.573444,1.836647,3.815493
22.00365,0.6813275,2.572658,1.83712,3.815557
22.02052,0.6794459,2.572353,1.837177,3.815775
22.03678,0.6778544,2.572012,1.837011,3.81609
22.05335,0.6752331,2.572654,1.83708,3.816838
22.06992,0.6727812,2.57198,1.836919,3.817285
22.08648,0.6713151,2.572044,1.836681,3.817879
22.10365,0.6691773,2.572021,1.836328,3.818178
22.12014,0.6672899,2.571453,1.83629,3.817562
22.13618,0.6661714,2.571286,1.836434,3.817533
22.15284,0.6650346,2.571661,1.836672,3.81676
22.17006,0.6639114,2.571657,1.837228,3.815922
22.18588,0.6629875,2.571795,1.83747,3.816278
22.20259,0.6614438,2.571815,1.837827,3.816786
22.21902,0.6604049,2.571881,1.838076,3.816564
22.23558,0.6592063,2.572698,1.838398,3.815725
22.25215,0.6581503,2.572371,1.838582,3.81565
22.26896,0.6564251,2.572585,1.838482,3.815418
22.28528,0.6552264,2.572802,1.838396,3.815243
22.30185,0.6543269,2.573037,1.83858,3.815198
22.31842,0.6531596,2.572882,1.838515,3.814738
22.33498,0.6525149,2.572234,1.838686,3.814468
22.35175,0.6513035,2.571919,1.838871,3.814402
22.36812,0.6502628,2.572513,1.839031,3.814927
22.38468,0.6491033,2.572198,1.839142,3.814644
22.40201,0.6477911,2.571854,1.839263,3.81427
22.41782,0.6463065,2.572788,1.839348,3.814928
22.43462,0.6437551,2.573241,1.83944,3.815644
22.45121,0.641895,2.573152,1.839222,3.815288
22.46752,0.6405401,2.573255,1.839049,3.81508
22.48415,0.6410714,2.572803,1.83891,3.815202
22.50065,0.6418046,2.572782,1.839335,3.815478
22.51749,0.6426623,2.572963,1.839995,3.815569
22.5343,0.6426392,2.573205,1.840277,3.816369
22.55035,0.6422238,2.5736,1.840795,3.816325
22.56702,0.6416441,2.573347,1.841821,3.816844
22.58421,0.6419851,2.574013,1.842403,3.817564
22.60028,0.6417214,2.574893,1.843477,3.817908
22.61662,0.641224,2.575214,1.843643,3.818148
22.63318,0.6401945,2.575317,1.843684,3.818965
22.64975,0.6396186,2.575979,1.843994,3.819394
22.66632,0.6387976,2.575584,1.84381,3.819763
22.68288,0.6378458,2.575943,1.844684,3.819797
22.69945,0.6372287,2.576109,1.844994,3.820102
22.71601,0.6364898,2.576085,1.84541,3.820088
22.73269,0.6357455,2.576834,1.845654,3.819778
22.74915,0.6349338,2.57842,1.846268,3.820092
22.76571,0.634263,2.578635,1.84736,3.820379
22.78309,0.6346473,2.578791,1.848528,3.820335
22.79885,0.6354116,2.578653,1.849601,3.820288
22.81544,0.6350818,2.578808,1.84992,3.820546
22.83198,0.6360765,2.578959,1.849931,3.820203
22.84855,0.6360398,2.579689,1.850814,3.819892
22.86512,0.636494,2.579142,1.851295,3.819905
22.88168,0.636416,2.57928,1.851951,3.819918
22.89839,0.6362711,2.579389,1.852309,3.820201
22.91487,0.6354196,2.5798,1.852283,3.820464
22.93138,0.6350802,2.579532,1.852321,3.82042
22.9481,0.6352103,2.579042,1.852293,3.82036
22.96451,0.6350136,2.579503,1.852269,3.821157
22.98167,0.6343397,2.57929,1.851975,3.821858
22.99771,0.6343092,2.579407,1.852287,3.822434
23.01451,0.6339653,2.579782,1.852281,3.823229
23.03079,0.6337842,2.580089,1.852875,3.823689
23.04761,0.6321195,2.580367,1.853591,3.82428
23.06392,0.6304383,2.580325,1.853479,3.824354
23.08048,0.6284071,2.580853,1.852988,3.825151
23.09705,0.626878,2.581046,1.853227,3.825151
23.11444,0.6253415,2.580634,1.853062,3.82528
23.13018,0.6240304,2.580844,1.853469,3.825381
23.14675,0.6230032,2.581338,1.853345,3.825064
23.16341,0.6211663,2.581406,1.854285,3.824648
23.17989,0.6213149,2.582392,1.854941,3.824406
23.19658,0.6213947,2.582911,1.855656,3.824066
23.21301,0.6212062,2.583338,1.856809,3.823492
23.22978,0.6187298,2.584384,1.85804,3.8225
23.24649,0.6254706,2.589228,1.862862,3.821899
23.26272,0.6516652,2.601731,1.864537,3.823419
23.27992,0.6786456,2.624961,1.866722,3.824871
23.29585,0.682694,2.630244,1.867097,3.825142
23.31242,0.6685299,2.611201,1.869255,3.82874
23.32908,0.6621617,2.574174,1.883162,3.827615
23.34577,0.6444915,2.536264,1.911115,3.809767
23.36229,0.5931106,2.498307,1.946934,3.781604
23.37869,0.5147186,2.464694,1.984729,3.702922
23.39527,0.4556766,2.447328,2.014901,3.59915
23.41182,0.3913051,2.427842,2.05444,3.483331
23.42838,0.3464195,2.411183,2.08807,3.415403
23.44513,0.2974823,2.395811,2.125602,3.358913
23.46152,0.2633589,2.386841,2.147558,3.331004
23.47809,0.2261552,2.379719,2.163595,3.308903
23.49469,0.1942072,2.376128,2.168104,3.294392
23.51122,0.1719302,2.373996,2.16743,3.286158
23.52779,0.1482333,2.372027,2.162682,3.28111
23.54452,0.1340979,2.370665,2.156912,3.280136
23.56147,0.1223037,2.368602,2.1471,3.28099
23.57749,0.1186567,2.365674,2.131294,3.283401
23.59406,0.1214134,2.365041,2.113595,3.287043
23.61062,0.1288508,2.366358,2.086161,3.292872
23.62748,0.1373381,2.368797,2.062196,3.298004
23.64394,0.1501625,2.372392,2.031902,3.302789
23.66032,0.1607847,2.377032,2.008452,3.304464
23.67689,0.1811787,2.384523,1.982369,3.303808
23.69345,0.2035885,2.396941,1.959432,3.30095
23.71002,0.2171893,2.409107,1.945758,3.296235
23.7273,0.2328549,2.436774,1.937711,3.285885
23.74315,0.2373811,2.459,1.932777,3.278353
23.76016,0.2425279,2.496068,1.923892,3.276086
23.77629,0.2443707,2.541075,1.918043,3.273514
23.79285,0.2447164,2.573617,1.918885,3.267041
23.80942,0.2432038,2.606719,1.922476,3.255532
23.82598,0.2456953,2.630337,1.925016,3.243701
23.84258,0.2445225,2.662027,1.925437,3.229864
23.85912,0.2390628,2.689642,1.930406,3.209994
23.87569,0.2374672,2.705425,1.939579,3.190468
23.89225,0.23523,2.716765,1.952609,3.166926
23.90931,0.2300157,2.727521,1.958319,3.152684
23.92539,0.2255353,2.745756,1.961056,3.139908
23.94256,0.2196949,2.757379,1.961235,3.133336
23.95852,0.2092493,2.762997,1.962207,3.126914
23.97509,0.1954761,2.760288,1.963308,3.118001
23.99166,0.1813397,2.756814,1.964076,3.110783
24.00822,0.1635909,2.751879,1.964622,3.103883
24.02488,0.1485493,2.748196,1.964365,3.09944
24.04175,0.129191,2.742527,1.963448,3.098732
24.05824,0.1109407,2.735954,1.961283,3.100932
24.07502,0.09526854,2.729155,1.959098,3.105629
24.09105,0.08434055,2.723225,1.956625,3.111319
24.10762,0.07272609,2.716828,1.954277,3.120199
24.12419,0.0653121,2.710762,1.951986,3.130616
24.14076,0.06408212,2.705877,1.949402,3.142155
24.15751,0.06677282,2.702635,1.946876,3.152823
24.17409,0.0732569,2.698034,1.943079,3.166311
24.19046,0.08264216,2.695674,1.93985,3.177358
24.20766,0.09444451,2.691791,1.935359,3.191336
24.22359,0.111394,2.688713,1.931212,3.205599
24.24016,0.1252989,2.686284,1.928479,3.217883
24.25683,0.144097,2.68371,1.924747,3.2332
24.27353,0.1611503,2.681855,1.922473,3.244894
24.29019,0.1818605,2.679607,1.919298,3.259476
24.30642,0.1974413,2.677914,1.917085,3.270733
24.32299,0.2170583,2.675649,1.914671,3.283344
24.33984,0.2352474,2.67426,1.912316,3.295294
24.35612,0.2478456,2.672607,1.91063,3.303854
24.37269,0.2602562,2.670826,1.908289,3.312359
24.38926,0.2693944,2.669585,1.906191,3.318971
24.40582,0.2816545,2.668496,1.903313,3.325879
24.4527,0.307161,2.665858,1.895585,3.339824
24.46927,0.3106541,2.664913,1.893798,3.343003
24.48584,0.3147909,2.663354,1.891849,3.346817
24.50241,0.3191207,2.662378,1.889907,3.349758
24.51897,0.3243217,2.661426,1.887943,3.352918
24.53554,0.3299179,2.660369,1.886521,3.355631
24.55211,0.3336596,2.660027,1.885499,3.357835
24.56919,0.3373978,2.660279,1.884722,3.360966
24.58524,0.3428493,2.660247,1.88418,3.363176
24.60207,0.3491757,2.660503,1.883034,3.366683
24.61837,0.3549427,2.660688,1.882331,3.369702
24.63569,0.3601289,2.661192,1.881782,3.371731
24.65159,0.3677306,2.661323,1.881248,3.373729
24.66875,0.3771003,2.661101,1.881071,3.376302
24.68464,0.3846064,2.661839,1.880093,3.377873
24.70121,0.3926898,2.661894,1.878935,3.380111
24.71777,0.4005024,2.662491,1.877099,3.382355
24.73448,0.4082547,2.663189,1.875913,3.385029
24.7514,0.4127609,2.66397,1.874953,3.386746
24.76772,0.4174567,2.66454,1.873979,3.388618
24.78404,0.4220545,2.665166,1.873232,3.389924
24.80061,0.4259942,2.66584,1.872493,3.391638
24.81718,0.4307981,2.666128,1.872141,3.393102
24.8338,0.4352948,2.666572,1.871322,3.394467
24.85031,0.4390242,2.666799,1.871135,3.395822
24.86688,0.4425601,2.666867,1.871005,3.396574
24.88344,0.4487139,2.667027,1.87029,3.398455
24.90001,0.4551454,2.667482,1.869958,3.400086
24.91658,0.4605729,2.667188,1.869671,3.401523
24.93317,0.467273,2.667311,1.868845,3.402438
24.94971,0.4727563,2.667337,1.868977,3.40358
24.96628,0.4803035,2.666814,1.869678,3.404787
24.98309,0.4857302,2.666624,1.869732,3.405976
24.99941,0.491984,2.665397,1.870361,3.407957
25.01603,0.4979454,2.666064,1.87031,3.409924
25.0326,0.5027604,2.665087,1.870274,3.411944
25.04911,0.5091427,2.66465,1.869935,3.414495
25.06582,0.5141293,2.664091,1.869943,3.416565
25.08322,0.5200874,2.663399,1.870799,3.419109
25.09953,0.526008,2.662045,1.871799,3.420913
25.11538,0.5304804,2.660937,1.872166,3.422238
25.13194,0.5355238,2.660505,1.873273,3.424182
25.14851,0.5391962,2.660182,1.874044,3.425141
25.16508,0.5432568,2.660157,1.874329,3.42724
25.18187,0.5467608,2.659296,1.87513,3.429042
25.19821,0.5499913,2.65853,1.875415,3.43059
25.21478,0.553665,2.658437,1.875489,3.432476
25.23134,0.556668,2.658043,1.876006,3.434221
25.24823,0.5597162,2.658054,1.875449,3.43645
25.26457,0.5619994,2.656916,1.875245,3.438347
25.28104,0.5626349,2.656123,1.874652,3.439975
25.29761,0.5637018,2.654992,1.874851,3.441391
25.31417,0.5647066,2.65442,1.874595,3.442379
25.33074,0.565471,2.65269,1.874776,3.443455
25.34749,0.5656905,2.651235,1.874785,3.444215
25.36392,0.5657345,2.64963,1.874657,3.444732
25.38044,0.5657638,2.648818,1.874281,3.446041
25.39701,0.5659759,2.647533,1.874637,3.446795
25.41377,0.566519,2.645956,1.874521,3.447814
25.43014,0.566636,2.645016,1.874003,3.448364
25.44676,0.5656903,2.643177,1.873437,3.449178
25.46346,0.5656047,2.639572,1.873129,3.450188
25.47984,0.5655356,2.6382,1.873361,3.451314
25.49641,0.5650101,2.635929,1.873152,3.452259
25.51331,0.5630146,2.634384,1.872772,3.453156
25.52954,0.5611851,2.631196,1.873202,3.454113
25.54611,0.559314,2.62845,1.873016,3.454663
25.56267,0.557398,2.626333,1.873226,3.455557
25.57924,0.5552225,2.623752,1.873027,3.456185
25.59642,0.5532025,2.622175,1.87268,3.45634
25.61237,0.5510637,2.619581,1.872267,3.456857
25.62894,0.5489475,2.6179,1.87258,3.457491
25.64564,0.5470926,2.615679,1.873628,3.458411
25.66208,0.5458512,2.612581,1.874528,3.459183
25.67884,0.5451716,2.609973,1.874874,3.45985
25.69547,0.5444243,2.607409,1.875598,3.460718
25.71177,0.5453548,2.605412,1.876103,3.461757
25.72834,0.5468581,2.603217,1.876653,3.463212
25.74508,0.5498535,2.601341,1.877408,3.464188
25.76174,0.5518822,2.599467,1.877423,3.46542
25.77804,0.5549977,2.597864,1.877787,3.46664
25.79482,0.5569923,2.596097,1.878341,3.467899
25.81139,0.5577171,2.594414,1.878875,3.469608
25.82774,0.55857,2.593051,1.880152,3.4708
25.84441,0.5605469,2.591428,1.883467,3.471798
25.86097,0.5610778,2.590661,1.886667,3.472956
25.87744,0.5606371,2.589703,1.888788,3.473764
25.89429,0.560847,2.588614,1.890337,3.474928
25.91057,0.5587586,2.586832,1.891702,3.475644
25.92714,0.5566154,2.585475,1.89238,3.476144
25.9437,0.5542936,2.583872,1.893166,3.476963
25.96027,0.5517807,2.581433,1.893076,3.477311
25.97684,0.5489694,2.579518,1.892642,3.477691
25.99394,0.5470673,2.578726,1.892039,3.478538
26.00997,0.5423622,2.576911,1.890338,3.479601
26.02655,0.5372172,2.575652,1.888587,3.480796
26.04417,0.533522,2.574704,1.887302,3.481852
26.06102,0.528787,2.574039,1.88597,3.483285
26.0773,0.5263497,2.573294,1.885285,3.484929
26.09387,0.5234572,2.57282,1.884257,3.487324
26.11065,0.5200969,2.571519,1.883546,3.490297
26.127,0.518374,2.570789,1.882839,3.492283
26.14396,0.5149226,2.569273,1.882147,3.494786
26.16014,0.5132108,2.568491,1.881901,3.497113
26.17699,0.5107708,2.567301,1.881632,3.499216
26.19327,0.5095493,2.566304,1.881402,3.50104
26.20984,0.5081539,2.564981,1.88095,3.502923
26.22715,0.5067021,2.564586,1.880816,3.504496
26.24355,0.504504,2.56406,1.880448,3.505983
26.25976,0.5015638,2.563752,1.880119,3.507664
26.27644,0.5002373,2.563021,1.880106,3.508479
26.29267,0.4982089,2.562586,1.8798,3.509267
26.30933,0.4961754,2.562221,1.879828,3.509653
26.32581,0.4945938,2.561966,1.879848,3.509692
26.34282,0.4916761,2.561407,1.879869,3.509736
26.35894,0.4903368,2.560672,1.879019,3.509766
26.37591,0.4880286,2.558908,1.879158,3.510073
26.39207,0.4854734,2.558206,1.878995,3.510353
26.40874,0.4842545,2.557856,1.878819,3.510039
26.42521,0.4827969,2.556729,1.878986,3.510034
26.44177,0.481338,2.555966,1.879102,3.510312
26.45852,0.4808667,2.555115,1.879229,3.510568
26.47528,0.4793088,2.554279,1.879358,3.511039
26.49147,0.4787869,2.553614,1.879114,3.511822
26.50804,0.4767627,2.553019,1.878431,3.512391
26.52488,0.4754137,2.552964,1.878037,3.513263
26.54117,0.4737756,2.552863,1.877775,3.514215
26.5583,0.471855,2.552749,1.877798,3.515032
26.5743,0.4707861,2.552452,1.87746,3.515902
26.59152,0.4692108,2.552422,1.876962,3.517354
26.60744,0.4678804,2.552135,1.876163,3.518531
26.624,0.4667934,2.552416,1.875849,3.519586
26.64088,0.466288,2.552139,1.876051,3.520481
26.65739,0.4665301,2.552676,1.875753,3.522126
26.67382,0.4656076,2.551998,1.875488,3.523521
26.69076,0.4646644,2.550896,1.875415,3.524264
26.70684,0.4631145,2.550778,1.875241,3.525631
26.72354,0.4621924,2.550962,1.87494,3.526423
26.73997,0.4610359,2.551101,1.874807,3.526928
26.75653,0.4605896,2.550654,1.874684,3.527919
26.77323,0.4605219,2.550596,1.874146,3.528749
26.79001,0.4601659,2.550812,1.874117,3.529782
26.80624,0.4601469,2.550128,1.873371,3.530372
26.8228,0.4592867,2.550392,1.872594,3.531176
26.83937,0.4587947,2.55033,1.872015,3.531914
26.85628,0.4576345,2.55025,1.871695,3.532691
26.87252,0.456256,2.550806,1.871455,3.533441
26.88907,0.4564032,2.551031,1.871288,3.533619
26.90577,0.4549164,2.551185,1.872519,3.534247
26.92254,0.4525007,2.552148,1.872771,3.534777
26.93879,0.4504935,2.552758,1.873035,3.535085
26.9555,0.4478723,2.552368,1.873754,3.535506
26.9719,0.4461223,2.552379,1.874196,3.535174
26.98847,0.4449751,2.552891,1.874725,3.53529
27.00504,0.4441306,2.553141,1.874457,3.535548
27.02189,0.4435299,2.553529,1.874692,3.53503
27.03817,0.4427318,2.553878,1.874056,3.535732
27.05487,0.4409976,2.554289,1.873573,3.536213
27.07141,0.438862,2.55454,1.874181,3.537048
27.08795,0.4358074,2.554575,1.873975,3.537386
27.1054,0.4318363,2.555607,1.874252,3.538038
27.121,0.4264741,2.55621,1.874782,3.538315
27.13757,0.4214255,2.556362,1.875381,3.53879
27.15414,0.4147086,2.556294,1.876033,3.539534
27.17098,0.4095718,2.556728,1.876488,3.540753
27.18727,0.4033997,2.556608,1.876128,3.542059
27.20395,0.3981304,2.556697,1.875981,3.543244
27.22041,0.3921529,2.557173,1.876548,3.545337
27.2373,0.3873734,2.557396,1.876867,3.548086
27.25358,0.3848158,2.557112,1.877227,3.550309
27.27011,0.3836138,2.556338,1.877319,3.553099
27.28667,0.38207,2.556167,1.877626,3.555611
27.30341,0.381794,2.555844,1.87767,3.558491
27.31981,0.383518,2.555874,1.877709,3.56153
27.33637,0.3854086,2.556047,1.877971,3.563931
27.35294,0.3880609,2.556032,1.878258,3.567049
27.36963,0.3902952,2.555896,1.877867,3.569108
27.38607,0.3924968,2.555894,1.877877,3.571512
27.40271,0.3940961,2.555335,1.878177,3.573823
27.4192,0.3947734,2.554432,1.878086,3.575396
27.43577,0.3955284,2.554063,1.877791,3.577733
27.45234,0.3960413,2.553879,1.877762,3.57944
27.46891,0.3980132,2.553296,1.877239,3.581206
27.48547,0.3985149,2.553192,1.877847,3.582497
27.50281,0.3993241,2.553589,1.878442,3.584122
27.51912,0.4002413,2.553647,1.880075,3.585235
27.53517,0.4010869,2.553493,1.880657,3.586072
27.55241,0.401199,2.55359,1.881703,3.587183
27.56831,0.4013347,2.554908,1.882364,3.588071
27.58487,0.3999896,2.554445,1.883443,3.588883
27.60173,0.397765,2.55563,1.884804,3.59074
27.61801,0.3962137,2.555712,1.885831,3.591831
27.63468,0.3929053,2.555307,1.887624,3.592904
