18.76698,2.241262,0.5480681,2.149002,2.792858
0.01656587,1.273234,0.2558941,2.261949,2.655291
0.03377491,1.271647,0.2565085,2.262512,2.654252
0.04969591,1.271176,0.257209,2.263071,2.653773
0.06626543,1.269931,0.2579033,2.26405,2.653214
0.08282911,1.269074,0.2584523,2.26475,2.653146
0.09951957,1.268058,0.2589188,2.265218,2.652145
0.115966,1.266834,0.2593338,2.265783,2.651616
0.1325306,1.263882,0.2600025,2.266918,2.650849
0.1490992,1.260773,0.2597029,2.268501,2.649316
0.165669,1.259264,0.2602669,2.270393,2.648248
0.1822322,1.256269,0.2613342,2.272324,2.647647
0.1987985,1.254102,0.2617549,2.273496,2.64647
0.2153637,1.251245,0.26149,2.27498,2.645822
0.231929,1.248544,0.2615629,2.275681,2.645281
0.2484956,1.246709,0.2607926,2.27705,2.644958
0.2659497,1.244184,0.2612258,2.277833,2.644413
0.2816291,1.243131,0.2608029,2.278947,2.644189
0.2985977,1.241593,0.2606641,2.278796,2.64328
0.3147642,1.240229,0.2614353,2.278393,2.643142
0.3313316,1.239903,0.2604146,2.278021,2.642782
0.3478962,1.239634,0.2595007,2.27801,2.642671
0.364465,1.238538,0.2592758,2.278238,2.642647
0.3810309,1.237571,0.259713,2.277622,2.643087
0.397599,1.236703,0.2597287,2.277004,2.643597
0.4142502,1.235474,0.2589277,2.27627,2.64338
0.4307295,1.234401,0.2582064,2.275658,2.643742
0.4472961,1.234452,0.2583944,2.274727,2.644733
0.4640616,1.232984,0.2580819,2.274059,2.646342
0.4805239,1.232351,0.2580109,2.273319,2.646761
0.4971659,1.232019,0.2582842,2.27256,2.647501
0.5135628,1.231768,0.2585443,2.271607,2.647897
0.5301321,1.230983,0.2578552,2.271423,2.648138
0.5466982,1.230579,0.2581672,2.270409,2.649266
0.563265,1.229965,0.2577865,2.269489,2.650471
0.5801491,1.229679,0.2578254,2.269022,2.651287
0.5963987,1.229689,0.2566277,2.268852,2.652012
0.6129658,1.229733,0.2565563,2.268714,2.652884
0.6296495,1.230361,0.2565916,2.268663,2.653532
0.6460988,1.230328,0.2558527,2.268816,2.654274
0.6626651,1.231138,0.2552833,2.268162,2.655356
0.6792298,1.231011,0.2548369,2.267831,2.656012
0.6957976,1.230587,0.2543083,2.26808,2.65677
0.7123654,1.23077,0.2542648,2.267529,2.65696
0.7289318,1.230682,0.2540579,2.267221,2.657591
0.7456232,1.229755,0.2537592,2.266476,2.658231
0.7620652,1.229183,0.2536196,2.266016,2.658434
0.7787104,1.229847,0.2536643,2.266296,2.658647
0.7951982,1.230442,0.2537122,2.266819,2.658847
0.8117645,1.231213,0.2532869,2.267184,2.658705
0.8286254,1.233019,0.2533874,2.267582,2.658571
0.8454732,1.234685,0.2538459,2.268159,2.658709
0.861463,1.236566,0.2541674,2.269284,2.658601
0.8780315,1.239286,0.2541358,2.270215,2.658782
0.8946705,1.242235,0.2539352,2.271337,2.658656
0.9111642,1.246141,0.2539698,2.272561,2.658572
0.927732,1.248877,0.2535147,2.273714,2.657871
0.9446165,1.251621,0.2535666,2.274858,2.657589
0.9608649,1.253438,0.2528836,2.276595,2.657019
0.9774323,1.255487,0.2524509,2.277376,2.656901
0.9944819,1.258202,0.2515021,2.277814,2.657411
1.010687,1.260402,0.2516208,2.278921,2.657699
1.027131,1.262041,0.2511429,2.279613,2.657758
1.043698,1.262866,0.2509992,2.279667,2.657784
1.060265,1.263384,0.2505931,2.279997,2.65803
1.076832,1.265183,0.2502175,2.280854,2.658317
1.093399,1.26601,0.2493106,2.281329,2.657919
1.109965,1.266273,0.2502474,2.281963,2.657639
1.126532,1.26528,0.2499452,2.282311,2.657063
1.143165,1.264809,0.2499442,2.282797,2.655765
1.160022,1.262956,0.2502089,2.282941,2.654351
1.17686,1.260622,0.2507587,2.282886,2.652987
1.19313,1.257127,0.2500778,2.28247,2.652292
1.209363,1.255145,0.2489128,2.281913,2.650882
1.225931,1.25274,0.2487664,2.281343,2.649053
1.242499,1.251223,0.2492144,2.280871,2.648074
1.259065,1.249045,0.2493045,2.280206,2.647439
1.275631,1.247501,0.2493507,2.279895,2.647527
1.292199,1.246077,0.2494164,2.279633,2.647528
1.308765,1.245492,0.2483256,2.279137,2.647877
1.325332,1.245735,0.2482354,2.278945,2.648695
1.341897,1.244891,0.2476448,2.279094,2.649461
1.358465,1.243918,0.2468386,2.278957,2.649246
1.375031,1.242208,0.245307,2.279104,2.649028
1.391598,1.241613,0.2436663,2.279804,2.648865
1.408165,1.240281,0.2426547,2.280683,2.648121
1.424732,1.239068,0.2405758,2.281999,2.646683
1.441299,1.238352,0.2387818,2.282274,2.645413
1.457865,1.237112,0.2386215,2.28286,2.644519
1.474433,1.23526,0.2379684,2.28416,2.642176
1.491356,1.233218,0.2370372,2.284529,2.640462
1.507644,1.229946,0.2354775,2.285011,2.638129
1.524331,1.226846,0.2355502,2.285707,2.635568
1.540875,1.224914,0.2349049,2.285326,2.633191
1.557264,1.22171,0.235059,2.285695,2.629889
1.573832,1.218638,0.2347872,2.285616,2.627607
1.590459,1.215148,0.2358059,2.285696,2.62482
1.606968,1.212264,0.2365692,2.285316,2.62312
1.623531,1.208305,0.2376272,2.284839,2.6213
1.640098,1.205138,0.2385446,2.284438,2.619439
1.656665,1.203401,0.2389938,2.284503,2.618356
1.67323,1.200404,0.2397354,2.28414,2.61691
1.690394,1.198037,0.2400396,2.284239,2.615818
1.706968,1.196694,0.2399652,2.283814,2.61458
1.722974,1.196217,0.2399602,2.283941,2.613481
1.739499,1.195222,0.2402557,2.283798,2.612226
1.756063,1.193725,0.2404876,2.283704,2.611297
1.772631,1.193042,0.2401316,2.283843,2.611422
1.789197,1.192338,0.2403959,2.283848,2.61093
1.805765,1.191426,0.2403399,2.283879,2.611099
1.822332,1.190989,0.2394361,2.284298,2.610699
1.83903,1.189753,0.2395158,2.284248,2.610317
1.855466,1.189799,0.2390153,2.284043,2.609725
1.872034,1.189254,0.2391459,2.283189,2.610029
1.888799,1.189359,0.2389579,2.282456,2.610598
1.905166,1.18915,0.2385036,2.282192,2.610529
1.921862,1.188979,0.2384494,2.282182,2.611311
1.938299,1.188505,0.2383622,2.28135,2.612582
1.955176,1.18929,0.2388927,2.281159,2.613099
1.971431,1.189654,0.238455,2.280752,2.612743
1.987999,1.190576,0.2386478,2.279781,2.613451
2.004565,1.19052,0.2394036,2.279812,2.614385
2.021132,1.191043,0.239763,2.279559,2.615029
2.037697,1.193147,0.2389576,2.279348,2.616852
2.054403,1.193933,0.2388211,2.278275,2.618942
2.07083,1.195356,0.2389966,2.277107,2.621395
2.087396,1.198846,0.2397206,2.275263,2.623749
2.103965,1.201572,0.2411908,2.274069,2.626178
2.120532,1.203628,0.2416136,2.271508,2.628696
2.137099,1.205085,0.2417028,2.269608,2.630584
2.153665,1.207517,0.2426101,2.267712,2.632753
2.17023,1.210762,0.2430974,2.266332,2.634341
2.186798,1.216454,0.2424773,2.265332,2.636146
2.203364,1.226543,0.2432834,2.263414,2.638677
2.219931,1.233566,0.2443449,2.261575,2.641405
2.236496,1.246188,0.245717,2.258262,2.645223
2.253197,1.264184,0.245926,2.255294,2.650394
2.269631,1.297068,0.247683,2.250573,2.662864
2.286198,1.322251,0.2568546,2.245381,2.682084
2.302765,1.332502,0.2664356,2.242169,2.704299
2.319329,1.34281,0.278206,2.237317,2.740773
2.335896,1.3553,0.2829567,2.235375,2.768796
2.352463,1.351802,0.2759042,2.252863,2.794873
2.369031,1.34684,0.2686934,2.308264,2.808756
2.385597,1.353855,0.2755747,2.364192,2.815225
2.402386,1.36087,0.3032278,2.436896,2.823828
2.41873,1.362738,0.3214496,2.492338,2.831136
2.435408,1.359491,0.3329822,2.557341,2.838552
2.451863,1.357282,0.33347,2.607587,2.840995
2.468431,1.353077,0.3300947,2.664717,2.838233
2.484998,1.343241,0.3243963,2.712611,2.829082
2.501564,1.32661,0.3172685,2.752636,2.817097
2.518129,1.306747,0.3080396,2.786116,2.811121
2.535223,1.295187,0.2990022,2.810646,2.814149
2.551265,1.301658,0.2945988,2.824019,2.821181
2.567829,1.337932,0.2957293,2.833254,2.836065
2.584397,1.379551,0.3002604,2.834284,2.848861
2.600962,1.432056,0.3119024,2.829937,2.863696
2.617712,1.476043,0.3223166,2.821862,2.872158
2.634134,1.52405,0.3341472,2.806565,2.878335
2.650664,1.562124,0.3410947,2.78604,2.884503
2.667336,1.584187,0.3400866,2.767833,2.887684
2.6838,1.599032,0.3310333,2.746058,2.885391
2.700942,1.605699,0.3216943,2.728987,2.879011
2.716928,1.607026,0.3118496,2.705876,2.867507
2.733495,1.597719,0.3028563,2.678119,2.856875
2.750061,1.582708,0.296229,2.654838,2.848031
2.766634,1.562531,0.2879858,2.629266,2.83473
2.783463,1.547603,0.2807611,2.610997,2.825011
2.799765,1.527813,0.2719131,2.590522,2.814407
2.81638,1.512278,0.2659583,2.575268,2.80671
2.833057,1.494988,0.261795,2.558402,2.798169
2.849462,1.481569,0.2561747,2.544236,2.790217
2.86603,1.469146,0.252221,2.532054,2.784528
2.883388,1.454267,0.2484825,2.520728,2.779093
2.899164,1.441425,0.2452153,2.512615,2.774635
2.91573,1.427088,0.2419276,2.50323,2.770008
2.932297,1.415616,0.23883,2.495428,2.766334
2.948868,1.40666,0.23667,2.489644,2.764751
2.965435,1.398074,0.2337339,2.483778,2.763233
2.981998,1.391712,0.2318675,2.479312,2.762853
2.998564,1.384142,0.2301911,2.474897,2.761585
3.015131,1.377341,0.2284858,2.471114,2.758536
3.031837,1.373084,0.2272304,2.468419,2.75581
3.048263,1.367854,0.2264746,2.465526,2.751856
3.06483,1.363221,0.2257319,2.463745,2.748211
3.081397,1.356251,0.225205,2.460681,2.743943
3.097963,1.350927,0.2260288,2.458292,2.740614
3.11453,1.344607,0.2262898,2.456581,2.736889
3.131099,1.339427,0.2262401,2.455077,2.733091
3.147666,1.334904,0.2263627,2.454213,2.730724
3.164232,1.3297,0.2265942,2.453053,2.72807
3.180797,1.325393,0.2264116,2.45242,2.725998
3.197363,1.320393,0.2263275,2.451796,2.724294
3.213931,1.315535,0.2273775,2.450968,2.722831
3.230498,1.310894,0.2273961,2.450583,2.721051
3.247064,1.303739,0.2272911,2.449913,2.718615
3.26363,1.299022,0.2270195,2.44964,2.717053
3.280324,1.293784,0.2279884,2.449409,2.71467
3.297026,1.28872,0.2277509,2.449492,2.711759
3.313381,1.285426,0.2277089,2.448712,2.709836
3.329897,1.280695,0.2285897,2.448603,2.707317
3.346463,1.276601,0.2290168,2.448472,2.70533
3.363031,1.271704,0.2305599,2.448688,2.702839
3.379597,1.268064,0.2310202,2.448899,2.699621
3.396167,1.264836,0.2309122,2.449025,2.697088
3.412848,1.26131,0.2310494,2.449163,2.69523
3.429295,1.259457,0.2309029,2.449259,2.692919
3.445928,1.257838,0.2310576,2.450511,2.690211
3.462429,1.256939,0.2312191,2.450469,2.687893
3.478995,1.257663,0.2327418,2.449812,2.685357
3.495563,1.25914,0.2348798,2.450421,2.683496
3.512129,1.260651,0.2357493,2.449508,2.681374
3.528695,1.263958,0.2360501,2.449843,2.680315
3.545266,1.265524,0.236777,2.449287,2.679988
3.561918,1.266405,0.2369585,2.448806,2.680324
3.578397,1.266878,0.2382188,2.4484,2.680278
3.594963,1.26668,0.2384144,2.448284,2.680528
3.611755,1.264708,0.2384398,2.447431,2.68128
3.628095,1.263004,0.2377627,2.446579,2.681715
3.644663,1.260585,0.2369145,2.445376,2.682603
3.661229,1.25682,0.23563,2.444026,2.683074
3.678009,1.252836,0.2347017,2.442964,2.684169
3.694363,1.247906,0.233738,2.442271,2.68501
3.710929,1.243284,0.2335915,2.442011,2.685018
3.727495,1.239455,0.2333492,2.442035,2.68574
3.744062,1.235543,0.2334417,2.442886,2.686076
3.760627,1.232022,0.233894,2.443429,2.687091
3.777196,1.226951,0.2341655,2.444357,2.687536
3.79376,1.22385,0.2339793,2.444722,2.687528
3.810327,1.22245,0.2336816,2.445767,2.68673
3.827128,1.22044,0.2344149,2.446271,2.687396
3.84346,1.218948,0.2349131,2.446797,2.687498
3.860027,1.216802,0.2356227,2.44725,2.688091
3.87674,1.215722,0.2355426,2.447566,2.688892
3.893162,1.213783,0.2353501,2.447909,2.689348
3.909727,1.211902,0.2350187,2.447875,2.690835
3.926295,1.209399,0.2365954,2.447885,2.691856
3.943112,1.207739,0.2358211,2.448127,2.692799
3.959427,1.206089,0.2355549,2.448118,2.693251
3.975995,1.20355,0.2361741,2.447245,2.694178
3.992561,1.200805,0.235858,2.446787,2.695292
4.009129,1.197584,0.2347649,2.445802,2.695674
4.025695,1.194782,0.2332534,2.4444,2.696842
4.042409,1.192786,0.233445,2.443304,2.697478
4.058827,1.189542,0.2326751,2.442572,2.698126
4.075395,1.187583,0.2323333,2.441712,2.697758
4.091961,1.18396,0.2314381,2.44147,2.697776
4.10869,1.180938,0.2310083,2.441302,2.697184
4.125095,1.177398,0.2303093,2.441118,2.696708
4.141662,1.175222,0.2299913,2.44012,2.696308
4.158228,1.174349,0.2302484,2.439251,2.695884
4.174795,1.173744,0.2304955,2.439083,2.695053
4.191361,1.173888,0.2307122,2.438905,2.694173
4.207928,1.172807,0.2311854,2.438221,2.694148
4.224495,1.172993,0.230427,2.438472,2.695541
4.241062,1.173497,0.230378,2.438365,2.696079
4.257628,1.174116,0.2305724,2.437183,2.697189
4.274244,1.173361,0.2305068,2.436359,2.697511
4.290956,1.17346,0.2301352,2.435187,2.698685
4.307332,1.173654,0.2304197,2.43431,2.700248
4.324245,1.172573,0.2303604,2.433419,2.702517
4.340461,1.17221,0.2300272,2.432671,2.703018
4.357028,1.171956,0.2300326,2.431791,2.70381
4.373594,1.173692,0.2297271,2.429548,2.704561
4.390165,1.177742,0.2297569,2.426486,2.705338
4.406726,1.182016,0.2295025,2.423431,2.70559
4.423295,1.187682,0.2286996,2.419248,2.707069
4.43986,1.192553,0.2279839,2.415893,2.708579
4.456428,1.196986,0.2277119,2.411935,2.710474
4.472994,1.199035,0.2274005,2.409128,2.712141
4.489561,1.198307,0.2260895,2.40586,2.713268
4.506128,1.194565,0.2249637,2.403354,2.713937
4.522694,1.190318,0.2246681,2.401822,2.715197
4.539262,1.184083,0.2257467,2.400152,2.715884
4.555828,1.180438,0.225678,2.399261,2.716383
4.57261,1.175873,0.225432,2.398252,2.715481
4.588962,1.171413,0.2260773,2.397943,2.71468
4.605528,1.168392,0.2268267,2.398179,2.714144
4.622095,1.165785,0.2272745,2.398436,2.712967
4.638662,1.164266,0.2275694,2.398616,2.712318
4.655229,1.161968,0.227895,2.398511,2.712025
4.671794,1.159122,0.2284452,2.398382,2.712075
4.688635,1.155548,0.2289045,2.396933,2.712321
4.704929,1.151665,0.2304637,2.395388,2.712832
4.721495,1.148898,0.229846,2.394469,2.713655
4.738662,1.143746,0.2301963,2.392627,2.715521
4.754665,1.140432,0.2301648,2.390888,2.71689
4.771195,1.136707,0.230441,2.389059,2.71905
4.787762,1.133499,0.2304126,2.387779,2.720331
4.804329,1.131077,0.2306213,2.386887,2.721149
4.820896,1.127826,0.2308164,2.385914,2.722989
4.837461,1.125798,0.2301492,2.385236,2.723784
4.854512,1.123267,0.2298543,2.384496,2.724372
4.870605,1.121392,0.2295921,2.384152,2.725176
4.887436,1.119521,0.2296473,2.384549,2.725447
4.903729,1.118715,0.2297061,2.384497,2.726065
4.920294,1.118862,0.2303221,2.383982,2.726216
4.936863,1.118758,0.230002,2.384832,2.727333
4.953428,1.119174,0.2294108,2.385425,2.727622
4.969994,1.120463,0.2289462,2.386071,2.727949
4.986563,1.121811,0.2285208,2.3872,2.728248
5.003129,1.123606,0.2289904,2.388094,2.728158
5.019696,1.126213,0.2283114,2.389485,2.728957
5.036263,1.127821,0.2285056,2.390391,2.728503
5.052828,1.128968,0.2289995,2.391192,2.728741
5.069396,1.130526,0.2285843,2.391897,2.728653
5.085963,1.131339,0.2284906,2.392245,2.72909
5.10253,1.131441,0.22873,2.392766,2.729519
5.119096,1.130946,0.2283534,2.392949,2.729587
5.135663,1.130504,0.228295,2.392814,2.729919
5.152443,1.129601,0.2279702,2.392417,2.730795
5.168799,1.128209,0.227647,2.39214,2.731295
5.185374,1.126476,0.2279884,2.390707,2.731985
5.201934,1.12403,0.2279369,2.390026,2.733187
5.218494,1.121192,0.2273812,2.390023,2.733893
5.235064,1.118189,0.2274774,2.389746,2.734191
5.251627,1.116968,0.2274929,2.389475,2.734848
5.268195,1.115154,0.2272648,2.388975,2.735029
5.284763,1.11368,0.227314,2.389093,2.735034
5.301329,1.11316,0.2268025,2.38786,2.735736
5.317895,1.111642,0.226587,2.388106,2.736507
5.334463,1.109698,0.2267869,2.388108,2.736461
5.351028,1.108028,0.226967,2.387827,2.737783
5.36793,1.107407,0.2270326,2.387521,2.73891
5.384162,1.106352,0.2269124,2.387605,2.739064
5.401525,1.105888,0.2261285,2.387589,2.739719
5.418067,1.104365,0.2256191,2.386853,2.740348
5.43408,1.102735,0.2258655,2.386649,2.741173
5.450428,1.101274,0.2257665,2.386159,2.741894
5.467111,1.099682,0.2258167,2.38612,2.743031
5.483563,1.098048,0.224995,2.386668,2.74345
5.50013,1.096629,0.2245804,2.386591,2.743811
5.516758,1.095684,0.2247899,2.386807,2.744112
5.533261,1.095314,0.2248225,2.386291,2.744778
5.550068,1.093999,0.2244667,2.386242,2.744694
5.566425,1.09354,0.2242281,2.386108,2.744447
5.582963,1.092775,0.2244874,2.385519,2.744383
5.59991,1.092182,0.2242811,2.385759,2.74448
5.616144,1.091883,0.2248067,2.385794,2.744147
5.632661,1.091617,0.22441,2.386114,2.744101
5.649227,1.090884,0.2247864,2.385687,2.74393
5.665796,1.09075,0.2258147,2.385423,2.744215
5.682363,1.090664,0.2257038,2.385092,2.744296
5.698929,1.090023,0.2262763,2.384929,2.744245
5.715939,1.09002,0.2268285,2.384233,2.745084
5.73206,1.089444,0.2271923,2.383747,2.745948
5.748732,1.089222,0.2275712,2.383218,2.747676
5.765194,1.087882,0.2272588,2.383123,2.750263
5.781763,1.087342,0.2264905,2.383273,2.756169
5.798327,1.087947,0.2251722,2.383189,2.762088
5.814897,1.088776,0.2250492,2.384151,2.772306
5.83146,1.088076,0.2266052,2.384712,2.785654
5.848027,1.087705,0.2284239,2.38853,2.79877
5.865236,1.083584,0.2322843,2.411992,2.8131
5.88116,1.080621,0.2394197,2.451223,2.817705
5.897728,1.08377,0.2562503,2.489306,2.817095
5.914295,1.100327,0.2858109,2.537786,2.818113
5.930862,1.107667,0.3005952,2.577658,2.821788
5.947989,1.107911,0.3108875,2.626944,2.825473
5.964163,1.105265,0.3121454,2.66401,2.828851
5.980562,1.101448,0.3049758,2.707236,2.833251
5.997129,1.099309,0.2954715,2.745802,2.83417
6.013754,1.09967,0.287662,2.77384,2.832792
6.030261,1.100316,0.2758008,2.805523,2.826139
6.046827,1.099706,0.2659673,2.827831,2.82
6.063399,1.098309,0.2540881,2.849576,2.813237
6.080704,1.096604,0.2450431,2.865689,2.807976
6.096527,1.095847,0.2407758,2.874487,2.805367
6.113333,1.101991,0.2401528,2.880891,2.805826
6.12966,1.121411,0.2424027,2.883339,2.811227
6.146228,1.159543,0.2502998,2.881094,2.821303
6.162795,1.193151,0.2591682,2.876354,2.830056
6.179362,1.232227,0.270587,2.86722,2.840793
6.195928,1.267007,0.2814887,2.853973,2.851118
6.212496,1.297209,0.286471,2.838536,2.858702
6.229062,1.330582,0.2897342,2.814925,2.862763
6.245629,1.349531,0.2871427,2.787893,2.860026
6.262195,1.356849,0.2784365,2.761307,2.850939
6.27876,1.350315,0.2692737,2.733656,2.840309
6.295329,1.339056,0.2598805,2.710543,2.826157
6.311895,1.323137,0.2517298,2.681879,2.802881
6.32865,1.31211,0.2466693,2.658695,2.786809
6.345028,1.293061,0.2428841,2.63001,2.770273
6.361593,1.269675,0.2410386,2.604281,2.753213
6.378161,1.250795,0.2394814,2.585137,2.739063
6.394728,1.229449,0.2375859,2.562656,2.725634
6.411334,1.2143,0.2375718,2.546001,2.716975
6.427938,1.195877,0.2362366,2.527628,2.706684
6.444427,1.182559,0.235504,2.515008,2.697887
6.460994,1.166984,0.2347431,2.500996,2.687158
6.47756,1.15699,0.2340985,2.488697,2.678818
6.494128,1.151291,0.2338844,2.47937,2.673791
6.510699,1.143455,0.2330185,2.470136,2.669009
6.527262,1.135902,0.2329633,2.463529,2.666573
6.543828,1.128861,0.2319791,2.456498,2.664258
6.560393,1.123936,0.231699,2.450486,2.661413
6.577185,1.121217,0.2314864,2.446398,2.660369
6.593527,1.117373,0.2307026,2.441821,2.659204
6.610093,1.114062,0.2300208,2.437591,2.657613
6.626661,1.110928,0.2303007,2.433693,2.65652
6.643891,1.106833,0.2316708,2.428916,2.656481
6.66026,1.103147,0.2326175,2.425308,2.65632
6.676538,1.098164,0.2336438,2.422324,2.656566
6.693127,1.093521,0.236076,2.420028,2.657524
6.709495,1.089342,0.2377692,2.418612,2.658474
6.72606,1.084315,0.2400708,2.417395,2.658989
6.742628,1.080379,0.2408926,2.416838,2.659943
6.759193,1.077534,0.2430439,2.416984,2.660825
6.775762,1.076052,0.2444072,2.417621,2.66103
6.792327,1.072611,0.2457099,2.4174,2.661725
6.808895,1.069761,0.2467753,2.417989,2.662665
6.825462,1.066113,0.2460843,2.417734,2.664001
6.842027,1.063537,0.2460374,2.417498,2.665405
6.858595,1.062858,0.246492,2.416647,2.666514
6.87516,1.068534,0.2458571,2.415117,2.66788
6.891727,1.079899,0.2448771,2.412809,2.670117
6.908295,1.089511,0.2447532,2.409587,2.672943
6.92486,1.094623,0.2435328,2.406529,2.674805
6.941428,1.09636,0.2411157,2.404068,2.676548
6.957995,1.095462,0.2401364,2.40179,2.678422
6.974561,1.094288,0.2392732,2.400437,2.679494
6.991128,1.092416,0.2377071,2.397871,2.681532
7.008277,1.088889,0.2365922,2.396477,2.683559
7.024443,1.085849,0.2355622,2.396017,2.684589
7.040832,1.081333,0.2345109,2.396579,2.685644
7.057398,1.078021,0.2334024,2.396698,2.685853
7.074043,1.074071,0.2329218,2.396591,2.685856
7.090527,1.069797,0.2322435,2.397073,2.685894
7.107095,1.065523,0.2322684,2.397135,2.685217
7.123662,1.063065,0.2321963,2.396983,2.685028
7.140228,1.060127,0.2319354,2.396738,2.685051
7.156915,1.056377,0.2310882,2.396642,2.684603
7.17336,1.053051,0.2309716,2.396445,2.684075
7.190114,1.049521,0.2305261,2.396382,2.684064
7.206495,1.044495,0.2304947,2.397167,2.683499
7.223062,1.041385,0.2298379,2.397766,2.683098
7.239627,1.036951,0.2287138,2.398355,2.683225
7.256194,1.033312,0.2277142,2.398826,2.683155
7.272762,1.031422,0.2277633,2.400139,2.683832
7.289327,1.030112,0.2283286,2.40098,2.684266
7.305894,1.028119,0.2285724,2.401697,2.684245
7.32246,1.027511,0.2293566,2.402605,2.684236
7.339028,1.027232,0.2297304,2.403162,2.685745
7.355594,1.026518,0.2298116,2.404162,2.686637
7.37216,1.026286,0.2315462,2.405437,2.687499
7.389249,1.026412,0.2314038,2.406816,2.687785
7.405543,1.027219,0.2309309,2.40754,2.688064
7.422285,1.027256,0.2316712,2.40754,2.688286
7.439297,1.027626,0.2314261,2.406783,2.688254
7.454995,1.026742,0.2312712,2.406005,2.689284
7.471745,1.024916,0.2305345,2.404601,2.689967
7.488545,1.022827,0.2304762,2.403394,2.689972
7.504694,1.021938,0.2298391,2.402432,2.690249
7.521261,1.019395,0.2293057,2.401797,2.691378
7.538055,1.01717,0.2285293,2.401291,2.692076
7.554989,1.014444,0.2284543,2.399962,2.692374
7.571099,1.011847,0.2275422,2.39882,2.69346
7.588102,1.009341,0.2267033,2.397808,2.69451
7.6047,1.006318,0.2254563,2.397005,2.695285
7.620662,1.004446,0.2254215,2.396202,2.696091
7.637229,1.002414,0.2252466,2.395326,2.696961
7.653795,1.001281,0.2252273,2.394715,2.697309
7.67036,0.9990963,0.2253105,2.394323,2.698272
7.686927,0.9963904,0.2253992,2.393712,2.699346
7.704035,0.993484,0.2246536,2.394027,2.699738
7.720303,0.9916373,0.2252579,2.393565,2.699186
7.73663,0.9894197,0.2257428,2.394058,2.697934
7.753768,0.9880564,0.2265221,2.394739,2.697624
7.770176,0.9863364,0.2267484,2.395191,2.695965
7.786855,0.9844625,0.2268301,2.394896,2.695562
7.802953,0.9806986,0.2269951,2.394486,2.695059
7.819463,0.9780244,0.2273313,2.394528,2.694479
7.836028,0.9751958,0.2271345,2.394154,2.693811
7.852597,0.9716365,0.2266832,2.393849,2.693555
7.869437,0.9691462,0.2273808,2.394555,2.692291
7.885727,0.9672719,0.226612,2.394768,2.690521
7.902296,0.9664378,0.2258708,2.394795,2.689031
7.918942,0.9649639,0.2247591,2.39553,2.686342
7.935429,0.9639627,0.2243702,2.395896,2.685447
7.951999,0.9635081,0.2244337,2.395793,2.685386
7.968563,0.963595,0.2238418,2.396105,2.686064
7.985129,0.9637477,0.2234011,2.396278,2.686225
8.001697,0.964631,0.2226296,2.39623,2.687032
8.018263,0.964682,0.222628,2.396389,2.68739
8.034828,0.9640123,0.2225224,2.396599,2.688041
8.051395,0.9628633,0.222166,2.39625,2.688318
8.06845,0.961953,0.222451,2.39678,2.688007
8.084969,0.9628075,0.2221302,2.396952,2.688298
8.101784,0.9624683,0.2218859,2.397011,2.688493
8.118246,0.9621196,0.2222017,2.396877,2.68898
8.134449,0.9610067,0.2227473,2.396453,2.689415
8.150797,0.9614827,0.2230144,2.396578,2.689482
8.167453,0.963833,0.2240618,2.39564,2.690146
8.18393,0.9659869,0.2241607,2.39584,2.690412
8.200498,0.9682493,0.2238386,2.396428,2.691801
8.217064,0.9704576,0.2244442,2.396102,2.692411
8.23363,0.9724432,0.2239344,2.395975,2.693273
8.250349,0.9746495,0.2236786,2.396278,2.69395
8.266763,0.9755455,0.2235482,2.396705,2.69407
8.283328,0.9773136,0.223047,2.397171,2.694925
8.299897,0.9784866,0.2232535,2.397477,2.695507
8.317146,0.9803691,0.2241899,2.397285,2.695576
8.333031,0.9805741,0.2247106,2.397369,2.696167
8.349862,0.9810643,0.2259081,2.397979,2.696897
8.366164,0.9808972,0.2256213,2.398564,2.697335
8.38273,0.9813765,0.2252588,2.399302,2.698189
8.399295,0.9817725,0.2259286,2.400257,2.698436
8.415863,0.9826525,0.2265119,2.402224,2.697826
8.43243,0.9840776,0.2268687,2.403989,2.696929
8.448995,0.9863613,0.2273026,2.40596,2.696497
8.465563,0.9879258,0.2273382,2.406997,2.696352
8.482128,0.9901794,0.2271489,2.407712,2.695462
8.498696,0.9948775,0.2281994,2.408635,2.695081
8.515843,0.9983414,0.2289798,2.409074,2.695663
8.532054,1.000246,0.2291321,2.40923,2.696002
8.548396,1.001364,0.2286584,2.408736,2.69646
8.564962,1.000632,0.2285574,2.408624,2.69779
8.581529,1.000835,0.2293437,2.408254,2.698111
8.598093,1.001004,0.229128,2.407889,2.697455
8.614887,1.000297,0.2289779,2.407897,2.697797
8.631229,0.9988424,0.229069,2.407265,2.697503
8.647794,0.9970113,0.2286357,2.406512,2.696143
8.664362,0.9959248,0.2282099,2.406056,2.694574
8.68093,0.9959529,0.2284628,2.405757,2.691924
8.697496,0.9962336,0.2284062,2.406065,2.689966
8.714061,0.9960657,0.228289,2.405669,2.68884
8.730672,0.9969215,0.2291045,2.405142,2.687283
8.747196,0.9990042,0.230363,2.405126,2.686448
8.763763,1.003973,0.2314249,2.40525,2.685802
8.780329,1.010775,0.2326101,2.405373,2.685265
8.797062,1.015857,0.2337316,2.405604,2.684935
8.813461,1.022923,0.2337615,2.405959,2.685359
8.830029,1.02887,0.2344687,2.404701,2.68703
8.846886,1.03724,0.2344199,2.404037,2.688614
8.863163,1.046062,0.2350609,2.403363,2.69139
8.879727,1.05195,0.235919,2.401813,2.693524
8.896297,1.063652,0.2361783,2.399862,2.697307
8.912864,1.076451,0.2366167,2.397857,2.700227
8.92943,1.093313,0.2362476,2.394178,2.705007
8.945997,1.106406,0.2352574,2.390831,2.709012
8.962564,1.120458,0.2345401,2.386185,2.714554
8.979131,1.131413,0.2330517,2.381347,2.719535
8.995971,1.140162,0.2324106,2.37746,2.724159
9.01248,1.150002,0.2311968,2.372417,2.730661
9.028835,1.154572,0.2302035,2.368699,2.735173
9.0454,1.158404,0.2287367,2.363524,2.740649
9.06218,1.160333,0.2277763,2.359054,2.745069
9.079107,1.161133,0.2268843,2.356012,2.748529
9.095098,1.161512,0.2264678,2.352046,2.751863
9.111665,1.161039,0.2260082,2.348917,2.755081
9.12823,1.158658,0.2260065,2.347358,2.758345
9.144797,1.156217,0.2259085,2.346223,2.760256
9.161364,1.153926,0.2255955,2.344222,2.762497
9.177931,1.149382,0.2256267,2.342196,2.765243
9.194497,1.144564,0.2249812,2.341379,2.766662
9.211062,1.139382,0.2248336,2.340011,2.767982
9.227642,1.133926,0.22484,2.339719,2.769981
9.244196,1.130307,0.2245586,2.339468,2.772021
9.260764,1.125127,0.2247879,2.339826,2.775151
9.277329,1.121098,0.2282971,2.339863,2.780048
9.293901,1.124231,0.2422109,2.340695,2.795462
9.310467,1.128864,0.2563132,2.342936,2.814952
9.327032,1.131438,0.2677054,2.355151,2.839048
9.343597,1.127871,0.2656488,2.384569,2.8555
9.360167,1.136902,0.2639149,2.415103,2.865493
9.376732,1.174367,0.2722149,2.457387,2.883185
9.393298,1.197163,0.277926,2.492452,2.903801
9.409866,1.190183,0.2762153,2.539922,2.928127
9.426431,1.170867,0.2716387,2.584367,2.94697
9.443134,1.156994,0.2665715,2.618587,2.958171
9.459586,1.142137,0.2580404,2.658127,2.964567
9.47613,1.129839,0.2530949,2.688792,2.964317
9.492696,1.117106,0.2466721,2.724579,2.964572
9.509263,1.108861,0.2398714,2.748715,2.966959
9.526131,1.102002,0.2323044,2.770574,2.969914
9.542397,1.101805,0.2329815,2.781974,2.971612
9.558962,1.110905,0.244206,2.784846,2.973747
9.575529,1.139845,0.2671999,2.78238,2.981189
9.592097,1.171151,0.2870475,2.776663,2.987362
9.609605,1.222093,0.3179214,2.764887,2.995537
9.62523,1.263981,0.341143,2.752869,2.996081
9.641909,1.298245,0.3582352,2.74219,2.990452
9.658363,1.336018,0.3736634,2.725699,2.976688
9.674929,1.35885,0.3800988,2.71039,2.962456
9.69159,1.382977,0.3822679,2.691079,2.9483
9.708063,1.397718,0.3761759,2.669702,2.932024
9.724628,1.400478,0.3679856,2.652486,2.910192
9.741197,1.387816,0.3595802,2.628616,2.881039
9.757764,1.371347,0.354475,2.607527,2.857661
9.77433,1.346233,0.3467618,2.582714,2.829695
9.790896,1.325119,0.3408069,2.564915,2.807654
9.807462,1.29663,0.3327563,2.543321,2.784226
9.824041,1.266207,0.3227439,2.523905,2.762653
9.840596,1.23936,0.31642,2.509692,2.746281
9.857163,1.205495,0.3095629,2.493349,2.724391
9.873729,1.181076,0.3044425,2.481494,2.706955
9.890296,1.1544,0.2992515,2.469143,2.68617
9.906866,1.13146,0.2960179,2.457963,2.665221
9.924435,1.111185,0.2960326,2.448096,2.646102
9.941298,1.095495,0.2942717,2.439341,2.63084
9.957605,1.085414,0.2923436,2.433955,2.622175
9.974136,1.075634,0.2885962,2.428602,2.614239
9.990705,1.068057,0.2848391,2.423715,2.608538
10.00727,1.064565,0.2825631,2.421294,2.604408
10.02384,1.061404,0.2785792,2.419408,2.598682
10.0404,1.059522,0.2761571,2.418055,2.595666
10.05697,1.057081,0.2733186,2.416626,2.593444
10.07354,1.054651,0.2709059,2.415399,2.592144
10.09011,1.052379,0.2687993,2.415097,2.591342
10.10667,1.050348,0.2666915,2.414677,2.591426
10.12324,1.048887,0.2650594,2.415014,2.592154
10.13981,1.046776,0.2626577,2.415718,2.592688
10.15637,1.046299,0.2620529,2.416209,2.593218
10.17294,1.045401,0.2617542,2.416745,2.594202
10.18951,1.045468,0.2604193,2.418053,2.595055
10.20607,1.045406,0.2600535,2.419123,2.595057
10.22264,1.045799,0.2603714,2.419778,2.596038
10.23928,1.046016,0.2603375,2.42066,2.596775
10.25577,1.047982,0.2606068,2.421131,2.597778
10.27234,1.049962,0.2610858,2.421237,2.59923
10.2889,1.049951,0.2606245,2.421602,2.601052
10.30548,1.049076,0.2611358,2.421632,2.602616
10.32226,1.048908,0.2612787,2.422036,2.603462
10.33888,1.048788,0.2625452,2.422587,2.604934
10.35517,1.048951,0.2636068,2.422761,2.606549
10.37174,1.047881,0.2637841,2.422144,2.607219
10.3883,1.045055,0.2638228,2.421841,2.608741
10.40487,1.041616,0.2639665,2.421356,2.609468
10.42144,1.039101,0.2642882,2.420865,2.609808
10.438,1.036403,0.2648205,2.420743,2.609535
10.45457,1.033366,0.2657056,2.420657,2.609879
10.47114,1.029491,0.2654824,2.420282,2.609896
10.48771,1.026973,0.2663006,2.42025,2.610182
10.50427,1.023453,0.2668142,2.419924,2.609899
10.52084,1.020472,0.2671969,2.419933,2.609911
10.53741,1.016998,0.2676018,2.418803,2.609324
10.55397,1.012918,0.2682324,2.418681,2.60888
10.57054,1.010298,0.2684436,2.417702,2.609009
10.5871,1.007987,0.2680987,2.417179,2.608575
10.60367,1.006489,0.2689078,2.416356,2.609021
10.62024,1.002738,0.2693621,2.415458,2.609459
10.63692,0.9969879,0.2697596,2.414015,2.609549
10.65337,0.994457,0.2695046,2.413555,2.61043
10.67,0.9904364,0.2703963,2.412779,2.61037
10.68673,0.9878013,0.2703508,2.41246,2.610927
10.70307,0.9847305,0.2700103,2.411839,2.610796
10.71964,0.982384,0.2694609,2.411288,2.611822
10.73621,0.9815544,0.2684106,2.41114,2.612514
10.75277,0.9796145,0.2675309,2.41098,2.612715
10.76948,0.9785116,0.2669581,2.411141,2.613842
10.7859,0.9770354,0.2668058,2.41098,2.614412
10.80247,0.9759284,0.2657256,2.41145,2.614762
10.81904,0.9748086,0.2657212,2.411519,2.615485
10.83562,0.9738899,0.2657434,2.410439,2.616114
10.85217,0.9728879,0.2656671,2.409824,2.61686
10.86874,0.9727533,0.2654237,2.409849,2.618126
10.8853,0.974484,0.2656663,2.409592,2.620369
10.90187,0.981257,0.2657569,2.40965,2.623716
10.91844,0.9926971,0.2657827,2.40916,2.629699
10.93508,1.004176,0.2659932,2.408965,2.635468
10.95163,1.019434,0.2651725,2.409111,2.642641
10.96814,1.030978,0.264562,2.408375,2.647517
10.98479,1.045584,0.2639175,2.408605,2.654349
11.00127,1.060394,0.2636379,2.408262,2.661089
11.01784,1.074492,0.2631756,2.408508,2.667425
11.0344,1.088514,0.2630013,2.408719,2.672866
11.05097,1.098135,0.2620838,2.408575,2.676817
11.06754,1.109135,0.2621148,2.407911,2.68153
11.0843,1.118033,0.2618425,2.407941,2.685261
11.10069,1.123985,0.2613574,2.407886,2.688373
11.11724,1.129654,0.2614918,2.407645,2.691719
11.13381,1.132253,0.2604823,2.407641,2.693233
11.15037,1.1353,0.2601145,2.407701,2.695602
11.16717,1.136721,0.2598191,2.407665,2.69698
11.1835,1.136867,0.2587238,2.407695,2.698854
11.20007,1.13731,0.2580398,2.407455,2.700163
11.21664,1.137345,0.2579998,2.407447,2.701582
11.2332,1.136881,0.2571353,2.407808,2.703089
11.24979,1.136639,0.2565991,2.407777,2.703035
11.26634,1.136831,0.2559324,2.407809,2.704601
11.2829,1.136149,0.2545123,2.407536,2.705372
11.29947,1.134844,0.2542857,2.407818,2.705603
11.31604,1.13416,0.2527472,2.407844,2.706199
11.3326,1.132562,0.2530059,2.407227,2.706926
11.34917,1.131061,0.252299,2.406514,2.707334
11.36592,1.130083,0.2520181,2.406341,2.707613
11.3823,1.129529,0.2513821,2.405864,2.708294
11.39887,1.129322,0.2514524,2.405857,2.709135
11.41544,1.128526,0.2504565,2.405758,2.709234
11.432,1.129308,0.250092,2.405485,2.709608
11.44857,1.12967,0.250646,2.40572,2.709388
11.46514,1.129717,0.2502635,2.405512,2.709474
11.48171,1.130022,0.250235,2.405563,2.709814
11.49845,1.130602,0.2507641,2.405798,2.710126
11.51484,1.132512,0.2500905,2.405296,2.710109
11.5314,1.134236,0.2503452,2.405279,2.710644
11.54809,1.13534,0.2503136,2.405655,2.710561
11.56454,1.134843,0.2494389,2.406269,2.711064
11.5811,1.133414,0.2492123,2.406423,2.710942
11.59767,1.131519,0.2498969,2.406637,2.711083
11.61424,1.129333,0.2499171,2.406732,2.710984
11.63103,1.126311,0.2502289,2.40692,2.710854
11.64737,1.124722,0.2501849,2.406682,2.711038
11.6641,1.122942,0.2509804,2.406851,2.710327
11.68086,1.121944,0.2511329,2.407296,2.709759
11.69707,1.121157,0.250668,2.407315,2.709213
11.71364,1.119871,0.251113,2.407968,2.708776
11.7302,1.119039,0.2509769,2.407909,2.708917
11.74677,1.117462,0.2513783,2.408778,2.709319
11.76334,1.116216,0.2505666,2.410079,2.709166
11.7799,1.114082,0.2499283,2.41007,2.710162
11.79692,1.111785,0.2505041,2.41006,2.710114
11.81343,1.110442,0.2507283,2.410627,2.710101
11.82986,1.110106,0.2503167,2.411651,2.710369
11.84617,1.110082,0.2499466,2.411675,2.710335
11.86278,1.109182,0.2499443,2.411183,2.710296
11.8793,1.107568,0.2496521,2.411281,2.710828
11.89587,1.105544,0.2499571,2.411134,2.711015
11.91244,1.103588,0.2499809,2.410991,2.711103
11.92914,1.102233,0.2496574,2.411151,2.711752
11.94557,1.101112,0.249679,2.411019,2.712416
11.96214,1.099508,0.2491598,2.410293,2.712357
11.9787,1.0987,0.2495472,2.409968,2.71236
11.99531,1.09694,0.2493368,2.409673,2.712053
12.01184,1.095562,0.2497124,2.409436,2.711817
12.02869,1.094776,0.249162,2.408951,2.712108
12.04497,1.093305,0.2492804,2.408003,2.71264
12.06163,1.092635,0.2493801,2.407941,2.712637
12.0781,1.091123,0.2494677,2.407402,2.712556
12.09467,1.090447,0.2498198,2.4077,2.712836
12.11124,1.089537,0.2495802,2.408025,2.713026
12.1278,1.087898,0.2496133,2.40803,2.71319
12.14437,1.087348,0.2501986,2.407504,2.714126
12.16093,1.087174,0.2498705,2.407574,2.714955
12.17769,1.087208,0.24962,2.407852,2.716134
12.19407,1.087902,0.2493655,2.407882,2.71668
12.21063,1.089063,0.2497379,2.408181,2.718836
12.2272,1.090635,0.2503325,2.408099,2.720716
12.24377,1.092814,0.2505594,2.408351,2.723183
12.26034,1.094785,0.2510685,2.40854,2.725959
12.2769,1.096961,0.2511823,2.408155,2.728808
12.29392,1.09873,0.2513467,2.408367,2.72981
12.31045,1.100587,0.2516954,2.407476,2.731806
12.3266,1.101643,0.2523029,2.40695,2.733802
12.34317,1.102301,0.2523298,2.406709,2.734813
12.35973,1.103662,0.2531133,2.406892,2.736077
12.3763,1.104389,0.2527562,2.406949,2.737109
12.39297,1.1049,0.2526491,2.406841,2.737783
12.40943,1.10532,0.2516926,2.407021,2.73861
12.426,1.105857,0.2520722,2.407072,2.738743
12.44257,1.106751,0.2526695,2.407485,2.738955
12.45914,1.108271,0.2532106,2.406944,2.738484
12.47576,1.109654,0.2532964,2.406519,2.737002
12.49227,1.109428,0.2540738,2.405489,2.735943
12.50884,1.108403,0.2553631,2.404854,2.732707
12.5254,1.107181,0.2560097,2.403903,2.73003
12.54197,1.106084,0.2564674,2.402882,2.72917
12.55853,1.104676,0.257291,2.401601,2.728723
12.5751,1.10345,0.2576652,2.399697,2.728081
12.59167,1.102754,0.257668,2.398584,2.728293
12.60824,1.100953,0.2582964,2.397372,2.729116
12.6248,1.099705,0.2584918,2.395962,2.729808
12.64137,1.101177,0.2578228,2.393425,2.731522
12.65794,1.100459,0.2580636,2.390712,2.734241
12.67467,1.098973,0.2575152,2.387203,2.737359
12.69107,1.098579,0.2570097,2.383087,2.740283
12.70763,1.098468,0.2567704,2.380138,2.742827
12.7242,1.099302,0.2564312,2.376189,2.746418
12.74077,1.100511,0.2560022,2.37291,2.748858
12.75734,1.100405,0.2551365,2.368801,2.751827
12.7739,1.097514,0.2550019,2.36445,2.753282
12.79047,1.094605,0.2553017,2.361645,2.753205
12.80703,1.088252,0.2553572,2.358305,2.752727
12.8236,1.08128,0.2544514,2.356205,2.753005
12.84017,1.072323,0.2535403,2.353916,2.753137
12.85673,1.066321,0.254017,2.352037,2.754798
12.87335,1.059212,0.2603772,2.350071,2.75984
12.88987,1.049947,0.275687,2.347284,2.773142
12.90666,1.049415,0.2853583,2.345301,2.788628
12.92691,1.056955,0.293527,2.343952,2.82017
12.94348,1.046742,0.2869156,2.361555,2.842705
12.96005,1.033342,0.2766365,2.397702,2.855277
12.97661,1.020225,0.2710513,2.456991,2.867597
12.99319,1.019986,0.2764272,2.507533,2.883155
13.00975,1.026494,0.2802789,2.562102,2.908523
13.02632,1.020089,0.2767803,2.608996,2.933885
13.04291,1.016664,0.26965,2.639765,2.949754
13.06,1.012024,0.2583627,2.674002,2.960721
13.07602,1.00221,0.2485269,2.702281,2.962315
13.09258,0.9843553,0.2388196,2.744202,2.960507
13.10915,0.9709641,0.2314816,2.777577,2.959019
13.12612,0.9567191,0.2219233,2.810915,2.958892
13.14228,0.9456329,0.2117286,2.831298,2.960727
13.15885,0.9409895,0.2055211,2.839709,2.963229
13.17615,0.9412013,0.2054174,2.844219,2.966488
13.19198,0.9462862,0.214616,2.844,2.97005
13.20888,0.9616833,0.2341181,2.841149,2.977431
13.22512,0.993286,0.2553771,2.836741,2.984848
13.24168,1.023059,0.2754423,2.832226,2.987142
13.25825,1.064015,0.2975498,2.825379,2.987468
13.27513,1.110202,0.3170994,2.815784,2.982971
13.29138,1.153101,0.3316524,2.802176,2.974914
13.30795,1.189392,0.3426684,2.784565,2.967439
13.32451,1.214398,0.3437393,2.768256,2.960507
13.34109,1.240034,0.3389214,2.747809,2.941959
13.35765,1.252596,0.3336098,2.729398,2.924193
13.37422,1.256321,0.327741,2.703105,2.900338
13.39078,1.248586,0.3218452,2.675219,2.872816
13.40735,1.238672,0.3167799,2.654247,2.847196
13.42391,1.225265,0.311858,2.63047,2.81451
13.44048,1.214636,0.3085037,2.61291,2.79046
13.45705,1.201807,0.3044855,2.591548,2.764189
13.47362,1.190676,0.3034149,2.574165,2.747376
13.49018,1.176693,0.3020677,2.553499,2.730811
13.50675,1.161895,0.2989249,2.535779,2.718574
13.52332,1.149016,0.2959242,2.523063,2.708978
13.53988,1.134737,0.2936913,2.508504,2.696982
13.55647,1.12477,0.2924208,2.498352,2.689316
13.57302,1.116177,0.2903839,2.487284,2.682384
13.58958,1.109336,0.2877609,2.477197,2.68007
13.60615,1.102504,0.2868969,2.470354,2.679796
13.62272,1.091114,0.2847922,2.462162,2.67927
13.63932,1.082657,0.2833954,2.457325,2.678771
13.65595,1.070006,0.2814403,2.450526,2.677297
13.67257,1.060417,0.2809625,2.445067,2.677397
13.68898,1.052296,0.2800138,2.441618,2.677405
13.70555,1.042922,0.2788812,2.436578,2.676641
13.72225,1.036287,0.2781797,2.433803,2.676452
13.73868,1.029183,0.2784278,2.431023,2.675541
13.75525,1.025254,0.2777611,2.429202,2.675179
13.77182,1.019469,0.2772557,2.427072,2.674738
13.7887,1.014167,0.2759736,2.426073,2.672947
13.80517,1.011704,0.2752968,2.424803,2.671188
13.82152,1.008372,0.2748396,2.423833,2.668735
13.83808,1.007138,0.2746016,2.423394,2.667186
13.85465,1.007877,0.2753478,2.422349,2.665032
13.87122,1.01102,0.2757318,2.421144,2.663738
13.88778,1.013506,0.2759219,2.420722,2.663337
13.90435,1.015545,0.2762159,2.42062,2.662292
13.92092,1.01663,0.2758024,2.419976,2.661755
13.93748,1.017963,0.2761215,2.419423,2.661515
13.95405,1.019043,0.2760018,2.418898,2.661342
13.97062,1.021156,0.2763095,2.418471,2.661418
13.98718,1.022123,0.2768314,2.418122,2.660369
14.00375,1.021889,0.2774771,2.418063,2.660327
14.02032,1.021596,0.276978,2.418054,2.660812
14.03688,1.022443,0.276087,2.418379,2.66095
14.05345,1.022198,0.2762708,2.418856,2.661123
14.07002,1.023309,0.2756768,2.419874,2.661565
14.08685,1.023777,0.2744434,2.420479,2.661385
14.10332,1.02326,0.2737979,2.422655,2.661754
14.12028,1.023495,0.27308,2.424088,2.661553
14.13665,1.026673,0.2715238,2.426062,2.66243
14.15295,1.031381,0.2710434,2.427483,2.662942
14.16942,1.034082,0.27065,2.428063,2.662896
14.18601,1.037444,0.2699936,2.42921,2.663308
14.20255,1.039184,0.2696595,2.429,2.66435
14.21912,1.041577,0.2677815,2.43028,2.66573
14.23568,1.044171,0.2672393,2.431388,2.666333
14.25225,1.04484,0.2666917,2.431803,2.667028
14.26882,1.044446,0.2671678,2.431274,2.667439
14.28538,1.043654,0.2669188,2.431402,2.666586
14.30201,1.043686,0.2662073,2.431477,2.667068
14.31885,1.042415,0.2654781,2.430443,2.667686
14.33515,1.040662,0.2644042,2.431793,2.668322
14.35168,1.038273,0.2640911,2.432096,2.66885
14.36822,1.036733,0.2633128,2.431856,2.669264
14.38497,1.033964,0.2630258,2.431812,2.669395
14.40135,1.032009,0.2620418,2.432155,2.668908
14.41792,1.031205,0.2612343,2.432208,2.66816
14.43448,1.028218,0.2610692,2.432744,2.667264
14.45116,1.024963,0.2598257,2.433285,2.665866
14.46762,1.020838,0.2603553,2.432839,2.663325
14.4843,1.017857,0.2600407,2.433061,2.661488
14.50075,1.012783,0.2591874,2.434315,2.659592
14.51731,1.00727,0.2581551,2.436239,2.656824
14.53396,1.002995,0.2569022,2.437245,2.654895
14.55077,0.9977864,0.2565004,2.438199,2.651634
14.56719,0.9937081,0.2563193,2.439552,2.649153
14.58376,0.9889725,0.2559999,2.440446,2.645574
14.60015,0.9843059,0.256574,2.439783,2.642526
14.61671,0.9803795,0.256667,2.440364,2.639942
14.63353,0.9769349,0.2568211,2.440613,2.637956
14.6501,0.9758655,0.2571858,2.440543,2.636761
14.66654,0.9744724,0.2570267,2.44021,2.634393
14.68298,0.9739594,0.2559297,2.440777,2.633307
14.69955,0.9731345,0.2553743,2.440393,2.633114
14.71611,0.9724094,0.2552143,2.440337,2.632965
14.73268,0.972433,0.2554635,2.440025,2.632625
14.74924,0.9726281,0.2555311,2.439431,2.633349
14.76581,0.9720529,0.2557527,2.439196,2.633847
14.78242,0.971154,0.2567698,2.438226,2.634044
14.79895,0.9704,0.2563879,2.437381,2.634294
14.81551,0.9700631,0.2556636,2.437391,2.634349
14.83208,0.9692159,0.2554717,2.437485,2.63489
14.84868,0.9684588,0.2551092,2.436918,2.634329
14.86521,0.9686765,0.254662,2.437063,2.633991
14.88178,0.9688889,0.2551423,2.437195,2.633719
14.89835,0.9687253,0.2545525,2.437217,2.632419
14.91491,0.9691709,0.2544744,2.437045,2.629791
14.93159,0.9695655,0.2545434,2.437949,2.62723
14.94805,0.9687448,0.2541934,2.43936,2.625096
14.96461,0.9682888,0.2534124,2.441446,2.622499
14.98118,0.9682304,0.2537782,2.445214,2.619603
14.99774,0.9676156,0.2537923,2.449571,2.61656
15.01481,0.9672891,0.252775,2.45278,2.613796
15.0309,0.9662594,0.2526391,2.456077,2.610999
15.04745,0.964703,0.2534745,2.458821,2.60859
15.06401,0.962317,0.253814,2.461547,2.605964
15.08058,0.9602603,0.2540707,2.463598,2.605087
15.09715,0.958775,0.2533128,2.464332,2.604521
15.11421,0.9559309,0.2524684,2.465022,2.6038
15.13028,0.9542487,0.2522441,2.465165,2.603468
15.14685,0.9516014,0.2512521,2.46569,2.603462
15.16341,0.949124,0.2510498,2.464869,2.604095
15.17998,0.9486245,0.2503648,2.464011,2.605063
15.19661,0.9493844,0.2496963,2.462305,2.606317
15.21311,0.9503198,0.2491401,2.460894,2.608178
15.22968,0.951996,0.2478238,2.458498,2.610148
15.24625,0.9530923,0.2461453,2.455885,2.613492
15.26334,0.9535847,0.2457142,2.45378,2.61595
15.27993,0.9533354,0.2446676,2.451834,2.619082
15.29622,0.9517795,0.2435589,2.450476,2.621473
15.31252,0.9481716,0.243895,2.448697,2.624364
15.32908,0.9449142,0.2443215,2.447126,2.626457
15.34587,0.9425417,0.2456543,2.445563,2.629226
15.36222,0.9398968,0.2473975,2.443613,2.632435
15.37878,0.9370496,0.2488431,2.442051,2.63475
15.39535,0.9323464,0.2495716,2.440349,2.637778
15.41208,0.9289184,0.249603,2.438862,2.640609
15.42863,0.9248593,0.2508062,2.437028,2.644495
15.44505,0.9221782,0.250409,2.435179,2.64928
15.4618,0.9204903,0.2506353,2.433455,2.653086
15.47818,0.9184691,0.2511104,2.431254,2.658027
15.49493,0.9172153,0.2512563,2.429663,2.66142
15.51139,0.9171317,0.2510464,2.42751,2.666452
15.52788,0.915816,0.2508814,2.424472,2.670326
15.54445,0.9142841,0.2504803,2.422812,2.672874
15.56102,0.911102,0.2501469,2.420419,2.675028
15.57758,0.9089552,0.2492652,2.418669,2.675599
15.59415,0.9056865,0.2476474,2.416579,2.676203
15.61071,0.9018668,0.2464964,2.415233,2.675492
15.62728,0.8967741,0.2449964,2.413938,2.674981
15.64385,0.8929918,0.2434083,2.413082,2.673429
15.66046,0.8892075,0.2427435,2.412163,2.671889
15.67698,0.8845158,0.242065,2.411026,2.67021
15.69355,0.8811476,0.2406982,2.410618,2.668439
15.71012,0.8770475,0.2391774,2.410257,2.666125
15.72668,0.8737837,0.2381635,2.409947,2.663582
15.74339,0.8722026,0.2372271,2.409662,2.662298
15.75982,0.8696737,0.2364884,2.40971,2.661143
15.77638,0.8677083,0.2363436,2.409743,2.659864
15.79295,0.8660633,0.2359953,2.409505,2.659336
15.80952,0.8648202,0.2358809,2.409562,2.65853
15.82608,0.8644044,0.2353329,2.409624,2.657351
15.84265,0.8643216,0.235693,2.409403,2.656313
15.85922,0.8638259,0.236478,2.40888,2.656736
15.87578,0.8636026,0.2369843,2.408773,2.656675
15.89235,0.8626155,0.2364657,2.408914,2.656183
15.90891,0.862761,0.235369,2.409095,2.656271
15.92548,0.8629869,0.2357232,2.408941,2.656533
15.94205,0.8632094,0.2350752,2.409062,2.656657
15.95861,0.8638949,0.2351712,2.408912,2.655717
15.97518,0.8643215,0.2354513,2.408463,2.655343
15.99175,0.864867,0.2349634,2.408406,2.654888
16.00832,0.8661572,0.2345617,2.408349,2.654489
16.02511,0.8674451,0.2340207,2.408813,2.654256
16.04182,0.8695182,0.2348998,2.409254,2.653655
16.05802,0.8704115,0.2346465,2.410487,2.653509
16.07479,0.8731959,0.2345462,2.410717,2.653545
16.09126,0.876743,0.2347772,2.411438,2.653892
16.10771,0.8802756,0.2345118,2.411546,2.654336
16.12428,0.8833009,0.2341654,2.411328,2.655128
16.14086,0.8863722,0.2345611,2.410884,2.656296
16.15742,0.8885716,0.2342073,2.410459,2.659396
16.17398,0.8907474,0.2340247,2.410133,2.663772
16.1908,0.8926791,0.2360508,2.409276,2.670611
16.22409,0.903077,0.2503256,2.408368,2.695163
16.24066,0.9135872,0.2632906,2.407287,2.72259
16.25723,0.9157175,0.2680837,2.413995,2.743231
16.27379,0.913446,0.2743821,2.43594,2.764477
16.29036,0.9098677,0.2833432,2.471197,2.780471
16.30693,0.907571,0.287248,2.508726,2.791023
16.32349,0.9028028,0.2904874,2.561312,2.804175
16.34006,0.8961288,0.2915786,2.604803,2.812873
16.35663,0.882763,0.2904823,2.657001,2.821756
16.3732,0.8679723,0.2864323,2.703512,2.829735
16.38985,0.8596106,0.2808501,2.738104,2.834928
16.40633,0.8545882,0.2728019,2.776222,2.840695
16.4229,0.8520935,0.2658719,2.802739,2.844339
16.43946,0.8480904,0.2574315,2.831145,2.845978
16.45603,0.8442773,0.2510997,2.849931,2.845301
16.4726,0.838288,0.2432821,2.868536,2.845708
16.48916,0.8300203,0.2343425,2.882544,2.847487
16.50583,0.8231003,0.2304558,2.887944,2.848922
16.5226,0.8158996,0.2321205,2.888448,2.851643
16.53886,0.8150456,0.2390946,2.884877,2.855487
16.55543,0.8271404,0.2531618,2.875078,2.862366
16.57205,0.8457987,0.273426,2.860447,2.868813
16.58887,0.865835,0.2990387,2.839074,2.874623
16.60604,0.8800368,0.3237453,2.813691,2.875597
16.62169,0.8941147,0.3370543,2.791447,2.869158
16.63826,0.9110242,0.3412449,2.763494,2.853412
16.65483,0.9201168,0.3333287,2.733249,2.834745
16.6714,0.9249827,0.3223235,2.708488,2.814357
16.68796,0.932181,0.3095207,2.677562,2.785402
16.70459,0.9350985,0.3006729,2.652571,2.762997
16.72109,0.9360819,0.2895853,2.6194,2.739997
16.73766,0.9328241,0.2797553,2.588663,2.717566
16.75451,0.9238535,0.2726186,2.566748,2.697744
16.77102,0.9088657,0.2638159,2.542892,2.671188
16.78739,0.8972518,0.2579256,2.525646,2.651825
16.804,0.8860987,0.252859,2.506484,2.630078
16.8205,0.8796728,0.2499721,2.493696,2.615747
16.83706,0.876072,0.2474158,2.478773,2.602273
16.85363,0.8738016,0.2449905,2.466233,2.594897
16.87044,0.8690596,0.2430062,2.457488,2.59063
16.88676,0.8609477,0.2414951,2.448245,2.586303
16.90333,0.8556864,0.2404413,2.441864,2.583568
16.9199,0.8503975,0.2398057,2.435675,2.580538
16.93647,0.846934,0.2393025,2.430645,2.579632
16.95303,0.8467296,0.2390825,2.42713,2.579392
16.96959,0.8483304,0.2383388,2.423297,2.580633
16.98616,0.8488403,0.2380431,2.420006,2.58253
17.00273,0.8490131,0.237463,2.416906,2.58386
17.0193,0.849983,0.2366743,2.41564,2.585866
17.03628,0.8494201,0.2364912,2.414119,2.587787
17.05243,0.8506581,0.2367131,2.414385,2.589812
17.06936,0.8528767,0.2370724,2.413899,2.590981
17.08556,0.8535838,0.2372212,2.414487,2.592237
17.10213,0.8546284,0.2372662,2.416266,2.593127
17.1187,0.8565,0.2373701,2.419071,2.593799
17.13557,0.858407,0.2377503,2.422028,2.593827
17.15237,0.8606016,0.2391816,2.424089,2.593388
17.16865,0.8629903,0.2413009,2.42578,2.594005
17.18496,0.8646677,0.2425898,2.427711,2.594102
17.20181,0.8694028,0.2430456,2.430586,2.595509
17.21889,0.8728519,0.2431719,2.43279,2.597556
17.23466,0.8751012,0.2425348,2.434473,2.599257
17.25123,0.8766665,0.2424852,2.435579,2.601631
17.2678,0.877314,0.2419348,2.436369,2.60402
17.28447,0.8782329,0.2410972,2.436873,2.607125
17.30093,0.8781618,0.2398243,2.437232,2.608902
17.31782,0.8781137,0.2381626,2.437323,2.612482
17.33447,0.8772899,0.2371159,2.437205,2.615682
17.35094,0.8761799,0.2362997,2.437234,2.618163
17.36762,0.8742109,0.2348619,2.437334,2.619835
17.38377,0.8727605,0.2333534,2.437171,2.620698
17.40033,0.8715791,0.2329516,2.437222,2.622039
17.41711,0.86996,0.2330827,2.436219,2.623729
17.43413,0.8685355,0.2327114,2.436062,2.624748
17.45003,0.8673298,0.2320207,2.435514,2.625781
17.4666,0.8662152,0.2317717,2.435155,2.626547
17.48317,0.865329,0.2312476,2.434427,2.627635
17.49973,0.8642852,0.231337,2.433528,2.628269
17.5163,0.8640674,0.2308749,2.432841,2.629906
17.53289,0.862072,0.2310251,2.431857,2.631632
17.54943,0.8606782,0.2306252,2.431644,2.632592
17.566,0.8594608,0.2310763,2.430839,2.633621
17.58309,0.857816,0.2308898,2.430129,2.634257
17.59933,0.8563372,0.2299407,2.429814,2.634342
17.61592,0.8548682,0.2291102,2.42954,2.635116
17.63254,0.8545836,0.2286213,2.429593,2.635967
17.64883,0.8528154,0.2276857,2.429351,2.636537
17.6654,0.8521925,0.2264959,2.429417,2.637208
17.68197,0.8513603,0.2264261,2.428951,2.638176
17.69854,0.8517162,0.226126,2.428808,2.638741
17.7151,0.8526664,0.2262706,2.429245,2.638886
17.73172,0.8535913,0.2269359,2.429652,2.639337
17.74824,0.8533496,0.2270516,2.42995,2.639713
17.7648,0.8524008,0.226816,2.430803,2.639746
17.78137,0.8517617,0.2267179,2.431554,2.640313
17.79794,0.8518334,0.2262211,2.432232,2.640833
17.81451,0.8515832,0.2253418,2.433329,2.640741
17.83111,0.8508283,0.2252851,2.433821,2.640656
17.84822,0.8504457,0.2250692,2.433837,2.640837
17.86436,0.8498515,0.2254835,2.434442,2.64101
17.88078,0.8495775,0.2251367,2.434532,2.640303
17.89766,0.8487902,0.2244111,2.434209,2.640252
17.91391,0.8477991,0.2241874,2.434282,2.640223
17.93076,0.8472624,0.2244347,2.434533,2.640791
17.94704,0.8462543,0.224082,2.434167,2.640679
17.96361,0.8452631,0.2241786,2.434536,2.641457
17.98017,0.8445535,0.2233145,2.435308,2.641285
17.99674,0.8437401,0.2229171,2.435564,2.641138
18.01331,0.8432031,0.221905,2.435617,2.641541
18.02987,0.8425534,0.2222597,2.435281,2.642229
18.04644,0.8416017,0.2216405,2.435391,2.642728
18.06301,0.842788,0.2213826,2.435486,2.642608
18.07958,0.8430508,0.2209327,2.43573,2.642891
18.09614,0.8431931,0.2205187,2.435203,2.643329
18.11271,0.8435547,0.2204454,2.434177,2.644237
18.12928,0.8441997,0.2200825,2.433553,2.645333
18.14636,0.8444968,0.2203359,2.432451,2.646293
18.16253,0.8456752,0.2202974,2.43187,2.646718
18.17898,0.8474332,0.2205376,2.430732,2.647182
18.19554,0.8494572,0.220476,2.429501,2.648643
18.21211,0.8520592,0.2201087,2.428159,2.649957
18.22868,0.8542936,0.2194934,2.426724,2.651915
18.24524,0.8560952,0.2198253,2.425379,2.653707
18.26181,0.857495,0.2195412,2.423207,2.654878
18.27838,0.8589294,0.2195851,2.421983,2.656886
18.29495,0.8602278,0.2193437,2.420846,2.658456
18.31151,0.8601844,0.2191452,2.419046,2.659807
18.32808,0.8598846,0.218975,2.417212,2.660416
18.34465,0.8590621,0.219402,2.416459,2.660905
18.36121,0.8586221,0.2194706,2.416009,2.661101
18.37785,0.8571215,0.2201272,2.415726,2.660946
18.39435,0.8554747,0.2206774,2.415934,2.661711
18.41091,0.8553008,0.2214383,2.415926,2.661178
18.42748,0.8562559,0.2212523,2.415928,2.661312
18.44404,0.8575415,0.2210996,2.416413,2.660014
18.4612,0.8590568,0.2211898,2.41786,2.659437
18.47718,0.8594735,0.2210618,2.41897,2.658937
18.49406,0.8600875,0.2214678,2.420254,2.657965
18.51031,0.8611877,0.2215343,2.421057,2.65797
18.52688,0.8610599,0.2213583,2.42121,2.657947
18.54344,0.8603283,0.2217487,2.421578,2.657972
18.56009,0.8602906,0.2215391,2.421688,2.657631
18.57658,0.8599676,0.2221949,2.421159,2.657982
18.59323,0.8602545,0.2224671,2.420422,2.658011
18.60979,0.8599253,0.2227402,2.420673,2.657092
18.62628,0.8599358,0.2234658,2.421143,2.656946
18.64284,0.8596608,0.2233592,2.421868,2.656732
18.65942,0.8588609,0.2234579,2.422195,2.656868
18.67605,0.8584183,0.2236346,2.422799,2.656354
18.69269,0.8575034,0.2234034,2.423816,2.656038
18.70911,0.8564435,0.223753,2.424424,2.655451
18.72587,0.8557044,0.2239307,2.424773,2.655664
18.74224,0.8551809,0.224223,2.426385,2.654889
18.75881,0.8545694,0.2234648,2.427673,2.654329
18.77538,0.8545149,0.2229666,2.430014,2.6534
18.79194,0.8547332,0.2228386,2.432281,2.652337
18.80851,0.8547553,0.2227952,2.434314,2.651522
18.82508,0.854914,0.2224003,2.435982,2.649894
18.84165,0.8540766,0.222125,2.436999,2.649042
18.85821,0.8528563,0.2215045,2.43917,2.647823
18.87478,0.8518795,0.2215575,2.440435,2.646426
18.89186,0.8505169,0.2216611,2.440376,2.646237
18.90791,0.8490395,0.2217265,2.440862,2.645381
18.92449,0.8477116,0.2212631,2.44049,2.645355
18.94118,0.8466223,0.2219325,2.441011,2.644598
18.95762,0.8455889,0.2225756,2.440595,2.644353
18.97453,0.8436432,0.2230506,2.44022,2.644038
18.9908,0.8422728,0.223493,2.440189,2.642312
19.00735,0.8414476,0.2245216,2.439867,2.641764
19.02392,0.8401471,0.2250046,2.439586,2.640993
19.04045,0.8392565,0.2252953,2.439634,2.639732
19.05702,0.8385398,0.2256687,2.439403,2.638357
19.07358,0.8370514,0.2257157,2.439188,2.637468
