20.41916,2.068728,1.085134,2.444825,2.837018
0.01661536,1.747194,0.2984343,2.106163,3.035631
0.03335288,1.749577,0.2997681,2.106423,3.033432
0.04969932,1.750773,0.300668,2.106833,3.031617
0.06626616,1.752349,0.3008569,2.106733,3.030267
0.08283277,1.7541,0.3016058,2.106817,3.029072
0.09942668,1.755498,0.3030998,2.10671,3.02749
0.1159645,1.756306,0.3036175,2.106814,3.026058
0.1331506,1.756537,0.3033893,2.107264,3.025476
0.1494495,1.756452,0.3031848,2.106786,3.024711
0.1656658,1.756003,0.302819,2.107155,3.023889
0.1825367,1.755738,0.3027036,2.107265,3.021927
0.1987983,1.754806,0.3026934,2.10787,3.020841
0.2155923,1.754409,0.3023476,2.109293,3.019319
0.2322762,1.753778,0.3019905,2.109949,3.01855
0.2484995,1.753035,0.3023093,2.110802,3.018152
0.2653509,1.752263,0.303046,2.109812,3.017081
0.2816603,1.751483,0.30308,2.110419,3.017045
0.2981983,1.750705,0.3028402,2.111197,3.016142
0.3151077,1.750896,0.3033037,2.111028,3.015548
0.3313325,1.751649,0.3026687,2.11091,3.015212
0.3478993,1.751399,0.3026007,2.110798,3.014775
0.3644662,1.751238,0.3028934,2.110698,3.015939
0.3810328,1.75138,0.3030494,2.111155,3.016813
0.3976001,1.752333,0.3029104,2.111548,3.017563
0.414166,1.753803,0.3031155,2.111961,3.018972
0.4307331,1.7558,0.3032409,2.11224,3.020272
0.4472994,1.755973,0.3028691,2.11313,3.021671
0.4644275,1.753691,0.3021467,2.113818,3.023413
0.4804331,1.750648,0.3013444,2.114527,3.025316
0.4969995,1.743458,0.3005635,2.114744,3.026799
0.51375,1.73362,0.3004934,2.114922,3.028929
0.5305964,1.725722,0.2995548,2.114931,3.03049
0.5466988,1.715565,0.2992923,2.115074,3.031252
0.5632662,1.708018,0.2988002,2.115083,3.031391
0.580048,1.698383,0.2975216,2.114931,3.031468
0.5963974,1.691369,0.2972405,2.114922,3.031874
0.6130511,1.682948,0.2976126,2.114492,3.031318
0.6298429,1.673488,0.2974381,2.115147,3.030216
0.6460989,1.669682,0.2976618,2.11528,3.030215
0.6627657,1.66195,0.2977868,2.115786,3.029057
0.6792324,1.656572,0.2981172,2.115808,3.028043
0.6960691,1.653233,0.2983331,2.116007,3.027394
0.7123693,1.650542,0.3002813,2.116297,3.026941
0.7289324,1.649333,0.2999318,2.116721,3.026145
0.7454976,1.650856,0.3001898,2.116894,3.026681
0.7621863,1.651614,0.3004418,2.116959,3.027935
0.7786323,1.652217,0.3012183,2.116823,3.029639
0.7952862,1.656775,0.3021596,2.11615,3.031111
0.8118364,1.663506,0.302768,2.115444,3.032413
0.8283789,1.676632,0.3032158,2.115532,3.035206
0.8448994,1.690227,0.3036678,2.115171,3.037185
0.8618432,1.708585,0.3051025,2.114184,3.040725
0.8780375,1.725497,0.3060944,2.11444,3.044312
0.8946033,1.737167,0.3062601,2.114778,3.047259
0.9112911,1.750581,0.3070445,2.114659,3.050736
0.9277341,1.761429,0.3079568,2.11469,3.053519
0.9444852,1.774496,0.3093496,2.114028,3.057551
0.9612535,1.785151,0.3108446,2.113274,3.060691
0.9775414,1.796598,0.3118718,2.112238,3.06431
0.994295,1.807832,0.3121807,2.111074,3.067108
1.010566,1.817831,0.3124956,2.109504,3.069734
1.027132,1.834132,0.3128743,2.107077,3.073401
1.043699,1.846589,0.3144714,2.105229,3.075738
1.060766,1.858177,0.3156793,2.104074,3.077374
1.076833,1.876585,0.3168373,2.102351,3.079714
1.093509,1.893627,0.318321,2.10066,3.08205
1.109969,1.915144,0.3193713,2.098581,3.084303
1.127064,1.93176,0.3202905,2.097306,3.086678
1.143099,1.949062,0.3213876,2.094853,3.08885
1.159725,1.965008,0.3220386,2.092754,3.090425
1.176232,1.977342,0.3223785,2.091018,3.092088
1.193023,1.990765,0.3226073,2.088597,3.094601
1.209424,1.999246,0.3226167,2.087611,3.096377
1.22642,2.009823,0.3222298,2.085114,3.097736
1.242499,2.020619,0.3227709,2.083527,3.099743
1.259064,2.029477,0.322453,2.081675,3.10151
1.275631,2.041434,0.3218327,2.079726,3.103831
1.292521,2.051055,0.3210315,2.078028,3.105686
1.308931,2.061642,0.3208942,2.075164,3.107981
1.325334,2.069183,0.3199356,2.073425,3.10936
1.3419,2.076353,0.3188143,2.071528,3.111394
1.358467,2.081945,0.3181162,2.0696,3.113174
1.375033,2.084307,0.3168853,2.068207,3.113683
1.391862,2.083828,0.3160085,2.066297,3.114996
1.408166,2.080778,0.3150193,2.065575,3.115261
1.425096,2.075556,0.3140269,2.064787,3.114809
1.4413,2.069659,0.3131843,2.06382,3.11443
1.457906,2.063945,0.3130923,2.063973,3.114486
1.474588,2.056572,0.3126554,2.063377,3.114135
1.491263,2.050939,0.3117686,2.06299,3.114234
1.507566,2.045156,0.3106621,2.062559,3.114467
1.524133,2.039916,0.3099686,2.061915,3.114965
1.541176,2.035064,0.3093899,2.061422,3.115543
1.557388,2.029245,0.3088938,2.060374,3.116172
1.573836,2.02589,0.3087469,2.059467,3.116885
1.590397,2.022233,0.3080845,2.05926,3.117616
1.60711,2.019974,0.3071662,2.058489,3.118728
1.623579,2.017991,0.3064099,2.057555,3.119482
1.6401,2.01491,0.3055298,2.056197,3.120685
1.656698,2.012635,0.3043216,2.055212,3.120606
1.673342,2.010868,0.3028807,2.05309,3.121085
1.6898,2.011102,0.3019765,2.051588,3.12239
1.706512,2.014628,0.3008674,2.049951,3.124056
1.723706,2.02004,0.2988195,2.047998,3.125049
1.739634,2.022947,0.2983404,2.047,3.126064
1.756064,2.028199,0.2977444,2.046011,3.127776
1.772636,2.0324,0.2966676,2.044888,3.130076
1.789229,2.036068,0.2937133,2.045045,3.133164
1.805765,2.044381,0.2923581,2.045745,3.136416
1.822332,2.060325,0.2900757,2.048553,3.139421
1.8389,2.090904,0.283498,2.058271,3.14292
1.855467,2.1193,0.2768054,2.080112,3.146308
1.87257,2.172893,0.2803223,2.127306,3.147917
1.8886,2.238982,0.2988912,2.191267,3.144478
1.905793,2.287311,0.3322102,2.245607,3.138767
1.921733,2.330882,0.3896618,2.305337,3.131339
1.9383,2.33801,0.4272016,2.352098,3.128335
1.955337,2.327408,0.4548815,2.408678,3.127748
1.971432,2.306107,0.4689335,2.454182,3.129727
1.98844,2.270911,0.4771918,2.50818,3.132643
2.004566,2.229404,0.4763726,2.555295,3.139624
2.021131,2.194717,0.4736385,2.585059,3.146285
2.037697,2.149368,0.4665738,2.613103,3.153334
2.054264,2.117322,0.457508,2.629062,3.158687
2.070899,2.083849,0.4462505,2.640427,3.167657
2.087402,2.058159,0.4323274,2.644237,3.176789
2.103964,2.037106,0.4214457,2.641695,3.184913
2.120532,2.010091,0.4110791,2.631156,3.195794
2.137475,1.980396,0.4027335,2.612225,3.205155
2.153717,1.956103,0.3921333,2.585806,3.212603
2.170233,1.93804,0.378527,2.556381,3.216122
2.186803,1.932608,0.3669168,2.532691,3.215385
2.203367,1.928171,0.347532,2.505736,3.210917
2.220032,1.913938,0.3311651,2.484687,3.205949
2.236501,1.883253,0.3135179,2.453665,3.199159
2.253323,1.855033,0.3025347,2.425107,3.195584
2.270104,1.813271,0.2903193,2.391834,3.191344
2.286217,1.774632,0.2778171,2.361892,3.185187
2.302763,1.745741,0.2700552,2.340728,3.17913
2.31935,1.711515,0.2621796,2.316019,3.173629
2.335898,1.687252,0.2558942,2.297531,3.170945
2.352464,1.6605,0.2485376,2.277802,3.169715
2.369484,1.63555,0.2414071,2.261161,3.168617
2.385597,1.617998,0.2349458,2.248975,3.166772
2.40255,1.599625,0.2285965,2.235284,3.165233
2.418731,1.586194,0.2247253,2.226366,3.163203
2.435659,1.571449,0.2206425,2.215313,3.163315
2.451865,1.561541,0.2174186,2.208121,3.163765
2.468431,1.550596,0.2138453,2.201623,3.16325
2.485,1.542345,0.2104778,2.196891,3.160787
2.501679,1.537187,0.2092934,2.193806,3.159524
2.518967,1.527052,0.2071678,2.18983,3.157418
2.534699,1.517272,0.206164,2.187029,3.154984
2.551266,1.509529,0.2051837,2.185358,3.1524
2.567832,1.501712,0.2038691,2.184053,3.148628
2.584804,1.49608,0.2040168,2.184179,3.145053
2.600966,1.491326,0.2057186,2.184179,3.140367
2.617532,1.490027,0.2082306,2.183983,3.137748
2.634237,1.489492,0.2113403,2.184832,3.136123
2.650666,1.49042,0.213694,2.185562,3.135259
2.667278,1.492675,0.2158472,2.186071,3.135503
2.684052,1.496304,0.2184203,2.187208,3.134991
2.700366,1.499031,0.220348,2.188676,3.134428
2.716933,1.501728,0.2231427,2.189993,3.133803
2.733627,1.504309,0.2264151,2.191406,3.134396
2.750064,1.50527,0.2297204,2.192101,3.134783
2.766635,1.505614,0.2336987,2.192926,3.133807
2.783417,1.504952,0.2364071,2.194038,3.133944
2.800155,1.500545,0.239149,2.195462,3.132247
2.816427,1.497315,0.2406585,2.196582,3.131142
2.832898,1.494569,0.2427914,2.198195,3.1301
2.849465,1.490242,0.2443668,2.198989,3.128955
2.86603,1.486747,0.2447135,2.199978,3.127928
2.882598,1.482378,0.2457087,2.199981,3.126534
2.899163,1.476729,0.2469577,2.199693,3.125716
2.91573,1.472242,0.2473066,2.198281,3.125061
2.932298,1.467397,0.2477043,2.197112,3.124912
2.948863,1.46398,0.2476592,2.196022,3.123757
2.965513,1.462032,0.2482898,2.193724,3.122653
2.982513,1.460652,0.2476127,2.19215,3.121201
2.998565,1.458556,0.2482161,2.189312,3.11932
3.015239,1.457639,0.2479036,2.186858,3.117968
3.032583,1.45648,0.2484179,2.185198,3.115907
3.048703,1.454452,0.2492157,2.183051,3.11337
3.064831,1.453076,0.2504178,2.181854,3.110954
3.081397,1.452103,0.2517891,2.18018,3.106899
3.097974,1.450989,0.2532961,2.179012,3.104095
3.114624,1.449993,0.2567512,2.177739,3.101239
3.131097,1.448042,0.2594622,2.176646,3.09853
3.147664,1.447675,0.2606704,2.175883,3.095531
3.164231,1.446873,0.2617064,2.175052,3.091916
3.180946,1.446093,0.2629315,2.174763,3.089119
3.197368,1.446072,0.2659075,2.175221,3.08528
3.21393,1.445189,0.2678811,2.175896,3.080306
3.230498,1.444594,0.2698273,2.176076,3.077111
3.24722,1.443389,0.2721122,2.177178,3.072169
3.26363,1.443273,0.2735908,2.178367,3.06704
3.280199,1.443292,0.2768972,2.17923,3.059963
3.296764,1.442827,0.2801523,2.18017,3.052888
3.313345,1.443094,0.2821465,2.181015,3.047695
3.33006,1.443496,0.2855169,2.18201,3.040958
3.346602,1.442503,0.2877255,2.182627,3.035395
3.363748,1.443571,0.2891947,2.184815,3.029008
3.379598,1.44328,0.2912952,2.186687,3.022624
3.396318,1.442604,0.2925675,2.187914,3.017426
3.412731,1.439685,0.2941481,2.189021,3.01017
3.429353,1.436827,0.2948281,2.18999,3.004415
3.445864,1.432181,0.2963714,2.189991,2.998116
3.462431,1.428498,0.2979085,2.189718,2.993187
3.478998,1.42389,0.2993343,2.189219,2.98766
3.495564,1.419076,0.3002762,2.189329,2.98288
3.512131,1.414868,0.3016739,2.189406,2.979117
3.528698,1.409343,0.3039887,2.18949,2.975021
3.545264,1.405977,0.3049521,2.189274,2.972424
3.562084,1.400903,0.3074032,2.189086,2.96983
3.578396,1.396238,0.3091917,2.188941,2.966747
3.594964,1.392064,0.3107053,2.189089,2.964826
3.612446,1.388147,0.3119668,2.190371,2.962615
3.628098,1.388018,0.3132328,2.191512,2.962105
3.644665,1.388331,0.3132402,2.196313,2.961479
3.661229,1.387411,0.3133303,2.200524,2.960406
3.67851,1.386835,0.3123488,2.204205,2.95893
3.69445,1.385287,0.3108605,2.208697,2.957942
3.710929,1.384099,0.310462,2.211432,2.957904
3.727497,1.381824,0.3112184,2.213481,2.957617
3.744064,1.378715,0.3107807,2.215815,2.956832
3.761521,1.377125,0.3106821,2.216868,2.956048
3.777197,1.375245,0.3100202,2.217576,2.955186
3.793922,1.373196,0.3105826,2.217554,2.954882
3.810331,1.371015,0.3102432,2.217874,2.954757
3.826896,1.370025,0.3104976,2.217827,2.954212
3.843464,1.368309,0.3101363,2.218117,2.953299
3.860456,1.366596,0.3095515,2.219522,2.953433
3.876597,1.365248,0.3098939,2.220441,2.95333
3.893847,1.363916,0.3104393,2.221792,2.954555
3.909729,1.363184,0.3106884,2.222733,2.955753
3.926337,1.363591,0.3111821,2.22263,2.957492
3.942864,1.364796,0.3118278,2.222532,2.960381
3.959739,1.364537,0.3133385,2.222798,2.962622
3.975998,1.364204,0.3145705,2.222403,2.965368
3.992565,1.365769,0.3160666,2.221536,2.967594
4.009312,1.371082,0.3172363,2.218471,2.971686
4.025697,1.379448,0.3179005,2.214414,2.974573
4.042264,1.387232,0.3178329,2.210467,2.976043
4.059036,1.39496,0.317548,2.205615,2.978288
4.075477,1.397824,0.3175206,2.20153,2.979922
4.092361,1.398919,0.3181795,2.197076,2.981611
4.108529,1.397896,0.3181146,2.19397,2.981974
4.125237,1.392534,0.3186719,2.190584,2.981687
4.141664,1.385935,0.3196979,2.187676,2.979179
4.15823,1.381239,0.3211619,2.185648,2.977526
4.174798,1.375148,0.3221533,2.183438,2.975068
4.191369,1.37169,0.3247996,2.182452,2.973639
4.207951,1.369764,0.3258414,2.181832,2.9703
4.224929,1.369824,0.3289886,2.181282,2.96715
4.241063,1.370717,0.3302689,2.181135,2.964927
4.25779,1.37119,0.3324991,2.180119,2.962818
4.27433,1.371909,0.3336244,2.178958,2.96163
4.290908,1.373086,0.3350811,2.177427,2.959696
4.307373,1.373853,0.3367839,2.176575,2.959457
4.323898,1.375577,0.3372637,2.175647,2.959526
4.340645,1.376494,0.3387629,2.174849,2.959901
4.357338,1.379208,0.339222,2.173993,2.959912
4.373597,1.385236,0.3401797,2.173429,2.961603
4.390164,1.392686,0.3400986,2.172856,2.963279
4.406732,1.396701,0.3397873,2.172529,2.964942
4.423296,1.400258,0.3398341,2.171589,2.967069
4.439863,1.402222,0.3389793,2.170851,2.968552
4.45643,1.402764,0.3394058,2.17073,2.971299
4.473161,1.403321,0.3400821,2.170647,2.974591
4.490027,1.403964,0.3403274,2.170555,2.979585
4.506474,1.404834,0.3400322,2.170485,2.983598
4.523099,1.405127,0.3397638,2.170994,2.9869
4.539535,1.406081,0.3401143,2.172001,2.990994
4.555913,1.40683,0.3404184,2.172627,2.993456
4.572397,1.407561,0.3395543,2.173103,2.996931
4.589211,1.414242,0.339335,2.172665,2.999651
4.605681,1.42639,0.3394375,2.171477,3.002259
4.622097,1.440204,0.3389776,2.169856,3.005347
4.638663,1.449631,0.3373917,2.167578,3.007028
4.655231,1.460719,0.3360227,2.165925,3.009134
4.672405,1.467228,0.3344763,2.164672,3.010663
4.688479,1.471806,0.3332614,2.162299,3.012282
4.70493,1.473469,0.330815,2.160288,3.013663
4.721497,1.472771,0.3287189,2.158808,3.013799
4.738338,1.469802,0.3261008,2.157273,3.013862
4.754632,1.464601,0.3239632,2.155856,3.012846
4.771198,1.452887,0.3216222,2.154313,3.013483
4.787765,1.4417,0.3202542,2.154012,3.013282
4.804661,1.430308,0.3188041,2.154699,3.01378
4.820898,1.417781,0.3175866,2.155448,3.013554
4.837698,1.408012,0.3170073,2.156526,3.014002
4.854957,1.396709,0.3157519,2.15843,3.014037
4.870703,1.386995,0.3155306,2.159764,3.014031
4.887493,1.379884,0.3149134,2.161229,3.014407
4.90373,1.371724,0.3145102,2.163008,3.014085
4.92034,1.364908,0.3146016,2.164083,3.013325
4.936865,1.358008,0.3148082,2.164628,3.013121
4.954429,1.352219,0.315395,2.165244,3.013046
4.969998,1.346263,0.3148984,2.166198,3.012042
4.986565,1.341397,0.3141974,2.167326,3.010306
5.003131,1.337222,0.3142898,2.16878,3.009415
5.020122,1.333385,0.3140002,2.170365,3.007785
5.036659,1.330694,0.3146974,2.170597,3.007149
5.052831,1.326632,0.3159682,2.171651,3.005
5.069397,1.322861,0.3165809,2.173704,3.004319
5.086509,1.319897,0.3176464,2.176006,3.003443
5.10253,1.318206,0.3187897,2.177611,3.002466
5.119098,1.3167,0.3192285,2.178476,3.002201
5.13586,1.31535,0.320762,2.180401,3.002133
5.152231,1.317993,0.3217935,2.181191,3.003527
5.168798,1.321082,0.3227348,2.180764,3.005417
5.185365,1.323747,0.3226395,2.179791,3.007785
5.20193,1.325046,0.321772,2.178668,3.009468
5.218599,1.328058,0.3226783,2.177991,3.01153
5.235066,1.334891,0.3231819,2.176572,3.014439
5.251632,1.340066,0.3231347,2.174671,3.015941
5.268387,1.346572,0.3218448,2.171451,3.019074
5.284766,1.351262,0.321316,2.168708,3.020901
5.301331,1.352189,0.3185442,2.166101,3.019857
5.318109,1.351347,0.3146789,2.165701,3.015815
5.334465,1.351234,0.3097292,2.166008,3.013058
5.351439,1.357018,0.3052906,2.167197,3.010641
5.367598,1.360211,0.3041276,2.17538,3.006244
5.384165,1.367091,0.303297,2.207155,2.997143
5.40073,1.383315,0.3110795,2.250671,2.988568
5.417871,1.420339,0.3354058,2.320336,2.977683
5.433865,1.47124,0.3647628,2.390425,2.968739
5.450432,1.506075,0.3958308,2.443168,2.96576
5.466998,1.540147,0.4314109,2.503199,2.968157
5.483566,1.558704,0.4532995,2.546721,2.977015
5.500131,1.571242,0.4693392,2.597826,2.993353
5.5167,1.581939,0.4768175,2.652485,3.014549
5.533266,1.587443,0.475445,2.684318,3.027792
5.549833,1.590851,0.4706519,2.71935,3.041905
5.5664,1.589307,0.4656978,2.744951,3.051154
5.582966,1.582529,0.4581039,2.771632,3.060614
5.599533,1.575092,0.450848,2.78776,3.069438
5.616097,1.57803,0.4428432,2.800704,3.081717
5.63268,1.601726,0.436243,2.804491,3.095636
5.649232,1.636106,0.4323857,2.801938,3.106743
5.665799,1.696553,0.4317664,2.791399,3.12026
5.682365,1.748328,0.430699,2.778003,3.133447
5.698931,1.80727,0.4297527,2.757275,3.150238
5.715557,1.85227,0.4294876,2.730443,3.167481
5.732066,1.878348,0.425488,2.706277,3.181861
5.7488,1.897056,0.4172986,2.675108,3.197111
5.765199,1.901065,0.4089789,2.649834,3.205755
5.781765,1.896599,0.397487,2.61698,3.213418
5.798331,1.888025,0.3868521,2.588607,3.217914
5.814898,1.869767,0.375387,2.551424,3.22356
5.831466,1.839415,0.3632644,2.513868,3.225804
5.848032,1.808415,0.3534224,2.484721,3.224839
5.864597,1.76672,0.3424929,2.449543,3.221835
5.881186,1.733205,0.3349983,2.423186,3.217292
5.897731,1.688445,0.3247408,2.386671,3.209726
5.914313,1.656464,0.3187376,2.360009,3.204132
5.931425,1.634185,0.3151497,2.340508,3.200499
5.94743,1.607592,0.3124617,2.318947,3.195599
5.964131,1.588068,0.3101677,2.303299,3.190925
5.980565,1.563974,0.3072494,2.285881,3.184262
5.99777,1.543644,0.3050864,2.270624,3.177701
6.013698,1.530917,0.304503,2.259929,3.171956
6.030263,1.515188,0.3030113,2.248072,3.165721
6.047665,1.503413,0.3023743,2.239698,3.161323
6.063401,1.488214,0.3017818,2.230708,3.156316
6.079968,1.475744,0.3003746,2.222424,3.151726
6.096534,1.468194,0.2997406,2.21671,3.148642
6.113099,1.458834,0.2983646,2.211251,3.144587
6.130042,1.452641,0.2979612,2.207392,3.14032
6.146411,1.445804,0.2971103,2.204096,3.135445
6.162798,1.442871,0.2986061,2.201614,3.131397
6.179365,1.441352,0.3008066,2.199973,3.126415
6.196232,1.443721,0.3049135,2.198864,3.12127
6.212514,1.447909,0.3086644,2.198994,3.116236
6.229446,1.454982,0.3133486,2.198289,3.10991
6.245636,1.457749,0.315385,2.197265,3.106707
6.265657,1.464831,0.3194533,2.196908,3.100849
6.282573,1.469816,0.3220648,2.196198,3.096217
6.298791,1.472961,0.3241483,2.194922,3.09351
6.315524,1.477238,0.3262315,2.193561,3.089849
6.331925,1.481583,0.3261816,2.192776,3.08731
6.348886,1.484244,0.3260463,2.191884,3.085889
6.365059,1.486478,0.3266059,2.190531,3.083645
6.381626,1.489476,0.3258571,2.189905,3.082627
6.398192,1.495236,0.327308,2.189362,3.081434
6.414758,1.499206,0.326743,2.188862,3.080996
6.431375,1.505235,0.326056,2.188484,3.08059
6.447896,1.511593,0.3260399,2.188972,3.079641
6.466529,1.515108,0.3259204,2.18909,3.079135
6.483525,1.519831,0.3263372,2.188977,3.07815
6.499664,1.522183,0.3263571,2.188475,3.078593
6.51623,1.526864,0.3272651,2.18873,3.079403
6.532797,1.529559,0.3282337,2.188909,3.079205
6.549472,1.531313,0.3284366,2.189034,3.079279
6.56599,1.531692,0.329223,2.18888,3.078799
6.582543,1.532054,0.3299032,2.188717,3.078663
6.5992,1.532295,0.3304565,2.188898,3.077705
6.61563,1.53251,0.331274,2.188472,3.076051
6.632636,1.530801,0.3319927,2.188356,3.07421
6.648764,1.528711,0.33315,2.188314,3.07163
6.665329,1.526556,0.3333448,2.188225,3.069405
6.681898,1.522239,0.3345936,2.187885,3.066381
6.698509,1.518507,0.334801,2.187918,3.063476
6.715077,1.516101,0.3353712,2.187875,3.061057
6.731779,1.513262,0.3368467,2.187335,3.058365
6.748162,1.510611,0.3377823,2.187367,3.056258
6.764953,1.507939,0.3374961,2.187175,3.054801
6.781297,1.506446,0.3380833,2.187773,3.05425
6.798442,1.504114,0.3375319,2.189226,3.053632
6.814624,1.50182,0.3372983,2.191048,3.052845
6.831221,1.499591,0.3375905,2.192375,3.051919
6.847567,1.495967,0.3373912,2.194,3.0511
6.86413,1.492715,0.3373995,2.194414,3.049826
6.880696,1.489241,0.3374758,2.194613,3.048147
6.897263,1.486061,0.3370504,2.194973,3.04593
6.913887,1.482763,0.3379448,2.194685,3.044103
6.930397,1.479239,0.3379619,2.19434,3.04182
6.947027,1.47675,0.3376218,2.194124,3.040147
6.963531,1.473793,0.3379318,2.193816,3.037592
6.980639,1.471553,0.3382163,2.193277,3.035107
6.996663,1.469646,0.3378389,2.192901,3.03393
7.01323,1.467966,0.3387352,2.192756,3.032544
7.029796,1.466761,0.3385978,2.193587,3.031388
7.046364,1.465489,0.3399257,2.193346,3.030318
7.06293,1.464286,0.3407903,2.192662,3.029417
7.079918,1.463089,0.3418175,2.192004,3.028387
7.096678,1.462371,0.3426824,2.191721,3.027493
7.112632,1.462381,0.3432218,2.190924,3.027198
7.129199,1.461463,0.3444703,2.190793,3.026747
7.145768,1.460713,0.3451046,2.190702,3.02682
7.162333,1.460612,0.3446573,2.190603,3.027551
7.178899,1.461399,0.345403,2.190218,3.027897
7.195466,1.46295,0.345648,2.189902,3.028412
7.212032,1.464511,0.3459713,2.188777,3.028902
7.228597,1.466288,0.3467066,2.188643,3.029319
7.245166,1.467668,0.3471719,2.188569,3.029706
7.26173,1.468863,0.3476352,2.187678,3.030012
7.278297,1.471562,0.3476059,2.187071,3.030567
7.294996,1.475931,0.3479264,2.18608,3.031043
7.311769,1.48245,0.347882,2.185101,3.03207
7.327999,1.495126,0.3464336,2.183233,3.033191
7.344563,1.506208,0.3446515,2.18192,3.034169
7.361133,1.51207,0.3423975,2.181408,3.034838
7.378238,1.516563,0.3403552,2.180097,3.035833
7.394266,1.51866,0.3385764,2.178939,3.036893
7.410832,1.519389,0.3365337,2.177967,3.037923
7.427405,1.519185,0.3360932,2.177053,3.039026
7.443965,1.517922,0.3349414,2.176331,3.04115
7.460531,1.51652,0.33426,2.175436,3.042392
7.477099,1.515181,0.3337714,2.175095,3.042964
7.493665,1.513037,0.3335209,2.174641,3.044224
7.510232,1.511841,0.3336903,2.174109,3.045186
7.526858,1.509286,0.3334861,2.174067,3.045584
7.543694,1.506835,0.3324193,2.173493,3.046482
7.55993,1.504631,0.3330151,2.173092,3.047468
7.576954,1.501708,0.3331969,2.172656,3.048126
7.593065,1.498644,0.3331212,2.172351,3.048041
7.609632,1.494024,0.333845,2.171719,3.048326
7.626435,1.488897,0.3342983,2.171432,3.048357
7.64308,1.485574,0.3340875,2.171268,3.048546
7.65933,1.481952,0.3332101,2.171088,3.049325
7.675898,1.478595,0.3342627,2.17069,3.049685
7.692599,1.474839,0.334551,2.170593,3.049755
7.709032,1.471886,0.3347298,2.170791,3.050056
7.725598,1.469384,0.3356253,2.170974,3.050896
7.742166,1.466645,0.3362518,2.17171,3.051643
7.75873,1.464718,0.3358167,2.171805,3.052301
7.775298,1.462348,0.3352859,2.172671,3.053962
7.79189,1.460076,0.3352706,2.173512,3.054929
7.808655,1.458926,0.3356649,2.174163,3.055911
7.824996,1.458212,0.335694,2.174166,3.05702
7.841565,1.457561,0.3353496,2.174835,3.057935
7.85813,1.45818,0.3357505,2.1753,3.0588
7.87492,1.457832,0.3356469,2.175548,3.060641
7.891497,1.456187,0.3365703,2.175603,3.061954
7.90783,1.455477,0.3366809,2.175817,3.062877
7.924592,1.453556,0.3368588,2.175852,3.064157
7.941725,1.451625,0.3362274,2.175988,3.065133
7.95753,1.450901,0.3357013,2.176048,3.065858
7.974098,1.449036,0.3343565,2.175741,3.066725
7.990978,1.447784,0.3333797,2.175613,3.067804
8.007237,1.447473,0.3327098,2.175826,3.068347
8.023797,1.447257,0.3320781,2.176133,3.068006
8.040475,1.446707,0.3318572,2.176303,3.0688
8.057597,1.445203,0.3309948,2.176269,3.068687
8.073497,1.444033,0.3309069,2.175849,3.069438
8.090161,1.444029,0.330214,2.175023,3.069517
8.10663,1.443169,0.3304748,2.174613,3.069859
8.123199,1.441958,0.3301288,2.174658,3.070184
8.13982,1.441981,0.3303928,2.174873,3.070449
8.156332,1.442618,0.3303478,2.17487,3.071254
8.172938,1.442805,0.3308637,2.17503,3.071633
8.189517,1.443556,0.3310412,2.175732,3.073115
8.206727,1.445169,0.3317688,2.176221,3.073904
8.222597,1.447281,0.3323755,2.177577,3.074757
8.239617,1.448158,0.3329588,2.17842,3.076223
8.255732,1.449522,0.3328496,2.17836,3.077604
8.272297,1.450998,0.3333788,2.179122,3.079343
8.288865,1.452286,0.3337663,2.179819,3.080849
8.30543,1.453385,0.3346646,2.180135,3.082141
8.321998,1.454726,0.3355766,2.179846,3.083317
8.338564,1.454341,0.3356621,2.179876,3.084552
8.355517,1.45499,0.3355864,2.179891,3.085468
8.371696,1.455989,0.3365099,2.179906,3.086955
8.388348,1.456726,0.3359866,2.179922,3.088302
8.404832,1.456537,0.3358735,2.179931,3.089644
8.421523,1.456152,0.3364741,2.178819,3.091372
8.437963,1.456885,0.3371786,2.178954,3.092354
8.45454,1.457343,0.3375939,2.17882,3.093133
8.471099,1.458557,0.3376777,2.178987,3.092417
8.487787,1.459587,0.3376618,2.178812,3.092705
8.504232,1.46051,0.3382408,2.179827,3.092896
8.520897,1.460752,0.3381688,2.180411,3.092564
8.537415,1.46181,0.3381542,2.181192,3.093332
8.554015,1.462967,0.3381493,2.181024,3.094274
8.570499,1.46463,0.3383616,2.180906,3.096104
8.587064,1.467093,0.3380198,2.180496,3.098076
8.603633,1.468282,0.3365178,2.180139,3.099726
8.62024,1.470238,0.3359233,2.179281,3.102042
8.636766,1.473378,0.3355438,2.178781,3.104102
8.653336,1.479698,0.334418,2.17808,3.106913
8.669903,1.491728,0.3354888,2.176938,3.1099
8.686466,1.506767,0.3351592,2.176998,3.112206
8.703303,1.528757,0.3355259,2.176575,3.114685
8.719599,1.549291,0.3357653,2.177268,3.117023
8.736262,1.576532,0.3375117,2.179101,3.120004
8.752731,1.602484,0.3389941,2.181506,3.123924
8.769318,1.62727,0.3408399,2.183819,3.126477
8.786534,1.64888,0.342981,2.185557,3.129253
8.802859,1.664195,0.3443776,2.187214,3.13106
8.819128,1.68112,0.3460112,2.188464,3.132623
8.835565,1.693984,0.3480051,2.188663,3.134213
8.852132,1.702421,0.3488083,2.189107,3.135177
8.869104,1.709673,0.3523842,2.188678,3.13668
8.885264,1.714307,0.3550049,2.187956,3.138225
8.902428,1.717081,0.361121,2.186832,3.140762
8.918404,1.719137,0.3664368,2.185493,3.143533
8.934964,1.721254,0.3734384,2.183869,3.146425
8.95153,1.721916,0.3797419,2.182176,3.148377
8.968099,1.723126,0.3840688,2.181079,3.149419
8.984664,1.72551,0.389984,2.180353,3.151188
9.001229,1.729491,0.3931361,2.180031,3.152208
9.018275,1.736644,0.3966318,2.179487,3.151896
9.034362,1.745329,0.3990509,2.180133,3.151046
9.051198,1.752482,0.4011717,2.179827,3.150635
9.067593,1.761164,0.4021458,2.180707,3.149141
9.084064,1.767648,0.4021467,2.1809,3.147801
9.100694,1.775,0.4032045,2.181037,3.146699
9.117194,1.779571,0.4031195,2.181201,3.145657
9.133766,1.783516,0.4036777,2.181,3.14497
9.150333,1.785271,0.4039713,2.180285,3.144542
9.166965,1.785813,0.4032158,2.179952,3.144021
9.183532,1.78584,0.4019144,2.179959,3.144044
9.200029,1.787267,0.4008142,2.178818,3.14432
9.216622,1.788154,0.4001213,2.178088,3.144954
9.233984,1.788706,0.3992394,2.176946,3.145111
9.250292,1.788555,0.3976148,2.176149,3.145098
9.266299,1.789016,0.395092,2.17528,3.145216
9.283273,1.788564,0.3933609,2.174675,3.146065
9.299433,1.786711,0.3906002,2.173741,3.146911
9.315999,1.785224,0.3885379,2.172639,3.148204
9.332564,1.786637,0.386103,2.171472,3.149292
9.34913,1.789937,0.3838115,2.169569,3.150539
9.365698,1.791365,0.3825095,2.168181,3.15218
9.382958,1.791463,0.3798691,2.165621,3.154432
9.399276,1.791222,0.3773445,2.163723,3.155801
9.415424,1.792211,0.3753378,2.162148,3.15743
9.431993,1.79278,0.3731534,2.159876,3.160062
9.44856,1.794182,0.3710885,2.157596,3.16294
9.465126,1.794448,0.3672528,2.154545,3.16565
9.481692,1.79452,0.3641267,2.152577,3.168452
9.498497,1.793696,0.3595146,2.147385,3.173489
9.514825,1.789475,0.3559103,2.143542,3.17696
9.531757,1.785221,0.3517649,2.140841,3.179859
9.548007,1.777686,0.3469866,2.137341,3.181292
9.564781,1.771942,0.3418792,2.135061,3.182591
9.581093,1.76707,0.3370585,2.134072,3.182525
9.59766,1.753211,0.3326538,2.137821,3.181551
9.614459,1.737596,0.3315108,2.149373,3.174738
9.630791,1.713561,0.3310235,2.183102,3.157296
9.647491,1.697085,0.3338175,2.227374,3.139792
9.664365,1.682291,0.3504022,2.294047,3.115524
9.680491,1.668928,0.377229,2.363543,3.093281
9.697058,1.653134,0.4010703,2.413943,3.080348
9.713703,1.619438,0.4297199,2.475329,3.073303
9.730191,1.583256,0.4492348,2.517425,3.072695
9.747139,1.533576,0.4635713,2.563585,3.078316
9.763325,1.494678,0.4659856,2.595565,3.084827
9.77989,1.449283,0.4645406,2.630087,3.091182
9.796968,1.399203,0.458531,2.661187,3.094054
9.813025,1.36002,0.4540763,2.68604,3.094736
9.829591,1.317304,0.4475842,2.71683,3.096361
9.846157,1.287242,0.4406791,2.737258,3.099964
9.863149,1.257909,0.4311001,2.760424,3.111788
9.879292,1.256766,0.4252419,2.767341,3.12657
9.896403,1.267257,0.4220727,2.765565,3.139898
9.912425,1.286933,0.4183813,2.754812,3.157438
9.929478,1.307112,0.4194402,2.741299,3.17035
9.945558,1.329248,0.4211881,2.71984,3.184735
9.962376,1.342256,0.4198303,2.693492,3.197354
9.978691,1.350027,0.4169908,2.668941,3.206551
9.995872,1.353626,0.4134772,2.634819,3.220095
10.01182,1.348526,0.4084551,2.60671,3.229235
10.02839,1.333948,0.3953168,2.57036,3.236946
10.04506,1.313209,0.3789833,2.532381,3.238704
10.06152,1.291568,0.3664822,2.502258,3.237414
10.07809,1.261577,0.3539909,2.463737,3.23325
10.09521,1.235296,0.3460597,2.435188,3.229992
10.11123,1.201688,0.3350235,2.403924,3.2243
10.12801,1.173065,0.3287119,2.379959,3.216307
10.14436,1.135543,0.320674,2.351977,3.200964
10.16096,1.097979,0.3146625,2.325679,3.186701
10.17756,1.069517,0.3095394,2.305801,3.174436
10.19406,1.036512,0.3048525,2.2832,3.158236
10.21062,1.01398,0.3017279,2.267921,3.144373
10.22766,0.9871297,0.298108,2.249638,3.119875
10.24376,0.9716561,0.2966042,2.238209,3.102683
10.26092,0.9564734,0.2959789,2.225448,3.083349
10.27689,0.9445486,0.2979596,2.215098,3.067671
10.29363,0.938891,0.2990584,2.208778,3.056749
10.31021,0.9362822,0.3011597,2.201314,3.043878
10.32745,0.9402747,0.3038299,2.195187,3.028861
10.34319,0.946578,0.3056847,2.19085,3.017521
10.35994,0.9561107,0.3085712,2.18591,3.005449
10.37629,0.9643303,0.3118848,2.181509,2.999114
10.39293,0.9744982,0.3144597,2.176792,2.99191
10.40943,0.9848968,0.3170978,2.17371,2.988233
10.42599,0.9989393,0.3200416,2.171482,2.983388
10.44256,1.014672,0.3223553,2.169586,2.979553
10.45913,1.027327,0.3241054,2.169078,2.97731
10.47569,1.041548,0.3269156,2.168643,2.975139
10.49226,1.05142,0.3275866,2.168525,2.97372
10.50883,1.060518,0.3290664,2.168177,2.971516
10.52539,1.068381,0.330911,2.168161,2.969315
10.54196,1.074919,0.3331184,2.168072,2.967399
10.55853,1.082717,0.3352556,2.168062,2.965241
10.57509,1.088715,0.3366559,2.166546,2.963784
10.59166,1.093974,0.338541,2.164765,2.96295
10.60852,1.105302,0.3393161,2.162299,2.962816
10.62479,1.110652,0.3396668,2.160943,2.963152
10.64136,1.119973,0.3402793,2.159115,2.96349
10.65824,1.121697,0.3408383,2.157495,2.964281
10.6745,1.122579,0.3412764,2.156154,2.964807
10.69146,1.122788,0.3411045,2.154711,2.964949
10.70763,1.120773,0.3409956,2.153871,2.965528
10.72434,1.117565,0.3408718,2.153033,2.96646
10.74076,1.114394,0.340789,2.152403,2.966575
10.75733,1.111787,0.340095,2.151764,2.967932
10.77415,1.110153,0.340358,2.149832,2.968469
10.79046,1.107862,0.3397768,2.149051,2.97009
10.80703,1.107043,0.3389689,2.14892,2.970343
10.82422,1.1068,0.3391136,2.149044,2.971168
10.84016,1.10613,0.3383918,2.149179,2.972425
10.85673,1.107165,0.3380029,2.149273,2.973567
10.87329,1.108738,0.3383195,2.149093,2.975358
10.89023,1.11003,0.3377003,2.148956,2.976587
10.90643,1.111183,0.336826,2.149076,2.978699
10.92327,1.113327,0.3370088,2.148915,2.981443
10.93956,1.114649,0.3373866,2.148466,2.983871
10.95679,1.116656,0.3378318,2.148456,2.986874
10.97279,1.118403,0.3380299,2.1483,2.988302
10.98926,1.12118,0.3380267,2.14854,2.990846
11.00586,1.124341,0.3388882,2.148784,2.993479
11.02284,1.126411,0.3384425,2.149206,2.995648
11.03929,1.127218,0.3381318,2.149318,2.998258
11.05565,1.127611,0.3373085,2.14968,2.999925
11.0721,1.128159,0.3378995,2.149161,3.001081
11.08867,1.127288,0.3373314,2.148706,3.002615
11.10523,1.12617,0.3362254,2.148581,3.003488
11.1218,1.125333,0.3359192,2.148225,3.003569
11.13846,1.125868,0.335814,2.147555,3.004589
11.15493,1.124183,0.3352583,2.147318,3.005379
11.1715,1.123036,0.3348319,2.147697,3.006323
11.18806,1.121249,0.3345425,2.147679,3.007045
11.20474,1.117691,0.3347574,2.147707,3.008027
11.22197,1.115962,0.3339556,2.14797,3.007679
11.2382,1.11482,0.3339362,2.148257,3.008273
11.25463,1.113309,0.3339113,2.148203,3.008508
11.2709,1.112647,0.3340275,2.148109,3.008679
11.28747,1.112273,0.3348889,2.147811,3.009131
11.30403,1.112594,0.3354929,2.148062,3.009779
11.32094,1.113068,0.3355641,2.148327,3.010118
11.33743,1.114163,0.3349176,2.148519,3.010105
11.35373,1.115535,0.3353361,2.148437,3.010638
11.3703,1.116183,0.3354471,2.148084,3.010548
11.38687,1.11674,0.3352604,2.148089,3.009358
11.4035,1.117473,0.335631,2.148093,3.008575
11.42,1.118346,0.3358321,2.148021,3.008183
11.43657,1.11971,0.3358641,2.148301,3.007052
11.45313,1.122311,0.3353015,2.147462,3.006056
11.4697,1.12434,0.3358489,2.146589,3.005635
11.48627,1.126552,0.3353136,2.145376,3.00513
11.50302,1.128077,0.3344303,2.144477,3.004541
11.5195,1.12947,0.3338307,2.143845,3.004756
11.53597,1.128997,0.3330073,2.143301,3.004375
11.55283,1.127966,0.3326623,2.142641,3.004173
11.56923,1.128253,0.3325518,2.142268,3.004423
11.58606,1.12818,0.3322591,2.142008,3.005063
11.60273,1.128445,0.3321973,2.141724,3.005778
11.6188,1.129171,0.3325014,2.141526,3.005689
11.63537,1.130966,0.3329696,2.141311,3.006032
11.65225,1.13226,0.3330895,2.141399,3.006619
11.66855,1.132548,0.3330089,2.141795,3.006716
11.68523,1.132154,0.3325486,2.141815,3.007736
11.70213,1.129598,0.3330198,2.141559,3.009486
11.7182,1.12705,0.3332382,2.14108,3.009845
11.73477,1.123468,0.3333201,2.140645,3.010423
11.75146,1.120136,0.3325344,2.139424,3.011485
11.7679,1.117052,0.332698,2.138949,3.012988
11.78447,1.115643,0.3329624,2.138769,3.013501
11.80103,1.115411,0.3325438,2.138643,3.014419
11.8176,1.114099,0.3336149,2.138835,3.015772
11.83417,1.113038,0.3346296,2.138095,3.016839
11.85073,1.112609,0.334815,2.138638,3.017551
11.8673,1.112592,0.3351187,2.138794,3.018123
11.88387,1.113904,0.3355432,2.139538,3.018654
11.90044,1.113874,0.3356517,2.139859,3.019383
11.91704,1.113986,0.3367243,2.139876,3.019745
11.93357,1.113971,0.3369215,2.141306,3.020636
11.95013,1.112933,0.3364103,2.143177,3.021146
11.9667,1.110515,0.3366002,2.145553,3.022114
11.98422,1.109309,0.3369987,2.148357,3.023319
12.0001,1.107421,0.3368579,2.151133,3.024262
12.0164,1.106055,0.3370107,2.154098,3.025363
12.03297,1.105069,0.3373274,2.156769,3.02563
12.04953,1.104362,0.3382877,2.160051,3.025426
12.0661,1.104136,0.3384664,2.162057,3.025676
12.08267,1.103843,0.3395646,2.163461,3.026278
12.0995,1.104863,0.3424292,2.164811,3.026343
12.11683,1.104871,0.3444447,2.165406,3.025907
12.13237,1.107008,0.3454956,2.165764,3.02592
12.14922,1.107077,0.3471421,2.165677,3.026105
12.16568,1.106899,0.348077,2.165131,3.026099
12.18207,1.106481,0.3477667,2.164398,3.025529
12.19864,1.105164,0.3483051,2.163893,3.025177
12.21549,1.104143,0.3485792,2.163043,3.025336
12.23177,1.103068,0.3481422,2.162412,3.025306
12.24844,1.101787,0.3481047,2.161206,3.025961
12.26518,1.100708,0.3480221,2.159611,3.025851
12.28147,1.099752,0.3477452,2.159401,3.026137
12.29857,1.099222,0.3480542,2.158612,3.025261
12.3146,1.099029,0.3491245,2.158471,3.025531
12.33137,1.098592,0.3495135,2.157839,3.025323
12.34773,1.098463,0.3498431,2.15694,3.025851
12.36441,1.098688,0.3495817,2.156225,3.026728
12.38101,1.098591,0.3496408,2.155927,3.02719
12.39743,1.099335,0.349391,2.155539,3.027786
12.41409,1.099437,0.3500503,2.154721,3.02839
12.43063,1.099793,0.350344,2.15418,3.029166
12.44718,1.100969,0.3502782,2.153881,3.02901
12.46418,1.101662,0.3504878,2.153498,3.029108
12.48058,1.101172,0.3512874,2.153944,3.028628
12.49683,1.10015,0.353092,2.154534,3.02853
12.51386,1.100424,0.3541582,2.156034,3.028682
12.52997,1.100689,0.3566961,2.158007,3.028894
12.54701,1.100866,0.3580273,2.16114,3.028485
12.5631,1.101332,0.3594007,2.164477,3.028094
12.57967,1.101452,0.3611803,2.169795,3.027198
12.59623,1.101568,0.3619182,2.174133,3.026663
12.6129,1.101364,0.3636159,2.179491,3.024866
12.62954,1.101525,0.3666419,2.183282,3.023443
12.64593,1.101883,0.368794,2.187604,3.021844
12.6625,1.102456,0.3706249,2.190185,3.020761
12.67907,1.10303,0.3719825,2.191585,3.020391
12.69572,1.102602,0.3725069,2.192191,3.020353
12.71265,1.102004,0.3722366,2.192214,3.020904
12.72885,1.100864,0.3727929,2.191619,3.022454
12.74533,1.099329,0.3720978,2.190517,3.024102
12.7619,1.097695,0.3718572,2.189011,3.024779
12.77847,1.094895,0.3713292,2.186599,3.025782
12.79534,1.09376,0.3709117,2.184113,3.026266
12.8116,1.09126,0.3704914,2.180707,3.02735
12.82817,1.09115,0.3692612,2.177184,3.028219
12.84473,1.095885,0.3676791,2.171606,3.029601
12.8613,1.106176,0.3657719,2.166002,3.031361
12.87787,1.118608,0.3629791,2.160326,3.032864
12.89478,1.130414,0.3600072,2.155177,3.03442
12.91147,1.138696,0.3565564,2.151698,3.035924
12.92757,1.147895,0.3516833,2.14692,3.038178
12.94447,1.15493,0.346352,2.14256,3.039848
12.96088,1.159209,0.3424644,2.139681,3.041569
12.97735,1.16069,0.3370561,2.13661,3.043342
12.99383,1.157409,0.3339611,2.133558,3.043532
13.0104,1.151259,0.3303191,2.130786,3.044154
13.0275,1.143453,0.3266093,2.128698,3.044689
13.04357,1.13703,0.324148,2.127127,3.044716
13.0601,1.129513,0.3218756,2.125846,3.04405
13.07691,1.123269,0.3202134,2.124875,3.044149
13.0933,1.117704,0.3190878,2.124187,3.044402
13.1098,1.113362,0.3192186,2.123706,3.044171
13.12637,1.10864,0.31932,2.122909,3.043864
13.14312,1.10432,0.3202549,2.122224,3.043618
13.15964,1.101522,0.3216643,2.121969,3.043203
13.17607,1.099337,0.3230897,2.121391,3.043307
13.19263,1.098266,0.3241733,2.12094,3.043218
13.21008,1.097185,0.3251637,2.120792,3.042681
13.22577,1.096935,0.3263004,2.120401,3.041526
13.24239,1.097368,0.3273709,2.120344,3.041311
13.2589,1.097757,0.3282894,2.120013,3.041425
13.27565,1.097714,0.3279033,2.120011,3.041562
13.2925,1.098303,0.3267525,2.119437,3.042771
13.3086,1.097695,0.3258152,2.120363,3.042901
13.32575,1.098551,0.3272212,2.121169,3.041139
13.34192,1.114218,0.336149,2.121843,3.041578
13.35837,1.130358,0.3417089,2.122813,3.045155
13.37487,1.158827,0.3419725,2.140551,3.047457
13.39201,1.209962,0.347356,2.18717,3.042646
13.40835,1.278197,0.3716571,2.241555,3.038327
13.42457,1.370829,0.4130838,2.31899,3.034651
13.44146,1.434141,0.4459774,2.381948,3.036455
13.4577,1.496696,0.4712192,2.455191,3.049533
13.47661,1.534,0.4795134,2.540456,3.07504
13.49318,1.552441,0.479543,2.589728,3.091685
13.50975,1.565221,0.4741963,2.641761,3.11089
13.52631,1.566573,0.4691439,2.680003,3.12225
13.54288,1.562186,0.463888,2.724394,3.13206
13.55958,1.554762,0.4582704,2.761333,3.137368
13.57602,1.547316,0.4533244,2.783804,3.141403
13.5931,1.543287,0.4475036,2.80038,3.149184
13.60915,1.548433,0.4446488,2.805155,3.157624
13.62572,1.562003,0.4417577,2.802363,3.16897
13.64296,1.577054,0.4416,2.795466,3.177417
13.65908,1.601024,0.4431039,2.781903,3.184794
13.67582,1.629218,0.4423577,2.765496,3.190906
13.69198,1.651693,0.4412402,2.749336,3.195399
13.70855,1.676565,0.4391047,2.72615,3.199765
13.72524,1.688069,0.43604,2.701878,3.204406
13.74186,1.691929,0.4329008,2.670148,3.21053
13.75825,1.686784,0.4296742,2.636437,3.210703
13.77482,1.680818,0.4274352,2.608981,3.208328
13.79138,1.668006,0.4234268,2.562995,3.205532
13.80795,1.654726,0.4201747,2.530789,3.202585
13.82452,1.635934,0.4159126,2.492475,3.196278
13.84108,1.617536,0.4105222,2.457632,3.18659
13.85776,1.603462,0.4052917,2.43063,3.180108
13.87422,1.589524,0.4000324,2.397724,3.17422
13.89078,1.585855,0.3965961,2.371577,3.173197
13.90751,1.586244,0.3922822,2.34108,3.173328
13.92392,1.58754,0.3908733,2.318297,3.173202
13.94049,1.589,0.3884812,2.292861,3.171012
13.95762,1.590262,0.3873003,2.271267,3.166871
13.97382,1.591397,0.3864801,2.256484,3.162632
13.99018,1.595481,0.3870123,2.239472,3.15661
14.00708,1.598276,0.3879378,2.227189,3.152684
14.02343,1.599067,0.3896418,2.214007,3.148358
14.03989,1.5986,0.3905911,2.203253,3.14323
14.05657,1.596766,0.3905151,2.195724,3.139975
14.07331,1.593327,0.3901513,2.187612,3.136014
14.08958,1.591234,0.3895863,2.182724,3.133621
14.10615,1.589374,0.3882067,2.177289,3.131697
14.12285,1.588581,0.3878213,2.173011,3.131228
14.13961,1.586907,0.3867983,2.167498,3.131597
14.15585,1.585367,0.3858641,2.163613,3.131071
14.17242,1.584451,0.3852005,2.161496,3.130948
14.18898,1.582991,0.3842098,2.158699,3.130532
14.20576,1.580857,0.3830749,2.156074,3.130748
14.22212,1.579329,0.3818751,2.154257,3.130662
14.23868,1.576582,0.3813192,2.153099,3.130842
14.2553,1.572959,0.3811507,2.15217,3.130745
14.27182,1.568877,0.3795932,2.151582,3.130931
14.28839,1.566738,0.3784837,2.151118,3.131398
14.30495,1.564348,0.3769948,2.150369,3.1309
14.32181,1.56292,0.3746284,2.150017,3.130791
14.33818,1.561994,0.3729242,2.14886,3.130991
14.35531,1.557723,0.3719379,2.148739,3.129986
14.37122,1.553096,0.3691392,2.148883,3.129423
14.38779,1.545835,0.366436,2.150454,3.12977
14.40453,1.536783,0.3632581,2.152085,3.129803
14.42092,1.528249,0.3605812,2.153292,3.130382
14.43749,1.515731,0.3565183,2.155387,3.130893
14.45405,1.506197,0.3534592,2.157363,3.131912
14.47062,1.495999,0.349572,2.160561,3.133345
14.48727,1.488728,0.3467359,2.162791,3.134109
14.5038,1.481844,0.3440291,2.164631,3.134924
14.52046,1.474898,0.3414025,2.166641,3.137201
14.53688,1.472916,0.3395036,2.167883,3.138378
14.55369,1.471648,0.3384616,2.170476,3.14002
14.57061,1.472059,0.3372172,2.172425,3.141139
14.58659,1.474636,0.3362408,2.174342,3.142681
14.60316,1.47881,0.3370634,2.174875,3.143715
14.61972,1.483561,0.3382563,2.175463,3.14471
14.63629,1.489608,0.3404891,2.175565,3.145748
14.65337,1.494524,0.34188,2.175517,3.146236
14.66942,1.499835,0.343875,2.175311,3.147024
14.6861,1.502958,0.3455883,2.174287,3.147727
14.70255,1.504031,0.3458206,2.173513,3.149152
14.71912,1.50484,0.34612,2.172443,3.150402
14.73569,1.50282,0.3462651,2.171872,3.151495
14.75232,1.500179,0.3462186,2.171607,3.152422
14.76882,1.497556,0.3460701,2.17085,3.152418
14.78539,1.494485,0.3457602,2.17043,3.152068
14.80195,1.489014,0.3466163,2.169496,3.149781
14.81852,1.481645,0.346696,2.16928,3.146356
14.83509,1.47149,0.34545,2.169099,3.141151
14.85167,1.462107,0.3450987,2.169202,3.134976
14.86846,1.448787,0.3432395,2.169033,3.126036
14.88479,1.435319,0.3419004,2.168587,3.116648
14.90173,1.421854,0.3404415,2.168486,3.107224
14.91792,1.407148,0.3386577,2.1684,3.09914
14.93476,1.39597,0.3370824,2.167992,3.093221
14.95105,1.382121,0.3352086,2.167394,3.08769
14.96762,1.367687,0.3338995,2.166023,3.082948
14.98418,1.356181,0.3323051,2.165332,3.080316
15.00075,1.344528,0.3308668,2.164579,3.077711
15.01732,1.335397,0.3293031,2.163772,3.07567
15.03401,1.324147,0.3285283,2.163239,3.073174
15.05092,1.31505,0.3272809,2.162242,3.071313
15.06708,1.308436,0.3261457,2.161693,3.069142
15.08359,1.301311,0.3244125,2.160889,3.067294
15.10052,1.295982,0.3230331,2.160505,3.065593
15.11672,1.289486,0.3214398,2.159577,3.063937
15.13366,1.28583,0.3207014,2.159334,3.062356
15.14985,1.281598,0.3197981,2.158589,3.060329
15.16676,1.276552,0.3186361,2.158241,3.058843
15.18299,1.272642,0.3164984,2.158143,3.056682
15.19955,1.266592,0.3139194,2.157831,3.054625
15.21667,1.261248,0.312605,2.157798,3.052948
15.23269,1.252835,0.3116714,2.157818,3.051401
15.24945,1.240816,0.3091915,2.159539,3.048943
15.26663,1.228219,0.3061804,2.160452,3.04512
15.28242,1.216926,0.3048804,2.160965,3.043668
15.29895,1.201521,0.3022133,2.161103,3.040606
15.31552,1.186015,0.2993409,2.16236,3.036849
15.33229,1.170448,0.2963087,2.163165,3.033056
15.34928,1.156905,0.2938557,2.163649,3.02982
15.36564,1.139509,0.2916502,2.16369,3.025625
15.38179,1.126347,0.2897313,2.163832,3.022112
15.39835,1.10932,0.2883566,2.163008,3.017267
15.41492,1.095907,0.2876541,2.162663,3.013266
15.43164,1.079216,0.2859988,2.161731,3.008832
15.44805,1.064043,0.2839691,2.161204,3.004725
15.46462,1.052947,0.2843699,2.160766,3.001315
15.48125,1.039834,0.2837441,2.159236,2.996591
15.49775,1.031824,0.2833318,2.158459,2.992941
15.51442,1.023124,0.2834522,2.157272,2.988579
15.53089,1.017315,0.2829558,2.156245,2.984807
15.54745,1.013617,0.2828995,2.155237,2.982235
15.56402,1.010049,0.2839034,2.153907,2.979368
15.5806,1.008332,0.2843461,2.153458,2.977728
15.59754,1.008577,0.2854366,2.152704,2.976071
15.61372,1.00874,0.2874066,2.152394,2.975383
15.6307,1.009266,0.2900833,2.151429,2.974517
15.64686,1.00965,0.2906471,2.1507,2.973708
15.66421,1.011668,0.2925329,2.150601,2.973458
15.6807,1.012905,0.2947266,2.149977,2.97297
15.69657,1.014456,0.295762,2.14998,2.973688
15.71323,1.015665,0.2962394,2.149709,2.974112
15.72969,1.016843,0.2976267,2.149184,2.975492
15.74699,1.01521,0.2981812,2.149004,2.9766
15.76282,1.010159,0.2989937,2.148597,2.977354
15.77939,1.003814,0.2996734,2.148202,2.979087
15.79595,0.9939265,0.2994108,2.148156,2.980355
15.81252,0.983449,0.2995107,2.148416,2.982
15.82909,0.9752799,0.299814,2.148598,2.982344
15.84572,0.9640544,0.2998577,2.148796,2.983982
15.86267,0.9546865,0.2990267,2.148934,2.984672
15.87879,0.9438359,0.2986166,2.149085,2.985691
15.89539,0.9336792,0.2979639,2.148932,2.986872
15.91192,0.9263747,0.2976326,2.148772,2.987531
15.92907,0.9181371,0.2962631,2.148654,2.988737
15.94506,0.9137797,0.2955447,2.148518,2.990012
15.96163,0.9208668,0.293922,2.14787,2.991714
15.97853,0.9391817,0.2923428,2.145229,2.993538
15.99481,0.9601871,0.2908648,2.141365,2.994998
16.01157,0.9759853,0.288159,2.137496,2.996374
16.02799,0.9810079,0.2861023,2.136063,2.996789
16.04462,0.9819266,0.2824326,2.133793,2.996935
16.06102,0.9782119,0.2789626,2.131845,2.997368
16.07759,0.9726554,0.2770875,2.130486,2.997961
16.09415,0.9615007,0.2752474,2.129021,2.997984
16.111,0.952152,0.2737894,2.12856,2.998489
16.1277,0.9402467,0.2721148,2.128207,2.998719
16.14418,0.929886,0.2715984,2.127839,2.999148
16.16079,0.9157673,0.2713808,2.127066,2.999833
16.17704,0.9027948,0.2712112,2.127189,3.000131
16.19355,0.8924156,0.2713714,2.126647,3.000416
16.2102,0.8799083,0.2703563,2.126847,3.000091
16.22718,0.8704423,0.2694593,2.127208,3.000637
16.2435,0.8576571,0.2689881,2.128194,3.000573
16.25982,0.8463613,0.2682829,2.129588,2.999918
16.27659,0.8376105,0.2673238,2.130508,2.999345
16.29296,0.8272119,0.2657154,2.132706,2.998025
16.30956,0.819176,0.265069,2.134099,2.997104
16.32635,0.8099781,0.2637969,2.136354,2.996366
16.3436,0.7999601,0.2626387,2.139507,2.994712
16.35923,0.795315,0.261826,2.14217,2.993427
16.37579,0.7880312,0.2593337,2.146101,2.992661
16.39236,0.7833865,0.2582718,2.148843,2.992373
16.40893,0.7766876,0.2555443,2.152377,2.992277
16.4255,0.7724792,0.2543523,2.155545,2.992289
16.44206,0.7690299,0.2531636,2.159,2.992232
16.4588,0.765794,0.2527516,2.161966,2.992199
16.4752,0.7637,0.2527275,2.164035,2.991946
16.49176,0.7608647,0.2531893,2.16629,2.993366
16.50833,0.7590362,0.2525589,2.16728,2.994136
16.5249,0.7569295,0.2518887,2.168777,2.994964
16.54148,0.7545202,0.2516568,2.168967,2.995941
16.55803,0.7531457,0.2520577,2.169086,2.996407
16.57459,0.7512974,0.2520752,2.169215,2.998062
16.59116,0.7502925,0.2526933,2.168723,2.998559
16.60818,0.7497199,0.2528694,2.168903,2.999892
16.62442,0.7491788,0.2528313,2.168747,3.000205
16.64118,0.7490132,0.2529969,2.168059,3.000441
16.65742,0.7494437,0.2522913,2.166921,3.000935
16.67406,0.7503808,0.2523372,2.165527,3.001693
16.69088,0.7517224,0.2522988,2.164207,3.002618
16.70732,0.7529719,0.2520089,2.162877,3.003183
16.72369,0.7556774,0.2517251,2.161024,3.00471
16.74026,0.7594134,0.2526293,2.159184,3.006058
16.75682,0.7634951,0.2529187,2.156984,3.00681
16.77339,0.7715881,0.2538282,2.154147,3.008473
16.7901,0.7777323,0.2542713,2.151933,3.010369
16.80653,0.7848681,0.2548245,2.148553,3.012612
16.82309,0.7955333,0.2541607,2.144519,3.013656
16.83984,0.8052484,0.254266,2.141407,3.015539
16.85623,0.8166386,0.2539552,2.138108,3.016469
16.87279,0.8259185,0.2546663,2.135158,3.016583
16.88936,0.8380874,0.2553681,2.133016,3.016227
16.90593,0.8471158,0.2557224,2.130877,3.014474
16.92263,0.8520087,0.2550575,2.12963,3.010219
16.93906,0.8565024,0.252305,2.12856,3.001087
16.95575,0.8586245,0.2482822,2.128725,2.992368
16.97272,0.8579112,0.2425575,2.128905,2.982702
16.98976,0.8567389,0.2365116,2.132242,2.975783
17.00558,0.8586729,0.2294107,2.153459,2.963314
17.02189,0.870917,0.228785,2.199641,2.953309
17.03878,0.8956133,0.2381973,2.250329,2.951526
17.05503,0.9406012,0.2622542,2.325667,2.961936
17.07188,0.9841122,0.2821131,2.388193,2.97899
17.08816,1.036794,0.3045962,2.465631,3.005811
17.10473,1.083839,0.312859,2.53868,3.039545
17.12177,1.131217,0.3112647,2.60759,3.074129
17.13786,1.172125,0.304211,2.656617,3.100912
17.15443,1.216378,0.2920328,2.708533,3.130722
17.171,1.242805,0.2823964,2.754818,3.15401
17.18756,1.257871,0.2735819,2.794522,3.170361
17.20435,1.261786,0.2659976,2.819213,3.177176
17.22069,1.259258,0.2595259,2.83899,3.185503
17.23749,1.262007,0.2561653,2.847109,3.194083
17.25383,1.273102,0.2576586,2.849075,3.205955
17.2704,1.283104,0.2631065,2.843102,3.213866
17.28696,1.301786,0.2751591,2.826448,3.221813
17.30353,1.336226,0.2865882,2.803388,3.229485
17.32015,1.365336,0.2926799,2.782035,3.234715
17.33666,1.392698,0.2939103,2.751404,3.238826
17.35323,1.399396,0.2902681,2.722479,3.238652
17.3698,1.388222,0.2833809,2.683901,3.236249
17.38637,1.363995,0.2761223,2.642853,3.232523
17.4033,1.338549,0.2702235,2.610065,3.228766
17.41955,1.303899,0.2622554,2.568737,3.221817
17.43606,1.274132,0.2571084,2.536464,3.212363
17.45263,1.231288,0.2498618,2.500474,3.19244
17.46919,1.195811,0.2438513,2.473146,3.176975
17.48576,1.151146,0.2376566,2.438464,3.15955
17.51825,1.090286,0.2289797,2.386222,3.137621
17.53526,1.048936,0.2232906,2.353174,3.127414
17.55161,1.020363,0.220319,2.333865,3.119655
17.56844,0.9807392,0.2160858,2.308131,3.103431
17.58451,0.9523817,0.2138134,2.29003,3.08739
17.60108,0.9317349,0.2119289,2.277409,3.07592
17.61765,0.9082963,0.2094311,2.263057,3.062926
17.63446,0.8909769,0.2083493,2.252383,3.053114
17.65078,0.8730566,0.2063056,2.240745,3.042211
17.66735,0.8593886,0.2059804,2.230751,3.030597
17.68394,0.851747,0.2052682,2.223783,3.022226
17.7008,0.8452586,0.2044898,2.216185,3.011723
17.71706,0.8406404,0.2048132,2.210888,3.00436
17.73366,0.8357558,0.2049983,2.204838,2.996707
17.75019,0.8343862,0.2054138,2.199086,2.988979
17.76708,0.8359034,0.2059399,2.19575,2.984798
17.78332,0.8393336,0.2076439,2.192112,2.980183
17.80012,0.8437155,0.2090699,2.189576,2.976721
17.81645,0.8496892,0.2105701,2.185955,2.97268
17.83302,0.8525928,0.2119427,2.183824,2.969505
17.84967,0.8584849,0.2136548,2.180159,2.963899
17.86655,0.8654622,0.2148421,2.176747,2.957929
17.88273,0.8731651,0.2168631,2.174526,2.952739
17.89928,0.8849534,0.2178877,2.171361,2.946702
17.91585,0.8981935,0.2195594,2.167746,2.942766
17.93242,0.9128491,0.2207687,2.164366,2.938102
17.94898,0.9232,0.2220894,2.161463,2.934415
17.96615,0.9331844,0.2229069,2.157601,2.930092
17.98264,0.9403028,0.2233267,2.15484,2.925824
17.99911,0.9448563,0.2246744,2.153138,2.923453
18.01544,0.9481515,0.2254095,2.151,2.92014
18.03182,0.9514683,0.2277622,2.149446,2.917561
18.04839,0.953003,0.2291482,2.147772,2.915546
18.06495,0.9545563,0.230955,2.146674,2.913607
18.08152,0.9563279,0.2319838,2.145908,2.911755
18.09808,0.9568548,0.2333807,2.145074,2.909811
18.1153,0.9569418,0.2350305,2.1445,2.908986
18.13157,0.9553792,0.2368537,2.143599,2.907716
18.14779,0.9540537,0.2386931,2.142791,2.907773
18.16457,0.9524588,0.2408461,2.141897,2.908329
18.18153,0.9501168,0.2438342,2.141629,2.908865
18.19748,0.9495386,0.2448237,2.14116,2.908995
18.21418,0.9496554,0.2466933,2.140996,2.910567
18.23062,0.9517168,0.2482731,2.140855,2.913346
18.24767,0.9558343,0.2499092,2.140483,2.915257
18.26375,0.9641282,0.2513088,2.140415,2.918487
18.28032,0.9749127,0.253179,2.140076,2.920398
18.29689,0.9951859,0.2552992,2.140339,2.923159
18.31371,1.023664,0.2571636,2.141122,2.927385
18.3301,1.042496,0.2592011,2.141566,2.930262
18.34658,1.06448,0.2610168,2.142475,2.933402
18.36315,1.082345,0.2620472,2.143338,2.935897
18.37972,1.104625,0.2626313,2.143979,2.938445
18.39628,1.123184,0.2639546,2.144556,2.94179
18.41285,1.136293,0.2652218,2.144898,2.943879
18.42942,1.150952,0.2655791,2.144763,2.946712
18.44599,1.160884,0.2669511,2.145364,2.949401
18.46261,1.17206,0.2673556,2.146019,2.951745
18.47912,1.179554,0.2676589,2.146184,2.953822
18.49569,1.186645,0.2671675,2.146724,2.956423
18.51234,1.191348,0.267002,2.146921,2.959754
18.52891,1.193188,0.2664727,2.146418,2.962624
18.54596,1.195845,0.2667149,2.145811,2.964813
18.56195,1.196322,0.2673828,2.145418,2.966855
18.57936,1.195711,0.2677703,2.145518,2.968712
18.59509,1.194313,0.2695064,2.14586,2.970881
18.61183,1.191815,0.2698887,2.146644,2.9731
18.62822,1.189025,0.27017,2.147991,2.974648
18.64495,1.187407,0.2701415,2.14996,2.9764
18.66135,1.185231,0.2706693,2.1525,2.977783
18.67792,1.182328,0.2712008,2.154507,2.97861
18.69449,1.178326,0.271579,2.156696,2.979372
18.71123,1.171616,0.272129,2.160588,2.980855
18.72762,1.167143,0.2721843,2.163688,2.981621
18.74431,1.161896,0.2721667,2.167405,2.980536
18.76075,1.159111,0.2724914,2.169697,2.980757
18.77732,1.156728,0.2738776,2.171983,2.981224
18.79388,1.158364,0.2747763,2.174254,2.98189
18.81045,1.160246,0.2756575,2.176361,2.982547
18.82702,1.162762,0.276862,2.178287,2.984164
18.84367,1.164149,0.2778129,2.179357,2.98569
18.86015,1.164367,0.2789608,2.180578,2.987977
18.87672,1.163176,0.2822405,2.181036,2.989958
18.89329,1.159071,0.2854247,2.180643,2.991701
18.91008,1.152661,0.290044,2.179988,2.99427
18.92642,1.147767,0.2935063,2.179142,2.996074
18.94299,1.141003,0.2978315,2.178989,2.998615
18.95987,1.135152,0.3006744,2.17824,2.999347
18.97612,1.127926,0.3028476,2.177342,3.001426
18.99277,1.119443,0.3044408,2.176305,3.002928
19.00974,1.112333,0.3048047,2.175582,3.003148
19.02582,1.10464,0.3049738,2.174202,3.002977
19.04268,1.096366,0.3048622,2.173609,3.002548
19.05895,1.090157,0.3051777,2.172904,3.002282
19.07629,1.081205,0.3051705,2.171545,3.001361
19.09208,1.075623,0.3054422,2.170495,3.001187
19.10865,1.06892,0.3047078,2.169021,3.001319
19.12524,1.063583,0.304194,2.168268,3.000603
19.14178,1.057152,0.3036187,2.166818,3.000784
19.15858,1.050508,0.3034247,2.165299,3.00039
19.17492,1.045571,0.3030758,2.164691,2.99978
19.19149,1.040563,0.3021024,2.163455,2.998374
19.20889,1.036783,0.301588,2.162758,2.997995
19.22462,1.032709,0.3016637,2.162368,2.997439
19.24161,1.028088,0.301172,2.161494,2.995815
19.25775,1.024566,0.3007376,2.161023,2.994565
19.27433,1.019709,0.3003686,2.160305,2.992808
19.29089,1.015711,0.2997618,2.159679,2.991338
19.30747,1.011205,0.2986737,2.159442,2.989454
19.32402,1.006779,0.2982521,2.158659,2.987804
19.34058,1.001558,0.2973435,2.157718,2.985855
19.35724,0.9965175,0.297693,2.157758,2.984463
19.37372,0.9934758,0.2973844,2.157725,2.98366
19.39055,0.9890124,0.2971629,2.157198,2.982296
19.40685,0.9856845,0.2963153,2.15752,2.981433
19.42342,0.9803779,0.2965626,2.157006,2.979818
19.44038,0.9755533,0.2971624,2.156915,2.978461
19.45655,0.9730308,0.2971192,2.157184,2.977721
19.47348,0.9686441,0.297849,2.156824,2.976697
19.48969,0.9653584,0.2989609,2.156888,2.97622
19.50635,0.9614939,0.2988167,2.156728,2.974468
19.52282,0.9578753,0.2995581,2.15719,2.973546
19.53939,0.9555339,0.3004826,2.157221,2.973448
19.5561,0.9527749,0.3007653,2.156741,2.973252
19.57252,0.9513095,0.3009513,2.156841,2.972879
19.58909,0.948873,0.3019386,2.155823,2.973611
19.60565,0.9470373,0.3025472,2.15554,2.974805
19.62222,0.945939,0.3028111,2.154631,2.975401
19.63879,0.9453828,0.3029542,2.153386,2.976325
19.65535,0.9456471,0.3028891,2.152997,2.977046
19.67192,0.9454144,0.3024466,2.152308,2.977463
19.68849,0.9453494,0.3021482,2.152044,2.977754
19.70505,0.9457415,0.3021193,2.151455,2.978354
19.72162,0.9460521,0.3012724,2.15125,2.97916
19.73819,0.9456227,0.3014002,2.15055,2.979256
19.75475,0.9445374,0.3006114,2.150172,2.979644
19.77152,0.9423053,0.3013974,2.14987,2.979402
19.78789,0.9391199,0.3020481,2.149324,2.979179
19.80446,0.9369183,0.302387,2.149119,2.978126
19.82138,0.9335448,0.3031271,2.148419,2.976469
19.83759,0.9307671,0.3027115,2.148369,2.975855
19.85416,0.927794,0.3026743,2.149147,2.975466
19.87104,0.9247155,0.3025621,2.149807,2.974976
19.88729,0.9212502,0.3022092,2.15039,2.974291
19.90386,0.9173568,0.3028028,2.150346,2.973799
19.92043,0.9146393,0.3029463,2.149997,2.973262
19.93699,0.9120778,0.3026083,2.149997,2.972306
19.95399,0.9092412,0.3022313,2.149715,2.970568
19.97013,0.9073079,0.3019492,2.150048,2.969338
19.98669,0.9048457,0.3016657,2.150041,2.968036
20.00326,0.903314,0.3016787,2.150327,2.966619
20.01982,0.9020428,0.301469,2.150572,2.966133
20.0365,0.900076,0.3015186,2.150765,2.965558
20.05296,0.8977821,0.3016267,2.150668,2.96522
20.06961,0.8963827,0.301953,2.15084,2.964483
