20.41518,4.758826E-16,2.242078E-44,2.423762,2.647795
0.01656612,0.4044783,9.777302E-18,2.271338,2.850225
0.03343821,0.4036646,8.655775E-18,2.270303,2.851928
0.04974077,0.4025823,7.433009E-18,2.27026,2.853625
0.0664361,0.40143,6.580389E-18,2.269665,2.854356
0.08283326,0.3992498,5.650804E-18,2.269139,2.855427
0.09956712,0.3975978,5.002616E-18,2.268656,2.856525
0.115966,0.3942131,4.295917E-18,2.267742,2.857016
0.1325316,0.3902188,3.68905E-18,2.26777,2.857104
0.1490999,0.3881819,3.26589E-18,2.268026,2.856589
0.1656646,0.3850229,2.804531E-18,2.269178,2.855067
0.1825145,0.3835907,2.482831E-18,2.269837,2.853621
0.198799,0.3816626,2.132091E-18,2.271272,2.85197
0.2154319,0.3805809,1.887525E-18,2.272273,2.850871
0.2319329,0.3787517,1.620882E-18,2.273673,2.850466
0.2485707,0.3775154,1.391907E-18,2.274567,2.849852
0.2651534,0.3754978,1.232245E-18,2.276055,2.849869
0.2820923,0.372618,1.026426E-18,2.277536,2.850122
0.2981986,0.3710839,8.814266E-19,2.278723,2.849514
0.3147657,0.3692649,7.803206E-19,2.279443,2.848978
0.3316948,0.3665262,6.700878E-19,2.280087,2.849149
0.3478999,0.3643305,5.93224E-19,2.280941,2.848955
0.3644662,0.3617413,5.094216E-19,2.281116,2.848255
0.3810328,0.3589652,4.509873E-19,2.281579,2.84759
0.3978106,0.356277,3.872781E-19,2.282487,2.847905
0.4141648,0.354226,3.325689E-19,2.282992,2.84707
0.4307336,0.3520297,2.944208E-19,2.283522,2.846833
0.4472997,0.3488655,2.528292E-19,2.283581,2.846149
0.4642009,0.3467102,2.238278E-19,2.28317,2.846
0.4805119,0.3438018,1.922086E-19,2.282448,2.845444
0.4970939,0.3415614,1.65056E-19,2.282967,2.844675
0.5135661,0.3402352,1.461229E-19,2.283209,2.844695
0.5301413,0.3377103,1.254807E-19,2.282756,2.844322
0.5468712,0.3359528,1.110872E-19,2.282423,2.843826
0.5638882,0.3342725,9.539435E-20,2.282097,2.84302
0.5798316,0.3323877,8.445194E-20,2.282704,2.842956
0.5963999,0.3300812,7.252175E-20,2.28287,2.843138
0.6129646,0.3277496,6.227689E-20,2.283012,2.841847
0.6295329,0.3265869,5.513329E-20,2.28294,2.841618
0.6461002,0.3245609,4.734483E-20,2.283355,2.840824
0.6626676,0.3234378,4.191404E-20,2.283835,2.840456
0.6792334,0.3217581,3.491322E-20,2.284565,2.839797
0.6965478,0.3206786,2.998117E-20,2.285042,2.838687
0.7126461,0.3205835,2.654212E-20,2.286484,2.838291
0.7289318,0.3202177,2.279262E-20,2.287854,2.837119
0.7454996,0.3201928,2.017814E-20,2.288947,2.836585
0.7622242,0.3195917,1.732766E-20,2.289704,2.835954
0.7788215,0.3196322,1.487985E-20,2.290858,2.834813
0.7951994,0.3202477,1.317303E-20,2.291625,2.833961
0.8117645,0.3199388,1.131213E-20,2.291951,2.833402
0.8283331,0.3190721,1.001454E-20,2.292601,2.832738
0.8448982,0.3180815,8.59983E-21,2.29309,2.832351
0.8618457,0.3169227,7.384966E-21,2.292943,2.832301
0.8780321,0.3155553,6.537858E-21,2.292906,2.831746
0.894945,0.3147361,5.614281E-21,2.29223,2.831491
0.9111663,0.3141928,4.970283E-21,2.291974,2.831055
0.9285319,0.3124444,4.268151E-21,2.290856,2.830906
0.9442993,0.3115903,3.778563E-21,2.290202,2.83052
0.9611146,0.3099612,3.244781E-21,2.289026,2.83042
0.9774318,0.3085802,2.786404E-21,2.288299,2.829805
0.9939998,0.3073221,2.466784E-21,2.287073,2.828962
1.010567,0.3071356,2.118311E-21,2.286074,2.828252
1.027311,0.3067181,1.819066E-21,2.285782,2.827969
1.04391,0.306035,1.562094E-21,2.284965,2.828255
1.06062,0.3056951,1.341423E-21,2.283989,2.828211
1.077154,0.3056151,1.187552E-21,2.283241,2.827843
1.093399,0.3051134,1.019792E-21,2.282783,2.827274
1.109967,0.3053829,9.028141E-22,2.282172,2.826439
1.126531,0.3063351,7.752773E-22,2.281866,2.826094
1.144112,0.3074521,6.65757E-22,2.28215,2.825807
1.159665,0.3083181,5.893899E-22,2.283051,2.825141
1.176234,0.3099684,5.061292E-22,2.283167,2.824962
1.19352,0.3102714,4.480726E-22,2.283651,2.825266
1.209364,0.3107981,3.847752E-22,2.284548,2.826235
1.225934,0.3115799,3.406387E-22,2.285173,2.826667
1.242945,0.3136254,2.92518E-22,2.286412,2.82742
1.259548,0.3154254,2.511952E-22,2.287509,2.828085
1.275634,0.3156501,2.223813E-22,2.287803,2.828305
1.2922,0.3182855,1.909664E-22,2.289244,2.828826
1.308774,0.3193903,1.690611E-22,2.290477,2.828961
1.325331,0.321137,1.451786E-22,2.290992,2.829108
1.342277,0.3232107,1.246698E-22,2.291091,2.830056
1.35856,0.3237157,1.103693E-22,2.291557,2.83034
1.375079,0.3246045,9.477784E-23,2.292484,2.830292
1.391712,0.3260882,8.390614E-23,2.293346,2.830533
1.408167,0.3275484,7.205306E-23,2.294013,2.830749
1.424734,0.3319156,6.001818E-23,2.295612,2.830906
1.441298,0.3380308,5.313366E-23,2.298409,2.832232
1.457864,0.3510745,4.562768E-23,2.302316,2.833894
1.474579,0.3601101,4.039385E-23,2.30902,2.835142
1.49149,0.3685793,3.468757E-23,2.330007,2.822556
1.507566,0.3821532,2.97874E-23,2.364082,2.794574
1.524876,0.4011938,2.637057E-23,2.395784,2.765337
1.5407,0.4345717,2.264531E-23,2.438254,2.722331
1.557265,0.4676467,2.004773E-23,2.469999,2.689946
1.573833,0.5038689,1.721567E-23,2.506754,2.653164
1.590746,0.5316159,1.524091E-23,2.537012,2.629339
1.606967,0.5739228,1.308788E-23,2.576775,2.611162
1.62379,0.6191303,1.123901E-23,2.61372,2.595646
1.640098,0.6487979,0.004393342,2.640541,2.582989
1.657146,0.6793954,0.0154428,2.670669,2.573338
1.673233,0.6972007,0.02427731,2.69124,2.570396
1.6898,0.7139921,0.03292781,2.712211,2.570708
1.706854,0.7252601,0.02933859,2.72939,2.579787
1.723189,0.7306659,0.02597324,2.73742,2.594529
1.7395,0.736574,0.02230411,2.736781,2.628333
1.756107,0.7462483,0.01974566,2.725866,2.66823
1.77291,0.7709259,0.01644759,2.695621,2.74294
1.7892,0.7894816,0.01456093,2.666212,2.801199
1.805765,0.8046916,0.01250397,2.624555,2.878898
1.823062,0.8104846,0.01073758,2.585179,2.956588
1.838899,0.8167639,0.009505903,2.556182,3.012039
1.855467,0.8231634,0.008163043,2.521344,3.072477
1.872033,0.8268243,0.007226684,2.495354,3.11175
1.888647,0.8292065,0.006205799,2.466045,3.152701
1.90521,0.8281453,0.005329131,2.439463,3.18475
1.921734,0.821997,0.004717841,2.419433,3.202241
1.938379,0.806029,0.004051371,2.395506,3.218833
1.954866,0.7927197,0.003586649,2.378833,3.228117
1.971433,0.7770787,0.003079978,2.361208,3.23542
1.98869,0.7605228,0.002644882,2.346371,3.235981
2.004689,0.7469717,0.002341495,2.336173,3.230954
2.02155,0.7290264,0.002010721,2.324539,3.2223
2.037699,0.714509,0.001780077,2.315715,3.212525
2.054265,0.6991893,0.001528613,2.307014,3.196277
2.070833,0.686964,0.00135327,2.301047,3.182031
2.087398,0.6735227,0.001162099,2.295258,3.162772
2.103967,0.66282,0.0009979337,2.291116,3.14143
2.120549,0.6565045,0.0008834635,2.288394,3.124016
2.137099,0.6502178,0.0007586601,2.285805,3.102268
2.153769,0.6452778,0.0006716364,2.284839,3.086222
2.170313,0.6362681,0.0005594543,2.284014,3.064266
2.1868,0.6274881,0.0004804223,2.283729,3.047533
2.203367,0.6205856,0.0004253144,2.283866,3.035225
2.219933,0.6114537,0.000365232,2.284159,3.02036
2.236525,0.6041307,0.0003233372,2.283699,3.009995
2.253067,0.5944974,0.0002776607,2.283459,2.99873
2.269653,0.5839308,0.0002384367,2.283236,2.987882
2.286199,0.5765975,0.0002110863,2.2826,2.979786
2.302765,0.5686284,0.000181267,2.282232,2.969063
2.319453,0.5624504,0.0001604744,2.282002,2.960277
2.336416,0.5567192,0.0001378048,2.282584,2.949193
2.35247,0.5501193,0.0001183377,2.283041,2.938554
2.369037,0.5440618,0.0001047635,2.283539,2.930099
2.3856,0.5369374,8.996399E-05,2.28387,2.919589
2.402165,0.531527,7.964447E-05,2.284573,2.910451
2.418733,0.5259433,6.839342E-05,2.285074,2.899351
2.435382,0.5215119,6.054819E-05,2.286221,2.891114
2.451865,0.5153821,5.19948E-05,2.287311,2.881607
2.468541,0.5084065,4.46497E-05,2.288548,2.873469
2.485322,0.5033928,3.952806E-05,2.289297,2.867327
2.502105,0.4969497,3.292577E-05,2.289689,2.859406
2.518237,0.494314,3.005046E-05,2.290589,2.856265
2.53534,0.4893973,2.503119E-05,2.292161,2.849077
2.551993,0.4860571,2.149514E-05,2.293542,2.844104
2.568177,0.483342,1.902949E-05,2.29543,2.840757
2.584399,0.4805927,1.634127E-05,2.297488,2.836994
2.600965,0.4782134,1.446681E-05,2.298358,2.833897
2.617602,0.4750495,1.242314E-05,2.299421,2.831095
2.634099,0.4723923,1.066817E-05,2.300633,2.828406
2.650825,0.4700801,9.444457E-06,2.300278,2.826569
2.667655,0.4678001,8.110276E-06,2.300238,2.825067
2.683799,0.4652106,7.179969E-06,2.300493,2.82392
2.700365,0.4619066,6.165683E-06,2.300689,2.822836
2.716932,0.4605409,5.458435E-06,2.300328,2.821347
2.7335,0.458778,4.687344E-06,2.299981,2.820608
2.750719,0.458103,4.025182E-06,2.299719,2.819409
2.76707,0.4574383,3.563464E-06,2.29946,2.818048
2.7832,0.456678,3.060068E-06,2.299836,2.816636
2.799765,0.4556213,2.709056E-06,2.299555,2.815028
2.816341,0.4550488,2.326359E-06,2.298787,2.814318
2.832899,0.4546012,1.997723E-06,2.298685,2.8134
2.849525,0.4529263,1.76857E-06,2.297971,2.812454
2.866033,0.4491231,1.518731E-06,2.296579,2.812107
2.882599,0.4457825,1.344522E-06,2.294395,2.813286
2.899166,0.4396055,1.154587E-06,2.292362,2.814526
2.915732,0.4321093,9.617386E-07,2.290297,2.81574
2.932908,0.4269613,8.514203E-07,2.288842,2.815938
2.948866,0.4217145,7.311435E-07,2.287019,2.816495
2.965432,0.4174944,6.472762E-07,2.286514,2.816315
2.98219,0.4136191,5.558381E-07,2.285867,2.815688
2.998566,0.4116775,4.77317E-07,2.285895,2.814559
3.015132,0.4094732,4.225653E-07,2.286366,2.814327
3.031699,0.4064233,3.628712E-07,2.286879,2.813416
3.048264,0.4051042,3.212473E-07,2.286963,2.813298
3.065074,0.4015838,2.75866E-07,2.287118,2.813345
3.081397,0.3996818,2.442222E-07,2.287167,2.814126
3.098304,0.3977662,2.097219E-07,2.287276,2.813843
3.114532,0.3969691,1.800953E-07,2.287661,2.813274
3.131457,0.3979247,1.594371E-07,2.288511,2.812907
3.147666,0.4001956,1.369141E-07,2.290434,2.811084
3.164358,0.401894,1.212091E-07,2.291249,2.810095
3.180844,0.4027653,1.040863E-07,2.29305,2.808686
3.197365,0.4037357,8.938247E-08,2.294871,2.807759
3.213933,0.4044453,7.912966E-08,2.296324,2.806869
3.230734,0.4055122,6.795134E-08,2.297956,2.805907
3.247554,0.4061457,5.835213E-08,2.299375,2.804551
3.263633,0.4059968,5.165872E-08,2.300594,2.803164
3.28053,0.4060744,4.303027E-08,2.302165,2.802086
3.296766,0.4056771,3.809439E-08,2.302764,2.801565
3.313606,0.4051579,3.271295E-08,2.30323,2.801361
3.3299,0.4057133,2.896054E-08,2.302568,2.800358
3.346466,0.4054885,2.48694E-08,2.302771,2.799468
3.36303,0.4041394,2.13562E-08,2.302097,2.79927
3.379597,0.4024998,1.890649E-08,2.301839,2.798207
3.396164,0.4015644,1.623565E-08,2.301853,2.797912
3.413273,0.4005294,1.43733E-08,2.301914,2.797004
3.429297,0.3992636,1.234284E-08,2.301909,2.796546
3.446111,0.3993481,1.092703E-08,2.301399,2.796351
3.462431,0.398319,9.383412E-09,2.301201,2.795745
3.479115,0.3971438,8.057856E-09,2.301032,2.794934
3.495564,0.3966067,7.133562E-09,2.300622,2.795207
3.512133,0.3948684,6.125832E-09,2.300269,2.795319
3.528699,0.3937279,5.423155E-09,2.299956,2.795273
3.545284,0.3937745,4.657048E-09,2.299414,2.795358
3.561831,0.392794,4.122851E-09,2.299481,2.794752
3.578905,0.3921083,3.540433E-09,2.299555,2.794381
3.594965,0.3915195,3.04029E-09,2.299344,2.794044
3.611532,0.3913361,2.691547E-09,2.299119,2.794154
3.628098,0.3903175,2.311323E-09,2.298953,2.794167
3.645125,0.3891089,1.925267E-09,2.298862,2.794029
3.66123,0.3888958,1.757139E-09,2.29778,2.79455
3.677932,0.3871525,1.463648E-09,2.297577,2.794612
3.694518,0.3851591,1.295757E-09,2.2967,2.794666
3.710932,0.3844303,1.112711E-09,2.296036,2.79458
3.727497,0.3845215,9.850748E-10,2.295618,2.79491
3.744065,0.3838746,8.459172E-10,2.294824,2.79509
3.760755,0.3827453,7.264179E-10,2.294716,2.795484
3.777198,0.3821304,6.430926E-10,2.294457,2.796575
3.793889,0.380143,5.522455E-10,2.294093,2.797659
3.810526,0.3783879,4.888989E-10,2.293607,2.797927
3.827441,0.3769292,4.198341E-10,2.293636,2.798212
3.843466,0.3751371,3.605258E-10,2.293414,2.798747
3.860033,0.3736918,3.191709E-10,2.293569,2.798891
3.876596,0.3725964,2.74083E-10,2.293922,2.799313
3.893571,0.3726158,2.426437E-10,2.294045,2.799401
3.90973,0.3731111,2.083664E-10,2.294064,2.799185
3.926416,0.3742013,1.844653E-10,2.294171,2.798996
3.943386,0.3759019,1.584066E-10,2.294703,2.798565
3.959432,0.3770374,1.360291E-10,2.294587,2.798511
3.976003,0.3790981,1.204256E-10,2.294361,2.797834
3.992565,0.3817599,1.034136E-10,2.294593,2.797001
4.00913,0.3841693,9.155129E-11,2.294357,2.796798
4.025699,0.3869628,7.861822E-11,2.294032,2.795838
4.042265,0.3899535,6.548678E-11,2.293126,2.794837
4.058885,0.392253,5.797498E-11,2.293342,2.794256
4.075398,0.3950688,4.978509E-11,2.292903,2.793946
4.092046,0.3973725,4.407438E-11,2.293444,2.793193
4.108796,0.4000296,3.784817E-11,2.294079,2.79329
4.125096,0.4025851,3.250151E-11,2.293759,2.792577
4.142341,0.404865,2.877335E-11,2.294201,2.792298
4.158285,0.4081335,2.470866E-11,2.294746,2.791947
4.174798,0.4092208,2.18744E-11,2.295058,2.791442
4.191363,0.4107526,1.878429E-11,2.295482,2.790982
4.207931,0.4123417,1.613071E-11,2.294973,2.790843
4.224498,0.4129464,1.42804E-11,2.294702,2.791311
4.241684,0.4127957,1.226307E-11,2.294578,2.790886
4.257631,0.4127221,1.08564E-11,2.294626,2.790502
4.274197,0.4128769,9.322764E-12,2.295085,2.790148
4.290762,0.4125561,8.253375E-12,2.295649,2.790131
4.30736,0.4118688,7.087454E-12,2.295133,2.789812
4.324022,0.4113226,6.086238E-12,2.295539,2.789804
4.340465,0.4100415,5.388103E-12,2.295777,2.790118
4.35735,0.4089145,4.626947E-12,2.295791,2.789562
4.374104,0.4084769,3.973317E-12,2.295812,2.789615
4.390164,0.4083605,3.517549E-12,2.296293,2.790251
4.406852,0.4072219,2.93002E-12,2.295507,2.790808
4.423297,0.405229,2.593926E-12,2.296022,2.790416
4.440452,0.4041903,2.227492E-12,2.296584,2.790066
4.456431,0.4031274,1.971983E-12,2.296402,2.789776
4.472997,0.4012729,1.693409E-12,2.29662,2.789508
4.489758,0.3990722,1.454188E-12,2.296233,2.789517
4.506131,0.3977321,1.287382E-12,2.296391,2.789864
4.522696,0.3940894,1.105519E-12,2.295753,2.789618
4.539854,0.3921909,9.787079E-13,2.295394,2.789935
4.55583,0.389972,8.404497E-13,2.295188,2.790809
4.572564,0.3885199,7.440441E-13,2.294575,2.793601
4.588964,0.3873163,6.38936E-13,2.292534,2.800507
4.605595,0.3863172,5.486761E-13,2.29078,2.810332
4.622096,0.3853188,4.857389E-13,2.289543,2.81835
4.638662,0.3839942,4.171205E-13,2.288195,2.828206
4.655229,0.3832628,3.692738E-13,2.286981,2.835577
4.671798,0.3831103,3.17108E-13,2.285704,2.843565
4.688363,0.3835016,2.723114E-13,2.284898,2.849269
4.704931,0.384247,2.410753E-13,2.284336,2.852794
4.721714,0.3850515,2.070196E-13,2.283989,2.85692
4.738064,0.3847635,1.83273E-13,2.283241,2.858711
4.754644,0.3846472,1.573827E-13,2.282218,2.860846
4.771555,0.3849765,1.310954E-13,2.282439,2.86151
4.787768,0.3841318,1.160578E-13,2.281885,2.861637
4.804332,0.3827005,9.966279E-14,2.281619,2.861432
4.821511,0.3820998,8.823075E-14,2.281142,2.860994
4.837462,0.3809555,7.576676E-14,2.280681,2.860005
4.854031,0.3811115,6.506349E-14,2.280584,2.858601
4.870674,0.3809573,5.760024E-14,2.280517,2.85704
4.887164,0.3805398,4.946329E-14,2.280144,2.855198
4.903936,0.3799046,4.378949E-14,2.279537,2.853455
4.920297,0.3796181,3.760353E-14,2.279054,2.852376
4.936865,0.3790886,3.329013E-14,2.278572,2.850957
4.953431,0.3775224,2.858737E-14,2.278508,2.849126
4.969998,0.3756037,2.454895E-14,2.278719,2.846424
4.987276,0.3746781,2.173301E-14,2.278866,2.84537
5.003401,0.3726303,1.866288E-14,2.279026,2.844055
5.019701,0.3720204,1.652211E-14,2.278864,2.842443
5.036263,0.370639,1.41881E-14,2.279024,2.840959
5.052832,0.3697438,1.21838E-14,2.278597,2.839411
5.069398,0.3691912,1.078623E-14,2.278758,2.838331
5.086023,0.3684322,9.262505E-15,2.278394,2.837154
5.10253,0.3671999,8.200029E-15,2.279134,2.836034
5.119232,0.365909,7.041645E-15,2.2787,2.834625
5.136095,0.3642097,6.0469E-15,2.278901,2.832824
5.152413,0.363324,5.192679E-15,2.279038,2.831286
5.168798,0.3626232,4.45913E-15,2.27973,2.829983
5.186093,0.3611665,3.947636E-15,2.279461,2.82942
5.20193,0.361028,3.389969E-15,2.279264,2.828089
5.218636,0.3600715,3.001115E-15,2.279074,2.827144
5.235065,0.3592053,2.57716E-15,2.279231,2.826169
5.251842,0.3578885,2.213095E-15,2.279632,2.824707
5.268197,0.3581307,1.959237E-15,2.280221,2.823875
5.284763,0.3575218,1.682463E-15,2.280737,2.823362
5.301712,0.3574883,1.489473E-15,2.281235,2.822386
5.317896,0.3575521,1.279061E-15,2.282191,2.82091
5.334463,0.356477,1.098373E-15,2.283012,2.820507
5.351684,0.3560251,9.723819E-16,2.28324,2.819875
5.367597,0.3548739,8.350174E-16,2.283331,2.820158
5.384192,0.354032,7.392349E-16,2.28324,2.819284
5.401567,0.3531802,6.348061E-16,2.283629,2.818238
5.417296,0.3531064,5.619894E-16,2.283795,2.817567
5.433864,0.352693,4.825994E-16,2.28355,2.817345
5.450429,0.352339,4.144246E-16,2.283879,2.81719
5.46734,0.35178,3.668871E-16,2.283725,2.816656
5.484264,0.3506587,3.056067E-16,2.284258,2.816067
5.500602,0.3505485,2.624348E-16,2.284213,2.815775
5.516697,0.3502096,2.395172E-16,2.284718,2.81527
5.533295,0.3507366,2.056816E-16,2.285164,2.815647
5.549994,0.351514,1.766257E-16,2.285556,2.81514
5.566717,0.3532961,1.516746E-16,2.286184,2.814705
5.582964,0.3549299,1.342764E-16,2.286622,2.814165
5.59953,0.3585225,1.153077E-16,2.287955,2.814424
5.616096,0.3621558,9.901865E-17,2.289682,2.813808
5.632936,0.3650587,8.766051E-17,2.293477,2.813071
5.649729,0.367435,7.527706E-17,2.30266,2.814058
5.6658,0.372661,6.664224E-17,2.312405,2.817951
5.682362,0.3796484,5.722797E-17,2.329069,2.824686
5.698929,0.3925496,4.91436E-17,2.34587,2.819914
5.715495,0.4112709,4.350648E-17,2.360126,2.81358
5.732409,0.4385049,3.736049E-17,2.381384,2.801721
5.74863,0.4593409,3.307498E-17,2.402207,2.786551
5.765195,0.4953435,2.840261E-17,2.430756,2.763819
5.781762,0.5308985,2.514462E-17,2.453399,2.750816
5.79833,0.5778615,2.159254E-17,2.488903,2.745127
5.814896,0.6398316,0.0009,2.5244,2.745867
5.831476,0.6831312,0.01556615,2.550869,2.749261
5.848316,0.72815,0.0414064,2.579274,2.757346
5.864596,0.7575861,0.0604453,2.598266,2.765106
5.881176,0.7835504,0.07900305,2.617415,2.774265
5.897728,0.7967643,0.08633409,2.62956,2.782439
5.914884,0.7985137,0.07791401,2.632901,2.796616
5.930873,0.7964287,0.06690741,2.626746,2.825562
5.948027,0.7966,0.05923264,2.61557,2.858594
5.964241,0.8058033,0.05086509,2.592617,2.910111
5.980561,0.8099227,0.04367958,2.560176,2.968452
5.997129,0.8084846,0.03866922,2.531118,3.018588
6.014251,0.8070037,0.03320657,2.492167,3.080174
6.030356,0.8064479,0.02939754,2.462641,3.125737
6.047504,0.8075394,0.02524467,2.429477,3.172871
6.063396,0.8084038,0.02234892,2.406296,3.200319
6.080479,0.8085949,0.01919178,2.381391,3.224537
6.096661,0.8016518,0.01648063,2.357701,3.243647
6.113198,0.7902476,0.01459019,2.339294,3.256738
6.129663,0.7717792,0.01252909,2.3165,3.271916
6.146229,0.7580926,0.01109191,2.299105,3.28404
6.1636,0.7414186,0.009525004,2.278846,3.300517
6.179361,0.7241887,0.008179445,2.261483,3.317995
6.19593,0.7102171,0.007241204,2.248114,3.330569
6.21303,0.6918221,0.006218268,2.233389,3.345744
6.229063,0.676966,0.005504988,2.223268,3.355691
6.245957,0.6598345,0.00472732,2.211522,3.365007
6.262733,0.6426017,0.003937725,2.202694,3.371349
6.278762,0.6339328,0.003593856,2.199539,3.37326
6.295402,0.6193317,0.002993581,2.194605,3.374609
6.311895,0.609667,0.002650196,2.191492,3.373207
6.328784,0.5992606,0.002275813,2.187326,3.371315
6.345029,0.5911883,0.001954318,2.184314,3.367465
6.361594,0.5850167,0.001730144,2.18239,3.362867
6.378467,0.5783663,0.001485734,2.179784,3.356503
6.395004,0.5745564,0.001315309,2.178106,3.349721
6.411295,0.5696403,0.001129501,2.176687,3.341807
6.427862,0.5662404,0.0009999389,2.17592,3.334708
6.444688,0.5608385,0.0008586815,2.175083,3.325002
6.460996,0.5556083,0.000737379,2.173774,3.31552
6.47764,0.5512412,0.0006527964,2.172759,3.308278
6.494377,0.5462885,0.0005605784,2.172369,3.300036
6.511086,0.5415349,0.000496276,2.172098,3.293149
6.527263,0.5376195,0.0004261691,2.17151,3.284776
6.5443,0.5340433,0.0003659659,2.171571,3.276747
6.560394,0.5301295,0.000323987,2.171391,3.270238
6.576962,0.5255733,0.0002782186,2.171194,3.261994
6.594237,0.5208557,0.0002389158,2.171025,3.253228
6.610096,0.5170425,0.0002115104,2.170908,3.246849
6.626662,0.5133582,0.0001872487,2.170804,3.240028
6.643319,0.507507,0.0001607968,2.171255,3.232704
6.660395,0.5001291,0.0001339392,2.171611,3.223901
6.676362,0.4949178,0.0001185754,2.171426,3.217418
6.692928,0.4894291,0.0001018248,2.171798,3.21072
6.709599,0.4844668,8.74404E-05,2.1724,3.204102
6.726228,0.4802135,7.741036E-05,2.173272,3.19847
6.742629,0.4742416,6.647491E-05,2.174222,3.19075
6.759196,0.4691668,5.884976E-05,2.175176,3.185211
6.776317,0.4633863,5.053629E-05,2.176722,3.176847
6.792327,0.4580918,4.473942E-05,2.178246,3.170608
6.808893,0.4510158,3.841926E-05,2.179606,3.162586
6.825505,0.4435352,3.299193E-05,2.181075,3.156313
6.842029,0.4379505,2.920751E-05,2.182381,3.151274
6.858714,0.4314071,2.508149E-05,2.183192,3.145709
6.875161,0.4260751,2.220446E-05,2.184273,3.141904
6.891726,0.419284,1.906772E-05,2.185665,3.136841
6.908419,0.4128523,1.63741E-05,2.187424,3.133041
6.924862,0.4082196,1.449588E-05,2.188293,3.129842
6.942193,0.4016483,1.24481E-05,2.189083,3.126217
6.957993,0.398018,1.102022E-05,2.190061,3.12321
6.974562,0.3929466,9.463434E-06,2.190044,3.120496
6.991168,0.3888674,8.37791E-06,2.190039,3.118444
7.007694,0.3839251,7.194397E-06,2.190042,3.11613
7.024271,0.3802022,5.992732E-06,2.191705,3.113702
7.041803,0.3778849,5.305323E-06,2.191792,3.113012
7.058028,0.3745201,4.555861E-06,2.191539,3.111174
7.074382,0.3722807,4.033271E-06,2.191362,3.110166
7.090528,0.3697408,3.463507E-06,2.19117,3.109577
7.107095,0.3663611,2.974231E-06,2.191005,3.109637
7.12366,0.3644933,2.633066E-06,2.190325,3.109105
7.140226,0.362446,2.261103E-06,2.189988,3.10924
7.156793,0.3601885,2.001738E-06,2.190554,3.109054
7.17336,0.3584751,1.718961E-06,2.191067,3.108649
7.189929,0.3575435,1.47613E-06,2.190608,3.108574
7.206494,0.3561483,1.306807E-06,2.19082,3.10872
7.22314,0.3547065,1.1222E-06,2.190987,3.109201
7.239629,0.3538666,9.934756E-07,2.191174,3.108436
7.256282,0.3527471,8.531313E-07,2.191547,3.108649
7.272763,0.3509942,7.55271E-07,2.191935,3.108247
7.289327,0.3482933,6.485769E-07,2.191387,3.107648
7.305896,0.3468479,5.56955E-07,2.191747,3.10685
7.32305,0.3452154,4.930682E-07,2.191856,3.106355
7.339497,0.3427659,4.234145E-07,2.192185,3.105457
7.355595,0.3410278,3.748458E-07,2.191934,3.10567
7.37227,0.3380401,3.218929E-07,2.191661,3.10516
7.388978,0.334497,2.681277E-07,2.19057,3.104898
7.405636,0.3327902,2.373716E-07,2.190804,3.104336
7.421862,0.3318312,2.03839E-07,2.190982,3.104588
7.438596,0.3301833,1.804572E-07,2.19117,3.104644
7.455184,0.3287014,1.549648E-07,2.192152,3.103706
7.471838,0.3268812,1.330735E-07,2.192687,3.103448
7.488128,0.3255358,1.17809E-07,2.192688,3.103634
7.504696,0.3230422,1.011666E-07,2.192591,3.102847
7.521427,0.3221027,8.956209E-08,2.192576,3.102786
7.53858,0.3204013,7.691001E-08,2.192777,3.102983
7.554395,0.31978,6.604525E-08,2.193532,3.102297
7.571038,0.3198052,5.846938E-08,2.193709,3.101751
7.587529,0.3187283,5.020965E-08,2.194025,3.100647
7.604094,0.3188832,4.445024E-08,2.19471,3.100573
7.620692,0.3178766,3.817093E-08,2.194884,3.100209
7.63723,0.3172641,3.379245E-08,2.19517,3.099894
7.653795,0.3162298,2.901873E-08,2.19497,3.09937
7.670443,0.3158981,2.491937E-08,2.194576,3.099459
7.687127,0.3160861,2.206094E-08,2.194642,3.099221
7.703494,0.3152348,1.894448E-08,2.19456,3.099322
7.720358,0.3151814,1.677141E-08,2.194602,3.098809
7.737126,0.313743,1.397012E-08,2.194098,3.098127
7.753385,0.3141697,1.236764E-08,2.193645,3.097751
7.770019,0.3135902,1.062052E-08,2.193695,3.096956
7.786428,0.3136314,9.120199E-09,2.194586,3.096264
7.803437,0.3140881,8.074046E-09,2.194651,3.096128
7.819462,0.3163793,6.933458E-09,2.195406,3.094971
7.836084,0.3188518,5.953996E-09,2.196337,3.094286
7.85333,0.3212515,5.27103E-09,2.196758,3.093238
7.869162,0.3233352,4.526413E-09,2.197772,3.092798
7.886379,0.3246822,4.007201E-09,2.198028,3.091612
7.902369,0.3268627,3.44112E-09,2.198863,3.090537
7.919035,0.33009,3.046399E-09,2.199567,3.089619
7.935431,0.3320381,2.616046E-09,2.200759,3.08826
7.951996,0.3334022,2.246488E-09,2.202064,3.087094
7.968562,0.3344501,1.9888E-09,2.202975,3.086845
7.985153,0.3357557,1.70785E-09,2.203693,3.08646
8.001729,0.3370987,1.511947E-09,2.204117,3.085719
8.018337,0.3386389,1.29836E-09,2.204665,3.084893
8.03483,0.3396783,1.114946E-09,2.205128,3.084493
8.051703,0.3396979,9.870539E-10,2.205687,3.083978
8.067962,0.3403144,8.476168E-10,2.206296,3.084281
8.084543,0.3405955,7.50389E-10,2.206121,3.084354
8.101515,0.3408027,6.443846E-10,2.206669,3.084339
8.117664,0.3415839,5.70469E-10,2.206751,3.083841
8.134231,0.3424982,4.898811E-10,2.20721,3.08329
8.150823,0.3431857,4.080573E-10,2.208199,3.083289
8.167362,0.3433853,3.612502E-10,2.208697,3.082612
8.183928,0.3431465,3.102179E-10,2.209446,3.082243
8.200888,0.3421708,2.663946E-10,2.210646,3.081626
8.217059,0.3410837,2.358373E-10,2.211437,3.081166
8.233627,0.3403402,2.025215E-10,2.212107,3.079854
8.250195,0.3405834,1.792908E-10,2.211839,3.079288
8.266765,0.340792,1.539631E-10,2.211588,3.078276
8.283329,0.340375,1.363024E-10,2.211723,3.077327
8.299926,0.340613,1.170476E-10,2.211189,3.076856
8.316462,0.3399611,1.005127E-10,2.210721,3.077027
8.333027,0.3399217,8.89832E-11,2.210364,3.077368
8.349904,0.3402065,7.64129E-11,2.210031,3.077722
8.36616,0.3407389,6.764779E-11,2.210027,3.077693
8.383065,0.3397867,5.809147E-11,2.208919,3.077453
8.399631,0.3392168,4.988512E-11,2.208481,3.078078
8.415986,0.3393067,4.416294E-11,2.208355,3.07859
8.432428,0.33854,3.792422E-11,2.208587,3.07825
8.449317,0.3375866,3.357404E-11,2.208475,3.078151
8.466238,0.3360364,2.796624E-11,2.20873,3.078169
8.482416,0.3355183,2.552403E-11,2.208841,3.077756
8.498695,0.3332835,2.191835E-11,2.209005,3.077216
8.515261,0.3325196,1.882203E-11,2.209711,3.076736
8.531829,0.3304937,1.616312E-11,2.210326,3.076623
8.548842,0.3287467,1.387982E-11,2.21058,3.075688
8.564961,0.3283082,1.228771E-11,2.210804,3.075309
8.581692,0.3268944,1.055187E-11,2.2104,3.074833
8.598095,0.3261776,9.061251E-12,2.210343,3.074741
8.614711,0.3246042,8.021861E-12,2.210295,3.074197
8.631628,0.3228149,6.888644E-12,2.210253,3.073596
8.647795,0.3216444,6.098467E-12,2.210224,3.073201
8.664363,0.3202735,5.236962E-12,2.210732,3.071602
8.680928,0.3202348,4.497157E-12,2.210338,3.069946
8.697495,0.3199426,3.981301E-12,2.209417,3.068787
8.714744,0.3199247,3.418879E-12,2.209773,3.067307
8.730631,0.3196334,3.026709E-12,2.209772,3.065877
8.747271,0.3188548,2.599138E-12,2.209805,3.063917
8.7643,0.3175568,2.300998E-12,2.209253,3.062594
8.780328,0.3167371,1.975946E-12,2.209359,3.061347
8.796895,0.3158116,1.696812E-12,2.209201,3.060317
8.813462,0.3157275,1.502175E-12,2.209293,3.059134
8.830029,0.3157395,1.289969E-12,2.209684,3.057844
8.846596,0.3162366,1.142E-12,2.21002,3.0575
8.863191,0.3162122,9.806745E-13,2.210017,3.057022
8.879729,0.3161994,8.421386E-13,2.209202,3.055756
8.897085,0.3152892,7.231731E-13,2.209314,3.055474
8.913005,0.3151243,6.210133E-13,2.209411,3.054983
8.929725,0.3136982,5.497786E-13,2.209196,3.054138
8.945995,0.3131405,4.721136E-13,2.20931,3.053879
8.962807,0.311867,4.0542E-13,2.208569,3.053323
8.979129,0.3116529,3.589154E-13,2.208733,3.052933
8.995991,0.3103155,3.082129E-13,2.208647,3.051662
9.012261,0.3102793,2.728587E-13,2.208802,3.051454
9.02893,0.3094176,2.34313E-13,2.20868,3.050709
9.045394,0.3086354,2.012126E-13,2.208584,3.050609
9.061963,0.3085096,1.78132E-13,2.208472,3.050539
9.078527,0.3076152,1.52968E-13,2.208397,3.051037
9.095095,0.307889,1.354215E-13,2.208581,3.051509
9.11185,0.3087785,1.162911E-13,2.207917,3.051296
9.12884,0.3098006,1.029516E-13,2.207856,3.051147
9.144957,0.3106938,8.840807E-14,2.208441,3.051876
9.161363,0.3116921,7.591902E-14,2.208927,3.051611
9.178107,0.313236,6.721056E-14,2.209324,3.051708
9.195124,0.3150566,5.7716E-14,2.210241,3.051467
9.211186,0.3158623,5.109556E-14,2.210778,3.051299
9.22763,0.3170116,4.38775E-14,2.211199,3.051655
9.244261,0.3177247,3.76791E-14,2.212142,3.051703
9.261307,0.3183456,3.235632E-14,2.213252,3.051763
9.277331,0.3185706,2.778547E-14,2.213631,3.051805
9.293897,0.3187345,2.459828E-14,2.213771,3.05188
9.310463,0.3186567,2.112338E-14,2.21322,3.051614
9.32746,0.3191378,1.813937E-14,2.213647,3.051686
9.343598,0.3192367,1.605865E-14,2.214093,3.05062
9.360165,0.3196363,1.379011E-14,2.214628,3.050258
9.376729,0.3191134,1.220829E-14,2.214362,3.049381
9.393301,0.3180654,1.048367E-14,2.213755,3.048878
9.409867,0.3177826,9.002683E-15,2.214355,3.048479
9.426431,0.3168904,7.970011E-15,2.214711,3.04808
9.443116,0.317012,6.84412E-15,2.214619,3.047204
9.459562,0.3164902,6.05905E-15,2.214072,3.046926
9.47613,0.3164037,5.203112E-15,2.214336,3.046512
9.492749,0.3150959,4.606278E-15,2.21413,3.046056
9.509263,0.3141104,3.955568E-15,2.213829,3.045757
9.525828,0.3129737,3.396781E-15,2.214409,3.045234
9.542396,0.3114771,3.007146E-15,2.213904,3.044634
9.559205,0.3104467,2.582339E-15,2.213335,3.044253
9.57563,0.3095569,2.286126E-15,2.212678,3.044047
9.592097,0.3090629,1.963174E-15,2.212583,3.043776
9.608663,0.3094527,1.737984E-15,2.212269,3.043342
9.625231,0.3100694,1.492466E-15,2.212779,3.043152
9.641796,0.3103858,1.281631E-15,2.212678,3.042725
9.658386,0.3106059,1.10058E-15,2.21283,3.041493
9.675698,0.3124977,9.451058E-16,2.213287,3.040409
9.691619,0.3158517,8.115945E-16,2.214235,3.039212
9.708065,0.3177396,7.184988E-16,2.214606,3.038738
9.725357,0.3206105,6.169993E-16,2.214828,3.037504
9.741199,0.3228608,5.462251E-16,2.214848,3.036625
9.757764,0.3278851,4.690621E-16,2.215584,3.034577
9.774891,0.3350358,4.152573E-16,2.216664,3.032032
9.790899,0.3487764,3.565956E-16,2.220261,3.026898
9.807464,0.3634275,3.062208E-16,2.225917,3.018826
9.824032,0.373905,2.71095E-16,2.233585,3.012369
9.840597,0.3866411,2.327985E-16,2.24474,3.003199
9.857248,0.3962207,2.060949E-16,2.256884,2.992755
9.873851,0.4095294,1.769807E-16,2.275774,2.975628
9.890301,0.4251261,1.519793E-16,2.297913,2.956631
9.907169,0.4351356,1.345462E-16,2.316523,2.940059
9.923434,0.4439304,1.155394E-16,2.34019,2.911668
9.940001,0.4472295,1.022862E-16,2.356209,2.887362
9.957272,0.4530694,8.520157E-17,2.373837,2.860657
9.973166,0.4557124,7.776117E-17,2.383426,2.85012
9.989813,0.4703864,6.677616E-17,2.403079,2.829718
10.00666,0.5022346,5.562267E-17,2.427199,2.808591
10.02283,0.5240903,4.924235E-17,2.447938,2.797017
10.0394,0.5610655,4.228608E-17,2.479676,2.787601
10.05644,0.6118906,3.63125E-17,2.512581,2.781143
10.07253,0.6524038,0.007834026,2.536948,2.77757
10.0891,0.6941444,0.02665916,2.563415,2.776253
10.10567,0.7217548,0.04311038,2.581976,2.774979
10.12234,0.7505818,0.06072789,2.602886,2.773976
10.1388,0.7677296,0.07094184,2.616876,2.772947
10.15547,0.7809179,0.07752126,2.630271,2.771127
10.17193,0.7837837,0.0737786,2.637819,2.773006
10.18852,0.7784699,0.06531566,2.639729,2.778731
10.20507,0.7747737,0.05608878,2.635391,2.795513
10.22181,0.7797226,0.04965499,2.62408,2.82052
10.2382,0.7904888,0.04264043,2.597296,2.86478
10.25477,0.7911903,0.03661679,2.562515,2.922204
10.27136,0.7901805,0.03241658,2.531203,2.971363
10.28812,0.7869698,0.02783722,2.490836,3.036255
10.30491,0.7812997,0.02464409,2.460608,3.084006
10.32104,0.7739924,0.02116272,2.426919,3.13397
10.3376,0.7654438,0.01873521,2.402893,3.165589
10.35417,0.7487934,0.01608856,2.374778,3.196083
10.37086,0.7305477,0.01381579,2.348692,3.218623
10.38741,0.7100676,0.01186409,2.325119,3.237165
10.40387,0.6896731,0.0101881,2.303745,3.253387
10.42109,0.6739253,0.009019449,2.288104,3.263878
10.43723,0.6552373,0.007745308,2.270863,3.276293
10.45357,0.6372378,0.006651159,2.255193,3.286705
10.47054,0.6237813,0.005888224,2.244574,3.294257
10.4867,0.6076658,0.005056418,2.232635,3.301831
10.50376,0.5935777,0.00447641,2.223429,3.306484
10.51989,0.575547,0.003844045,2.212782,3.311209
10.5364,0.5578126,0.003301013,2.202826,3.313007
10.55297,0.5465928,0.002922363,2.196493,3.314939
10.56953,0.536072,0.002509532,2.189925,3.31562
10.58611,0.5267377,0.002221671,2.183916,3.31614
10.60267,0.5141593,0.001907825,2.177156,3.315238
10.61996,0.5042056,0.001688983,2.172594,3.314346
10.63639,0.4937401,0.001450387,2.167708,3.312885
10.65266,0.4852664,0.001245497,2.164094,3.308479
10.66893,0.480365,0.00110263,2.161347,3.303756
10.6855,0.474389,0.0009468656,2.15858,3.297857
10.70234,0.4707004,0.0008382534,2.157304,3.293214
10.71863,0.4649508,0.0007198367,2.15599,3.286228
10.7352,0.4594397,0.0006181482,2.154553,3.279389
10.75191,0.4547332,0.000530825,2.15391,3.270999
10.76833,0.4512962,0.0004699355,2.153179,3.262555
10.78537,0.4480055,0.0004035496,2.15244,3.252279
10.80147,0.4451881,0.0003465418,2.153208,3.241221
10.81854,0.4427606,0.0002975872,2.154176,3.230878
10.8346,0.4409968,0.0002634518,2.154562,3.222748
10.85116,0.4363183,0.0002262351,2.154764,3.214166
10.86838,0.4332909,0.0002002843,2.154517,3.206215
10.89167,0.4307892,0.0001618263,2.155047,3.194024
10.90859,0.4286651,0.0001389657,2.155756,3.186658
10.92481,0.4267979,0.0001230253,2.157099,3.180723
10.94138,0.4246907,0.000105646,2.158921,3.17384
10.95794,0.422572,9.072186E-05,2.159921,3.167938
10.97451,0.4205566,8.031541E-05,2.160486,3.163578
10.99152,0.41654,6.896958E-05,2.160709,3.159126
11.00764,0.4126142,6.105827E-05,2.160628,3.155503
11.02421,0.4068681,5.243282E-05,2.159973,3.152174
11.041,0.4018005,4.64184E-05,2.159103,3.150795
11.05734,0.3941746,3.986106E-05,2.157543,3.148458
11.07391,0.3864954,3.423004E-05,2.156204,3.14615
11.09068,0.3797496,3.030362E-05,2.15521,3.14428
11.10753,0.3724479,2.602275E-05,2.155347,3.141133
11.12361,0.3658317,2.303775E-05,2.155599,3.137836
11.14041,0.358784,1.97833E-05,2.15592,3.133895
11.15674,0.3532969,1.698859E-05,2.156197,3.129707
11.17402,0.3480366,1.458868E-05,2.157581,3.12521
11.18988,0.3445206,1.291525E-05,2.15845,3.122018
11.20657,0.3411262,1.143378E-05,2.159492,3.118354
11.22301,0.337568,9.818577E-06,2.159607,3.11494
11.2405,0.3335209,8.1786E-06,2.160803,3.111305
11.25614,0.3308229,7.240455E-06,2.161858,3.108553
11.27324,0.3276075,6.217626E-06,2.163008,3.10482
11.28928,0.3249968,5.50442E-06,2.16381,3.101099
11.30584,0.3211918,4.726833E-06,2.164711,3.097571
11.32241,0.3190632,4.059093E-06,2.166297,3.093402
11.33898,0.3165675,3.593485E-06,2.167313,3.08957
11.35554,0.3142271,3.085848E-06,2.168823,3.08452
11.37235,0.3120219,2.731879E-06,2.170105,3.080851
11.38868,0.3094514,2.345958E-06,2.170955,3.076493
11.40524,0.307494,2.076859E-06,2.17141,3.073445
11.42187,0.3044748,1.78347E-06,2.17205,3.069842
11.43837,0.3029782,1.531526E-06,2.1729,3.066175
11.455,0.3023193,1.355849E-06,2.17344,3.063172
11.47151,0.2991659,1.164314E-06,2.173776,3.060737
11.48808,0.2975412,1.030759E-06,2.173616,3.058658
11.50464,0.2947468,8.851475E-07,2.173106,3.055722
11.52164,0.2923726,7.601063E-07,2.172967,3.052362
11.53778,0.2898235,6.729166E-07,2.173182,3.050097
11.55437,0.2867324,5.778564E-07,2.173033,3.046701
11.57101,0.2859601,5.115721E-07,2.172959,3.043639
11.58748,0.2831235,4.393044E-07,2.172241,3.040582
11.60421,0.2800852,3.659283E-07,2.172149,3.037718
11.62061,0.2792112,3.239537E-07,2.172485,3.035685
11.63737,0.2784493,2.7819E-07,2.173256,3.033461
11.65374,0.2777886,2.462797E-07,2.174029,3.032217
11.67031,0.2763809,2.114887E-07,2.174299,3.030756
11.6874,0.275649,1.872294E-07,2.174671,3.030379
11.70344,0.2751766,1.607803E-07,2.174858,3.029734
11.72001,0.2738633,1.380675E-07,2.175319,3.02925
11.73658,0.2734112,1.222302E-07,2.175856,3.028189
11.75314,0.2735031,1.049632E-07,2.175602,3.027314
11.7699,0.2731277,9.292317E-08,2.176106,3.026475
11.78628,0.2732075,7.979629E-08,2.176656,3.0261
11.80284,0.2736023,6.852378E-08,2.177129,3.02552
11.81941,0.27176,6.066362E-08,2.177167,3.024887
11.8362,0.2714592,5.209391E-08,2.178441,3.023657
11.85254,0.2712741,4.611837E-08,2.179202,3.023211
11.86911,0.270538,3.960341E-08,2.179632,3.022458
11.88584,0.2698853,3.506062E-08,2.180256,3.021885
11.90252,0.2701925,3.010775E-08,2.181633,3.021019
11.91898,0.2710391,2.585455E-08,2.182258,3.020019
11.93538,0.2709027,2.288884E-08,2.182847,3.019443
11.95226,0.2698609,1.906577E-08,2.184042,3.018148
11.96851,0.2695731,1.740081E-08,2.184562,3.017719
11.98513,0.2668432,1.449439E-08,2.18547,3.01672
12.00165,0.2653205,1.244682E-08,2.185828,3.015489
12.01887,0.2641279,1.101908E-08,2.186306,3.015151
12.03478,0.2624403,9.462463E-09,2.186537,3.014714
12.05153,0.2601313,8.37705E-09,2.185787,3.014174
12.06791,0.2569875,7.193658E-09,2.184953,3.014731
12.08448,0.2540311,6.177439E-09,2.18368,3.014885
12.10105,0.2526867,5.468842E-09,2.182976,3.014915
12.11761,0.252881,4.696281E-09,2.181982,3.014495
12.13418,0.2557356,4.157584E-09,2.180863,3.014553
12.15106,0.2619882,3.570259E-09,2.179602,3.014509
12.16731,0.2698661,3.065903E-09,2.178246,3.014694
12.18436,0.2764816,2.714222E-09,2.1773,3.015585
12.20045,0.2838203,2.330795E-09,2.175969,3.015925
12.21706,0.2905383,2.063436E-09,2.175284,3.014972
12.23388,0.2986644,1.771942E-09,2.174829,3.01421
12.25015,0.3060085,1.568688E-09,2.174557,3.012871
12.26671,0.315357,1.347086E-09,2.174196,3.011053
12.28341,0.3250015,1.156788E-09,2.174168,3.009457
12.30009,0.3327396,1.024096E-09,2.174546,3.008663
12.31641,0.3399984,8.794264E-10,2.175051,3.006909
12.33327,0.3469449,7.325376E-10,2.175338,3.005232
12.34955,0.3501278,6.485102E-10,2.175291,3.003485
12.36611,0.3543477,5.568978E-10,2.175656,3.001862
12.38297,0.3552698,4.930176E-10,2.17588,3.000502
12.39925,0.3555952,4.23371E-10,2.17618,2.999249
12.41581,0.3558182,3.748074E-10,2.176327,2.998479
12.43238,0.35611,3.218598E-10,2.176846,2.997281
12.44895,0.3566156,2.76392E-10,2.177026,2.995953
12.46551,0.3575861,2.446878E-10,2.177667,2.995261
12.48208,0.3579271,2.101218E-10,2.17941,2.994809
12.49869,0.3587562,1.860193E-10,2.18035,2.994539
12.51534,0.3612006,1.597411E-10,2.181431,2.994437
12.53233,0.3619533,1.414176E-10,2.182414,2.994237
12.54835,0.362508,1.214401E-10,2.183486,2.992791
12.56492,0.3632918,1.042848E-10,2.184406,2.991558
12.58148,0.3632399,9.232257E-11,2.184748,2.990806
12.59818,0.3630306,7.928053E-11,2.186354,2.989579
12.61488,0.3620829,7.018648E-11,2.186773,2.98819
12.63118,0.3609493,6.027152E-11,2.187246,2.986733
12.64808,0.3591372,5.175721E-11,2.187618,2.986382
12.66432,0.3551949,4.582029E-11,2.188156,2.98565
12.68119,0.349923,3.934744E-11,2.18869,2.985133
12.69745,0.3453523,3.4834E-11,2.18884,2.984844
12.71402,0.339185,2.991314E-11,2.189004,2.985273
12.73058,0.3317667,2.491681E-11,2.188879,2.985173
12.74722,0.326958,2.205868E-11,2.189008,2.984862
12.76415,0.3197768,1.894254E-11,2.189148,2.984475
12.78028,0.3140404,1.676969E-11,2.188946,2.983962
12.79685,0.3078102,1.440071E-11,2.189095,2.98311
12.81341,0.3019296,1.236638E-11,2.18948,2.982397
12.83018,0.297967,1.094787E-11,2.190686,2.981249
12.84655,0.2931859,9.401304E-12,2.19172,2.980191
12.86312,0.2899702,8.322907E-12,2.19267,2.979604
12.87968,0.286019,7.147162E-12,2.193705,2.979386
12.89635,0.2833254,6.327331E-12,2.194427,2.97943
12.91282,0.2792087,5.433495E-12,2.195215,2.97898
12.92938,0.2753912,4.665927E-12,2.195891,2.977712
12.9465,0.2733519,4.130711E-12,2.196662,2.977101
12.96251,0.2692481,3.547182E-12,2.197442,2.976637
12.97917,0.2670492,3.140295E-12,2.197453,2.976176
12.99567,0.2646146,2.696678E-12,2.198387,2.975594
13.01222,0.26255,2.315729E-12,2.199181,2.975352
13.02878,0.2602805,2.050099E-12,2.199275,2.975338
13.04584,0.2579724,1.76049E-12,2.199668,2.974884
13.06191,0.2573579,1.558549E-12,2.199997,2.974906
13.0787,0.2561716,1.298227E-12,2.200297,2.97466
13.0953,0.2550175,1.114832E-12,2.201385,2.974866
13.11162,0.2544332,9.86953E-13,2.201809,2.974881
13.12866,0.2529765,8.475302E-13,2.202393,2.975578
13.14475,0.2517965,7.503124E-13,2.202674,2.975829
13.16134,0.2509607,6.443187E-13,2.203144,2.975562
13.17797,0.250525,5.532985E-13,2.202974,2.975324
13.19445,0.2484791,4.898312E-13,2.20348,2.97586
13.21172,0.2478119,4.206347E-13,2.204401,2.975924
13.22791,0.2474891,3.723849E-13,2.204761,2.975818
13.24415,0.2467058,3.197796E-13,2.20491,2.976125
13.26169,0.2459715,2.830985E-13,2.20522,2.976288
13.27728,0.2453758,2.431063E-13,2.205056,2.976512
13.29409,0.2451642,2.087637E-13,2.20489,2.976457
13.31041,0.2442634,1.84817E-13,2.204303,2.976589
13.32734,0.2424963,1.587086E-13,2.203677,2.976789
13.34355,0.2413539,1.405036E-13,2.203555,2.977431
13.36011,0.23975,1.206552E-13,2.203053,2.978085
13.37669,0.2383642,1.036107E-13,2.202091,2.978355
13.39344,0.2373963,9.172584E-14,2.201851,2.979092
13.40987,0.2360859,7.87681E-14,2.201589,2.979811
13.42638,0.2345235,6.973283E-14,2.201416,2.97985
13.44306,0.2338845,5.988195E-14,2.200625,2.980145
13.45951,0.2331651,5.301306E-14,2.201109,2.980411
13.47608,0.2326198,4.41584E-14,2.202329,2.980077
13.49265,0.2316936,3.792032E-14,2.203412,2.980066
13.50933,0.2312343,3.357059E-14,2.203595,2.980332
13.52584,0.2307943,2.88282E-14,2.2045,2.979728
13.54235,0.2304122,2.55214E-14,2.204848,2.980033
13.55891,0.2300627,2.191609E-14,2.205576,2.98002
13.57551,0.229806,1.88201E-14,2.206201,2.980017
13.59205,0.229811,1.66613E-14,2.206363,2.980033
13.60861,0.2298377,1.430762E-14,2.206603,2.97919
13.62518,0.2292653,1.266644E-14,2.206702,2.978983
13.64175,0.2288043,1.08771E-14,2.207168,2.978871
13.65831,0.2286738,9.340537E-15,2.206995,2.977909
13.67513,0.2285349,8.269111E-15,2.20704,2.977866
13.69145,0.2281681,7.100967E-15,2.207458,2.977046
13.70801,0.2277872,6.286435E-15,2.207449,2.975964
13.72458,0.2283736,5.398376E-15,2.20781,2.975652
13.74118,0.2276869,4.779143E-15,2.208344,2.975586
13.75771,0.2271833,4.104013E-15,2.208877,2.975062
13.77428,0.2269989,3.524255E-15,2.209327,2.974612
13.79093,0.2270784,3.119998E-15,2.21026,2.974101
13.80776,0.2271921,2.679248E-15,2.210797,2.973521
13.82407,0.2275142,2.371919E-15,2.211579,2.973118
13.84055,0.2281821,2.036848E-15,2.212212,2.972669
13.8576,0.2293009,1.696637E-15,2.213213,2.97283
13.87368,0.2302637,1.502021E-15,2.213435,2.974826
13.89063,0.2319301,1.289836E-15,2.214663,2.980069
13.90681,0.2351761,1.141883E-15,2.216722,2.984384
13.9234,0.2392916,9.805737E-16,2.221783,2.989415
13.93995,0.2441685,8.42052E-16,2.231506,2.996553
13.95651,0.2482964,7.454626E-16,2.243139,3.001828
13.97308,0.2542142,6.401541E-16,2.263971,3.007777
13.98983,0.2623603,5.667239E-16,2.285414,3.012029
14.00622,0.2753752,4.866651E-16,2.320087,3.01622
14.02278,0.2899157,4.179159E-16,2.358028,3.012061
14.03935,0.3022961,3.699779E-16,2.390143,3.001766
14.05635,0.3276148,3.177126E-16,2.43032,2.986747
14.07248,0.3557962,2.812687E-16,2.460107,2.972465
14.08912,0.3983514,2.41535E-16,2.4923,2.951466
14.10614,0.4361291,2.138292E-16,2.515321,2.934392
14.12218,0.4902643,1.836224E-16,2.546556,2.920031
14.13875,0.5569305,1.576828E-16,2.579885,2.916962
14.15531,0.6111683,0.004155,2.606572,2.915017
14.17203,0.6765761,0.02169244,2.637313,2.91608
14.18872,0.719632,0.04047712,2.657978,2.919415
14.20519,0.7662923,0.07015426,2.683069,2.924558
14.22158,0.7909936,0.08527802,2.697585,2.928152
14.23815,0.7991567,0.08947355,2.706147,2.931531
14.25488,0.7989073,0.0811663,2.711708,2.93903
14.27128,0.7932449,0.07185593,2.711186,2.950673
14.28785,0.7874014,0.06170513,2.704126,2.97187
14.30441,0.7878638,0.0529883,2.687841,2.998277
14.32125,0.7938352,0.04691016,2.666481,3.023497
14.33755,0.7971887,0.04028335,2.628091,3.060718
14.35411,0.7957474,0.03566257,2.590643,3.094252
14.37079,0.7932488,0.03062466,2.537846,3.138943
14.38725,0.7870706,0.02711179,2.494187,3.174623
14.40381,0.771028,0.02328182,2.444726,3.210605
14.42038,0.7579903,0.01999289,2.40399,3.230415
14.43695,0.7519117,0.01769956,2.376285,3.234269
14.45435,0.7376506,0.01519922,2.34169,3.229924
14.47008,0.7165773,0.01345576,2.313649,3.225036
14.48665,0.6842358,0.01155492,2.280643,3.212964
14.50322,0.655658,0.009922598,2.252007,3.201244
14.51978,0.6357998,0.008784406,2.232312,3.192198
14.53635,0.6131741,0.007543467,2.211934,3.178
14.55305,0.5947307,0.006678178,2.197383,3.168188
14.56948,0.5722988,0.005734778,2.182761,3.158316
14.58626,0.5447987,0.00477691,2.16672,3.152465
14.60271,0.5270422,0.004228964,2.157646,3.148185
14.61918,0.5071433,0.003631556,2.14809,3.146489
14.63575,0.4940147,0.00321499,2.141982,3.146045
14.65232,0.4792783,0.002760822,2.135213,3.145482
14.66935,0.4672574,0.002370812,2.131129,3.146994
14.6855,0.4604157,0.002098863,2.131017,3.148786
14.70202,0.455246,0.001802365,2.132286,3.15097
14.71858,0.4523501,0.001595621,2.132897,3.152006
14.75526,0.4424576,0.00114135,2.134616,3.151961
14.77223,0.4392996,0.001010429,2.135824,3.150589
14.78839,0.4371732,0.0008676897,2.137288,3.149067
14.80496,0.4366588,0.0007681594,2.139319,3.146607
14.82152,0.4371231,0.0006596447,2.142832,3.142266
14.83814,0.4363907,0.0005664593,2.14667,3.136004
14.85542,0.434228,0.0005014823,2.149346,3.131009
14.87123,0.4322093,0.0004306399,2.152264,3.125516
14.88794,0.4298916,0.0003812425,2.154572,3.120295
14.90439,0.4284766,0.0003273858,2.157307,3.114012
14.92111,0.4263487,0.0002898323,2.159045,3.10809
14.9381,0.4242609,0.0002488889,2.162031,3.100971
14.95406,0.420782,0.0002137294,2.164569,3.093771
14.97073,0.4163865,0.0001892131,2.166039,3.089332
14.98719,0.4109209,0.0001624837,2.167155,3.084041
15.00383,0.4070656,0.0001438457,2.167755,3.080693
15.02056,0.4020296,0.0001198194,2.168927,3.075566
15.03689,0.3958102,0.000102893,2.169917,3.072555
15.05376,0.3910848,9.109044E-05,2.169927,3.069968
15.07002,0.3869592,7.822247E-05,2.170237,3.067147
15.08659,0.3824374,6.924979E-05,2.17021,3.065171
15.10316,0.3783683,5.946715E-05,2.169914,3.063028
15.11975,0.3749087,5.106646E-05,2.169927,3.061453
15.13629,0.3723338,4.520877E-05,2.169635,3.060139
15.15327,0.3688711,3.882231E-05,2.169687,3.057859
15.16942,0.3667065,3.436911E-05,2.169723,3.056358
15.18599,0.363216,2.951393E-05,2.169762,3.054313
15.20256,0.3605358,2.612846E-05,2.17008,3.052971
15.21961,0.3581996,2.24374E-05,2.170369,3.051138
15.23569,0.3559109,1.926776E-05,2.170899,3.049839
15.25226,0.3549591,1.705761E-05,2.171943,3.04901
15.26901,0.3528281,1.464795E-05,2.17226,3.047437
15.28549,0.3516476,1.296772E-05,2.172857,3.046584
15.30264,0.3505755,1.113583E-05,2.173866,3.045363
15.31859,0.3493299,9.562712E-06,2.175606,3.044323
15.33523,0.3482597,8.4658E-06,2.17611,3.042954
15.35166,0.3459458,7.269871E-06,2.176925,3.041707
15.36822,0.3444167,6.435965E-06,2.17726,3.040364
15.38479,0.3423457,5.526782E-06,2.177356,3.038865
15.40143,0.3400175,4.603655E-06,2.178389,3.037658
15.41792,0.3385947,4.075583E-06,2.178839,3.037371
15.43449,0.3373546,3.499841E-06,2.178694,3.034917
15.4514,0.337949,3.098384E-06,2.178544,3.033206
15.46762,0.337965,2.660688E-06,2.179862,3.031031
15.48421,0.3376705,2.284823E-06,2.181294,3.029217
15.50076,0.3373377,2.022738E-06,2.18171,3.027013
15.51732,0.336284,1.736994E-06,2.182025,3.024592
15.53425,0.3361457,1.537748E-06,2.18264,3.022327
15.55046,0.3360902,1.320517E-06,2.183979,3.019438
15.56724,0.3374119,1.169044E-06,2.185526,3.016908
15.58367,0.3397383,1.003898E-06,2.187571,3.013098
15.60016,0.3428821,8.620811E-07,2.189908,3.009244
15.61672,0.3471221,7.631942E-07,2.191921,3.006746
15.6333,0.3497711,6.553808E-07,2.193628,3.003798
15.65029,0.3515011,5.80204E-07,2.19495,3.00135
15.66642,0.3541405,4.982409E-07,2.196802,3.000004
15.68299,0.3558238,4.278564E-07,2.198102,2.997769
15.69963,0.3554299,3.787782E-07,2.198884,2.99603
15.71612,0.3552538,3.252697E-07,2.199915,2.993766
15.73325,0.3556494,2.793202E-07,2.200509,2.992369
15.74926,0.3555747,2.472802E-07,2.201598,2.99125
15.76582,0.355644,2.123479E-07,2.202528,2.989661
15.78254,0.3556938,1.823503E-07,2.203583,2.98857
15.79896,0.3549231,1.565905E-07,2.20449,2.98765
15.81553,0.3543674,1.386284E-07,2.205713,2.986772
15.8323,0.3548808,1.190449E-07,2.206045,2.98555
15.84865,0.3552292,1.053896E-07,2.206789,2.985487
15.86522,0.3573158,9.050166E-08,2.208082,2.984721
15.88179,0.3588333,7.771686E-08,2.208936,2.98408
15.89835,0.3598142,6.880217E-08,2.209931,2.983894
15.91527,0.3612793,5.908277E-08,2.210771,2.983644
15.93149,0.3625529,5.230555E-08,2.211539,2.982944
15.94807,0.3650176,4.491655E-08,2.212734,2.982228
15.96471,0.3651394,3.857137E-08,2.212622,2.981905
15.98144,0.3654147,3.414696E-08,2.213186,2.980839
15.99824,0.3643498,2.932316E-08,2.214149,2.979847
16.01443,0.363277,2.595958E-08,2.21482,2.9796
16.03103,0.3613848,2.229237E-08,2.215551,2.9791
16.04778,0.3598051,1.973528E-08,2.215771,2.979469
16.06403,0.3575811,1.694736E-08,2.215786,2.979561
16.08066,0.3556631,1.455328E-08,2.216381,2.979632
16.09756,0.3547397,1.288391E-08,2.216249,2.979674
16.11372,0.3523919,1.106385E-08,2.216206,2.979994
16.13058,0.3497989,9.215878E-09,2.215467,2.98056
16.14685,0.3481188,8.15875E-09,2.215414,2.980496
16.16342,0.3463719,7.006196E-09,2.216062,2.980692
16.17999,0.3453672,6.202534E-09,2.216223,2.980903
16.19656,0.3437873,5.326327E-09,2.216208,2.980776
16.21358,0.3430791,4.715359E-09,2.215805,2.98126
16.22969,0.341822,4.04924E-09,2.215267,2.981638
16.2463,0.340152,3.47722E-09,2.214771,2.981432
16.26317,0.3384055,3.078358E-09,2.213676,2.981268
16.27961,0.3366705,2.643491E-09,2.213439,2.981363
16.29638,0.3344932,2.340263E-09,2.212771,2.981507
16.31252,0.332137,2.009664E-09,2.212106,2.981028
16.32909,0.330414,1.725767E-09,2.211252,2.980883
16.34565,0.3292456,1.527809E-09,2.211108,2.981064
16.36301,0.3279567,1.311981E-09,2.210952,2.980939
16.379,0.326744,1.161488E-09,2.211134,2.98055
16.39536,0.3266823,9.97409E-10,2.210674,2.979907
16.41205,0.3259423,8.829991E-10,2.210597,2.979052
16.42849,0.3245029,7.582613E-10,2.21023,2.978305
16.44528,0.32444,6.511448E-10,2.209915,2.977714
16.46169,0.3230662,5.764539E-10,2.209069,2.977411
16.47819,0.3225978,4.950206E-10,2.20837,2.976646
16.49483,0.3228736,4.382382E-10,2.207966,2.975867
16.51134,0.3222275,3.7633E-10,2.207988,2.975303
16.52789,0.3215817,3.134724E-10,2.208323,2.974718
16.54466,0.3210913,2.775148E-10,2.208516,2.974176
16.56102,0.3209548,2.383114E-10,2.208725,2.973312
16.57761,0.3196897,2.109754E-10,2.208298,2.973497
16.59415,0.3185775,1.811717E-10,2.208273,2.971591
16.61072,0.3179224,1.555783E-10,2.208517,2.97051
16.62729,0.3161575,1.377324E-10,2.209252,2.969596
16.64385,0.3155965,1.182755E-10,2.210505,2.967967
16.66044,0.3149545,1.047084E-10,2.21043,2.967327
16.67698,0.3145882,8.991669E-11,2.210925,2.966883
16.69355,0.3143447,7.96026E-11,2.211966,2.966667
16.71035,0.3145957,6.835746E-11,2.212562,2.965991
16.72668,0.3139547,5.870088E-11,2.212774,2.965692
16.74325,0.3132273,5.196747E-11,2.213329,2.965639
16.75982,0.3121981,4.462623E-11,2.212893,2.964843
16.77663,0.3122198,3.950728E-11,2.212852,2.964843
16.79332,0.3113414,3.392625E-11,2.213023,2.964459
16.80951,0.3108691,2.913363E-11,2.212887,2.963829
16.82613,0.3102046,2.579179E-11,2.212847,2.96339
16.84265,0.3093453,2.214829E-11,2.212993,2.962893
16.85929,0.3088466,1.960772E-11,2.21295,2.962561
16.87578,0.3089918,1.683781E-11,2.212525,2.962191
16.89235,0.3088435,1.445921E-11,2.212708,2.962446
16.90895,0.3075947,1.241661E-11,2.212334,2.962401
16.92618,0.3062131,1.066257E-11,2.212561,2.962079
16.94266,0.3052182,9.439494E-12,2.212841,2.96184
16.95862,0.3042072,8.106015E-12,2.212996,2.96158
16.97519,0.3035957,6.960911E-12,2.212299,2.961657
16.99175,0.3026272,6.162445E-12,2.212036,2.961749
17.0087,0.3014343,5.291901E-12,2.211448,2.961784
17.02488,0.3007137,4.684882E-12,2.211282,2.961288
17.04145,0.3008607,4.023068E-12,2.211366,2.961672
17.05837,0.3010443,3.561593E-12,2.211483,2.962062
17.07458,0.3014449,3.058461E-12,2.210983,2.962362
17.09115,0.3000675,2.626405E-12,2.210844,2.962028
17.10772,0.299786,2.325137E-12,2.210456,2.96207
17.1247,0.299834,1.996674E-12,2.210692,2.962095
17.14113,0.2998358,1.767641E-12,2.210613,2.961563
17.15759,0.2995423,1.517934E-12,2.2111,2.961616
17.17399,0.2996413,1.303501E-12,2.211792,2.961679
17.19055,0.3002476,1.153981E-12,2.212134,2.961186
17.20712,0.3010604,9.909623E-13,2.212407,2.960145
17.22369,0.301256,8.772919E-13,2.212421,2.95982
17.24025,0.3008137,7.533604E-13,2.213192,2.959846
17.25682,0.3009765,6.669445E-13,2.212852,2.959572
17.27353,0.301961,5.555461E-13,2.21295,2.958513
17.28995,0.3025655,4.770663E-13,2.212499,2.958167
17.30652,0.3016892,4.223433E-13,2.212221,2.957804
17.32309,0.3017506,3.626806E-13,2.21278,2.957541
17.33965,0.3006898,3.114462E-13,2.212671,2.957015
17.35655,0.3000287,2.75721E-13,2.21322,2.957066
17.37279,0.2988866,2.36771E-13,2.212483,2.956068
17.3898,0.2987233,2.096117E-13,2.212481,2.955937
17.40612,0.298356,1.800007E-13,2.212977,2.955398
17.42249,0.2976446,1.593533E-13,2.213509,2.955343
17.43905,0.2988252,1.368421E-13,2.213022,2.955145
17.45562,0.2990091,1.17511E-13,2.213708,2.954709
17.47219,0.297949,1.040316E-13,2.213865,2.954169
17.48928,0.2973568,8.933551E-14,2.214449,2.953846
17.50532,0.2959219,7.908808E-14,2.215086,2.953978
17.52189,0.2953591,6.791562E-14,2.214932,2.953698
17.53845,0.2953182,6.012522E-14,2.215514,2.953839
17.55528,0.2951484,5.163157E-14,2.216148,2.953587
17.57159,0.295817,4.433779E-14,2.216401,2.951942
17.58877,0.2955259,3.807437E-14,2.216909,2.950521
17.60472,0.294892,3.370696E-14,2.216973,2.950144
17.62144,0.2943309,2.984054E-14,2.217594,2.94928
17.63785,0.2939409,2.485633E-14,2.217996,2.947996
17.65459,0.293632,2.134498E-14,2.217706,2.947132
17.67099,0.2934715,1.889656E-14,2.217969,2.946048
17.68806,0.2932644,1.622712E-14,2.219121,2.945485
17.70412,0.294037,1.436575E-14,2.21953,2.944565
17.7207,0.2943482,1.233636E-14,2.219613,2.943321
17.73725,0.296577,1.059365E-14,2.220258,2.942004
17.75382,0.3010022,9.378483E-15,2.221102,2.940327
17.77076,0.3076501,8.053621E-15,2.222881,2.937695
17.78741,0.3142545,7.129813E-15,2.224844,2.935118
17.80355,0.3238334,6.122613E-15,2.228133,2.930713
17.82034,0.3368968,5.257696E-15,2.234099,2.924362
17.83682,0.3478936,4.6546E-15,2.24082,2.919256
17.85322,0.3631738,3.997063E-15,2.253504,2.913488
17.86979,0.3730895,3.538571E-15,2.266037,2.913132
17.88635,0.3831065,3.038692E-15,2.284474,2.918939
17.90293,0.388477,2.690132E-15,2.302949,2.920438
17.91949,0.3928518,2.310108E-15,2.333483,2.913741
17.93633,0.3981427,1.983768E-15,2.370397,2.899555
17.95262,0.404135,1.756216E-15,2.40194,2.885216
17.96919,0.419441,1.508122E-15,2.440989,2.862937
17.98575,0.4396487,1.33513E-15,2.4713,2.843621
18.00232,0.4674982,1.146522E-15,2.508188,2.819095
18.01889,0.5102876,9.550203E-16,2.552053,2.802224
18.03545,0.5473303,8.454727E-16,2.580529,2.796234
18.05245,0.5929126,0.003758414,2.612937,2.790858
18.06859,0.6220767,0.01166527,2.633778,2.7882
18.08539,0.6516097,0.02049698,2.653243,2.78563
18.10172,0.6684529,0.02569907,2.668563,2.784834
18.11864,0.6746395,0.02413715,2.674411,2.788946
18.13485,0.6761675,0.02072739,2.671972,2.806571
18.15142,0.6745868,0.01834981,2.661917,2.835172
18.16799,0.6748193,0.01575761,2.638615,2.886147
18.1846,0.6712274,0.0135316,2.607912,2.94908
18.20156,0.6653334,0.01197942,2.581152,3.00607
18.21769,0.6560781,0.01028714,2.545056,3.079912
18.23425,0.6514098,0.00910713,2.515782,3.135282
18.25087,0.6517924,0.007820602,2.481036,3.193516
18.26739,0.6527249,0.006923522,2.455382,3.230349
18.28406,0.6497537,0.005945464,2.426394,3.266455
18.30062,0.6406006,0.005105572,2.399711,3.296622
18.31709,0.629617,0.004519926,2.378515,3.317348
18.33365,0.6158702,0.003881415,2.354135,3.337782
18.3504,0.6065496,0.003436189,2.337311,3.350345
18.36718,0.5937213,0.002862249,2.315242,3.361845
18.38335,0.5830414,0.00245791,2.301531,3.363185
18.39995,0.5770005,0.002175971,2.293643,3.357914
18.41649,0.5714993,0.00186858,2.284986,3.347729
18.43356,0.5701802,0.00165424,2.280135,3.338778
18.44962,0.5676035,0.001420553,2.275304,3.325885
18.46626,0.5639524,0.001219877,2.272603,3.311715
18.48351,0.5620604,0.001079948,2.271466,3.296854
18.5,0.56123,0.0009273882,2.271259,3.274618
18.51589,0.5596768,0.0008210102,2.271114,3.254271
18.53307,0.5579921,0.0007050293,2.271257,3.229593
18.54902,0.5564933,0.0006241575,2.271113,3.209839
18.56559,0.5544631,0.0005359853,2.271512,3.186112
18.58215,0.5524023,0.0004602688,2.272171,3.16429
18.59872,0.5506881,0.0004074727,2.272505,3.147721
18.61554,0.5483566,0.0003499106,2.273855,3.126844
18.63185,0.5465594,0.0003097733,2.276007,3.110556
18.64898,0.5462151,0.0002660129,2.277993,3.091213
18.66507,0.5462009,0.0002284343,2.28051,3.072377
18.68204,0.5446076,0.0002022313,2.282155,3.058896
18.69849,0.5413969,0.0001736629,2.283554,3.042922
18.71469,0.5375388,0.0001537425,2.283729,3.031672
18.73186,0.5317835,0.0001280632,2.285624,3.016642
18.74811,0.5272673,0.0001099722,2.286815,3.004403
18.76439,0.5241396,9.735762E-05,2.287436,2.995851
18.78095,0.5187857,8.36043E-05,2.289211,2.986018
18.79752,0.5140457,7.401429E-05,2.290722,2.978145
18.81428,0.50897,6.355859E-05,2.291459,2.968792
18.83148,0.5043979,5.457992E-05,2.292375,2.959595
18.84722,0.5033376,4.831921E-05,2.29384,2.951912
18.86413,0.504887,4.149335E-05,2.296696,2.941163
18.88035,0.5095319,3.673376E-05,2.300243,2.932691
18.89692,0.5181518,3.154454E-05,2.306458,2.92071
18.91349,0.5269837,2.792615E-05,2.3129,2.909688
18.93005,0.5398843,2.398113E-05,2.322405,2.893567
18.94662,0.5512453,2.059342E-05,2.334591,2.874647
18.96339,0.5608524,1.82312E-05,2.347882,2.858302
18.97975,0.5757573,1.565575E-05,2.367719,2.83385
18.99646,0.5885794,1.385993E-05,2.383766,2.812736
19.01329,0.6037977,1.190199E-05,2.401599,2.786065
19.02945,0.6176444,1.022064E-05,2.414892,2.762606
19.04602,0.6262264,9.048263E-06,2.421795,2.747112
19.06336,0.6360669,7.770052E-06,2.428041,2.729156
19.08005,0.6433599,6.672408E-06,2.432264,2.714327
19.09632,0.6485367,5.729823E-06,2.433905,2.70268
19.11229,0.6512756,5.229455E-06,2.43472,2.696924
19.12885,0.6552818,4.490711E-06,2.434309,2.685749
19.14556,0.6596837,3.740636E-06,2.434113,2.673362
19.16199,0.6614231,3.311559E-06,2.43335,2.66522
19.17855,0.6600666,2.843748E-06,2.431439,2.654568
19.19512,0.6586119,2.51755E-06,2.430127,2.645997
19.21169,0.6531656,2.161906E-06,2.426992,2.634388
19.22826,0.645304,1.856502E-06,2.424292,2.623306
19.24513,0.6375047,1.643548E-06,2.421505,2.613159
19.26139,0.6308379,1.41137E-06,2.418176,2.598809
19.27819,0.6319761,1.249476E-06,2.414944,2.587784
19.29452,0.6391037,1.072968E-06,2.410547,2.577403
19.31128,0.6551381,9.213938E-07,2.405658,2.573892
19.32766,0.6747796,8.157033E-07,2.401268,2.57723
19.34422,0.7103548,7.004721E-07,2.395977,2.590755
19.36154,0.7352153,6.201229E-07,2.391568,2.60244
19.37735,0.7787547,5.325207E-07,2.386809,2.618242
19.39443,0.8500034,4.714367E-07,2.384043,2.632235
19.41088,1.109237,4.048388E-07,2.38235,2.650849
19.42705,1.428802,3.476489E-07,2.381727,2.668537
19.44362,1.777126,3.07771E-07,2.380955,2.681049
19.46019,2.021716,2.642934E-07,2.380555,2.696166
19.47675,2.210522,2.339771E-07,2.379045,2.708651
19.49332,2.49575,2.009241E-07,2.377485,2.721846
19.50991,2.799857,1.673641E-07,2.376808,2.734062
19.52645,2.96893,1.481663E-07,2.375745,2.740479
19.54302,3.117005,1.272354E-07,2.374616,2.747191
19.55966,3.20741,1.126406E-07,2.373814,2.750954
19.57626,3.388795,9.672833E-08,2.373001,2.755589
19.59272,3.611053,8.30639E-08,2.372295,2.75789
19.60957,3.765505,7.353588E-08,2.372031,2.758423
19.62585,3.933964,6.314776E-08,2.370614,2.756959
19.64242,3.842298,5.590426E-08,2.369097,2.755844
19.65899,3.718685,4.800689E-08,2.367812,2.755318
19.67555,3.583507,4.122515E-08,2.366709,2.752863
19.69212,3.438399,3.649633E-08,2.365665,2.751662
19.70871,3.283867,3.134064E-08,2.364018,2.750579
19.72569,3.181669,2.774565E-08,2.362392,2.749948
19.74208,3.027468,2.382613E-08,2.359769,2.749391
19.75839,2.918036,2.10931E-08,2.358057,2.750043
19.77555,2.805961,1.811336E-08,2.356054,2.752623
19.79152,2.718178,1.555456E-08,2.353187,2.755642
19.80809,2.669494,1.377034E-08,2.351092,2.759009
19.82487,2.623365,1.182506E-08,2.348643,2.763105
19.84122,2.589679,1.046864E-08,2.347351,2.765616
19.85779,2.556314,8.989779E-09,2.345474,2.769626
19.87436,2.528163,7.719829E-09,2.343562,2.77336
19.89148,2.51595,6.62928E-09,2.340807,2.776841
19.90805,2.524513,5.692788E-09,2.33898,2.779531
19.92405,2.578756,5.039785E-09,2.33795,2.78187
19.94062,2.653096,4.327835E-09,2.335962,2.784431
19.9572,2.656588,3.716458E-09,2.333955,2.78723
19.97375,2.642193,3.290154E-09,2.331772,2.789286
19.99032,2.617533,2.825367E-09,2.32927,2.792195
20.00689,2.594857,2.501277E-09,2.327094,2.794802
20.02345,2.569308,2.147932E-09,2.32497,2.796623
20.04057,2.55279,1.901548E-09,2.324109,2.797584
20.05675,2.54477,1.632924E-09,2.322956,2.797386
20.07329,2.590132,1.402248E-09,2.321126,2.797447
20.09033,2.649534,1.2414E-09,2.319576,2.796575
20.10639,2.734276,1.066032E-09,2.318223,2.795663
20.12285,2.793076,9.437505E-10,2.316723,2.795014
20.13956,2.747299,8.104307E-10,2.315483,2.794023
20.15599,2.70245,6.959444E-10,2.314143,2.793463
20.17286,2.66947,6.161146E-10,2.312221,2.792192
20.18912,2.653699,5.290786E-10,2.31076,2.791874
20.20636,2.752108,4.543378E-10,2.30954,2.79303
20.22238,2.857179,4.02222E-10,2.308446,2.793847
20.23882,2.883987,3.560842E-10,2.307204,2.794553
20.25539,2.881699,2.966082E-10,2.306001,2.795985
20.27196,2.952,2.547076E-10,2.305453,2.797134
20.28871,3.010906,2.254908E-10,2.305128,2.797463
20.30539,3.078448,1.936366E-10,2.305277,2.798669
20.3217,3.157627,1.662824E-10,2.305096,2.799996
20.33822,3.138235,1.472086E-10,2.305376,2.800887
20.35479,3.11386,1.26413E-10,2.305764,2.801902
20.37135,3.087326,1.119125E-10,2.305959,2.803113
20.38839,3.054057,9.610311E-11,2.307077,2.804686
20.40449,3.045252,8.507939E-11,2.307413,2.805295
20.42115,3.052934,7.306056E-11,2.307778,2.806225
20.43762,3.015581,6.273959E-11,2.308109,2.806802
20.45419,3.015563,5.554291E-11,2.308899,2.806313
20.47089,3.029363,4.769659E-11,2.30932,2.805687
20.48732,3.036001,4.222545E-11,2.309672,2.806199
20.50439,3.034231,3.626043E-11,2.309983,2.806719
20.52046,3.034785,3.113806E-11,2.309429,2.807448
20.53703,3.026755,2.75663E-11,2.309495,2.80774
20.55359,3.031051,2.367212E-11,2.309566,2.807503
20.57075,3.005704,2.095676E-11,2.309616,2.807481
20.58673,2.978955,1.799629E-11,2.309097,2.807837
20.60329,2.965965,1.593198E-11,2.309201,2.807512
20.61991,2.945333,1.368133E-11,2.308758,2.806742
20.63642,2.956474,1.139617E-11,2.308965,2.806147
20.65313,2.961565,1.008895E-11,2.309084,2.806015
20.66956,2.961423,8.663722E-12,2.308922,2.806578
20.68627,2.935,7.439833E-12,2.309657,2.807618
20.70345,2.913047,6.58643E-12,2.310552,2.808448
20.71942,2.886464,5.655992E-12,2.311605,2.810371
20.73623,2.883789,5.007209E-12,2.313159,2.813496
20.75239,2.844857,4.299861E-12,2.315256,2.818105
20.76896,2.792787,3.806636E-12,2.31723,2.821216
20.78575,2.736453,3.268888E-12,2.319308,2.825008
20.80242,2.715727,2.807105E-12,2.322231,2.82966
20.81866,2.697948,2.48511E-12,2.323114,2.83314
20.83522,2.657755,2.134049E-12,2.324968,2.837517
20.85179,2.693017,1.889258E-12,2.326666,2.840652
20.86836,2.697486,1.62237E-12,2.327976,2.844532
20.88492,2.655671,1.393184E-12,2.327405,2.848429
20.90195,2.605137,1.233376E-12,2.325682,2.850048
20.91806,2.533368,1.059142E-12,2.321447,2.853431
20.93462,2.515676,9.376507E-13,2.314928,2.856796
20.95162,2.468897,8.051926E-13,2.301749,2.861427
20.96776,2.411114,7.128312E-13,2.29178,2.864422
20.98433,2.36708,6.121325E-13,2.277958,2.872633
21.00089,2.374499,5.256589E-13,2.264403,2.878716
21.0176,2.387094,4.514012E-13,2.251333,2.884796
21.03402,2.382412,3.876336E-13,2.239843,2.888896
21.05066,2.394403,3.431692E-13,2.231558,2.89159
21.06716,2.366802,2.94691E-13,2.222596,2.893874
21.08386,2.331046,2.530612E-13,2.214584,2.893549
21.10029,2.299683,2.240333E-13,2.208323,2.890283
