21.12099,2.547218,3.415927,2.360865,2.391512
0.01653198,1.085421,3.272808,1.855717,3.580259
0.03309907,1.084047,3.272994,1.854053,3.580222
0.04966592,1.079759,3.273427,1.852068,3.581295
0.06623472,1.073187,3.273325,1.850119,3.582294
0.08306536,1.060056,3.273591,1.847572,3.583838
0.09936573,1.047873,3.272802,1.84622,3.583562
0.1159343,1.037493,3.273345,1.845507,3.582844
0.1324987,1.023129,3.272881,1.844447,3.581587
0.1490655,1.011282,3.272841,1.843919,3.579958
0.1656351,0.9972227,3.271849,1.843366,3.578252
0.1822282,0.9863528,3.270207,1.842962,3.576158
0.1992278,0.9738541,3.268475,1.842252,3.573045
0.2153344,0.9625301,3.266987,1.842773,3.570071
0.2319015,0.9550836,3.265885,1.84272,3.568033
0.2486646,0.9467199,3.264497,1.842319,3.564647
0.2652268,0.9401876,3.263407,1.842617,3.56182
0.281601,0.933697,3.262361,1.842573,3.559576
0.2981657,0.9283629,3.261761,1.842175,3.557958
0.3150149,0.9245357,3.261259,1.841926,3.557045
0.3318372,0.919948,3.260781,1.841397,3.556315
0.3480462,0.9162304,3.260692,1.842093,3.555882
0.3644348,0.9122428,3.260294,1.841532,3.55559
0.3810014,0.9096913,3.259969,1.841938,3.555505
0.3977024,0.9055314,3.259974,1.842521,3.555018
0.4141322,0.9036461,3.260003,1.842995,3.554318
0.4309306,0.9023718,3.260003,1.843251,3.554388
0.4472678,0.9012318,3.25972,1.843913,3.554898
0.4638347,0.9013494,3.259211,1.843952,3.55591
0.4804005,0.9034534,3.25904,1.844267,3.556788
0.4969679,0.9080678,3.259449,1.844521,3.558937
0.5135323,0.913204,3.258913,1.845149,3.560788
0.5302037,0.920945,3.258801,1.845834,3.562089
0.546666,0.9280185,3.258356,1.845739,3.563835
0.5632331,0.9368,3.257422,1.845767,3.565536
0.5798011,0.9445978,3.257513,1.846365,3.567323
0.596368,0.9503881,3.257524,1.846508,3.568194
0.6131265,0.9571222,3.257865,1.846445,3.569014
0.630122,0.9623401,3.25811,1.846279,3.56971
0.6460657,0.9679514,3.258677,1.846531,3.57005
0.6626344,0.9722009,3.258829,1.846638,3.571183
0.6792832,0.9772668,3.258729,1.847113,3.571016
0.6957681,0.9813343,3.258635,1.847255,3.571172
0.7123347,0.9851958,3.258492,1.84757,3.570447
0.7289008,0.989573,3.258713,1.847913,3.570375
0.7454684,0.9930719,3.258296,1.847853,3.57005
0.7620347,0.9971325,3.257989,1.848156,3.56917
0.779322,1.002622,3.258583,1.848206,3.568177
0.7951674,1.004449,3.258706,1.848363,3.568054
0.8117348,1.007484,3.25918,1.848594,3.566916
0.8283014,1.010367,3.259574,1.848465,3.56697
0.8448675,1.013389,3.258814,1.848155,3.566379
0.8614343,1.01577,3.258708,1.848416,3.5666
0.8782316,1.017102,3.258865,1.848598,3.56699
0.8945663,1.018651,3.259025,1.848796,3.567415
0.9115737,1.019088,3.258846,1.84866,3.567412
0.9277012,1.019738,3.259009,1.848584,3.56806
0.9442688,1.020623,3.258875,1.848218,3.568608
0.960834,1.021143,3.259004,1.848149,3.569367
0.9774016,1.023524,3.259436,1.848701,3.57033
0.9939681,1.025132,3.259801,1.84885,3.571713
1.010535,1.02612,3.260411,1.848157,3.573174
1.027505,1.027121,3.260646,1.847795,3.573684
1.043666,1.02864,3.261121,1.847533,3.575706
1.060235,1.029679,3.261262,1.847043,3.577168
1.077321,1.03029,3.261117,1.8471,3.578675
1.093398,1.033357,3.26096,1.84751,3.579993
1.109934,1.03613,3.260849,1.847795,3.580858
1.126501,1.039229,3.260747,1.847251,3.582715
1.143068,1.041016,3.260932,1.846793,3.583444
1.159632,1.041746,3.261107,1.84686,3.584205
1.1762,1.041491,3.261216,1.846738,3.585023
1.192768,1.040729,3.260795,1.84683,3.585594
1.209424,1.038903,3.260637,1.847102,3.58657
1.225899,1.036523,3.260256,1.846938,3.586764
1.242552,1.034637,3.259953,1.846998,3.587153
1.259032,1.031413,3.259686,1.846558,3.587264
1.276496,1.028366,3.259413,1.846079,3.588434
1.292168,1.023511,3.259496,1.845203,3.589794
1.308916,1.019923,3.259271,1.844889,3.588671
1.325301,1.015422,3.259665,1.844789,3.588284
1.341868,1.011283,3.259712,1.844104,3.58767
1.35863,1.008542,3.259745,1.843607,3.586791
1.374999,1.004449,3.259781,1.843371,3.58697
1.391568,1.00048,3.260097,1.842428,3.587909
1.408135,0.99591,3.260135,1.842085,3.588804
1.424701,0.9982775,3.260725,1.840668,3.592098
1.44181,1.005057,3.262362,1.837707,3.59761
1.457833,1.005696,3.261729,1.833245,3.607049
1.474472,1.003579,3.257481,1.829157,3.613679
1.491666,1.001112,3.248445,1.823891,3.620496
1.507759,1.003349,3.238008,1.820004,3.622998
1.524804,1.010838,3.223556,1.814318,3.620254
1.540895,1.016018,3.208601,1.807493,3.614798
1.557459,1.015037,3.195827,1.800863,3.608786
1.574028,1.008219,3.176165,1.789533,3.595534
1.590593,0.9976134,3.160302,1.781123,3.583151
1.607161,0.985517,3.147941,1.775259,3.571866
1.623728,0.9697894,3.133558,1.769165,3.55775
1.640394,0.9583256,3.122535,1.765846,3.546537
1.656862,0.9458482,3.110002,1.765893,3.5329
1.673427,0.9284491,3.101408,1.767802,3.522835
1.690019,0.9046013,3.091629,1.772933,3.511433
1.706811,0.882162,3.083779,1.779634,3.500503
1.723801,0.8644168,3.078757,1.785437,3.492698
1.739694,0.845437,3.073008,1.79401,3.484741
1.756574,0.8301575,3.068948,1.80015,3.479609
1.772828,0.814305,3.065159,1.806053,3.475443
1.789394,0.8029951,3.063609,1.809967,3.473561
1.805959,0.7972334,3.06293,1.811965,3.474018
1.822528,0.7986357,3.06452,1.811926,3.476575
1.839095,0.8092209,3.066886,1.811988,3.480727
1.855664,0.8320624,3.072446,1.81085,3.486275
1.872298,0.8513523,3.079074,1.810762,3.490417
1.888896,0.8812457,3.089128,1.8158,3.493474
1.905432,0.909914,3.101477,1.823782,3.500115
1.922,0.9328914,3.114534,1.831968,3.506411
1.938565,0.9616001,3.137229,1.848179,3.515062
1.955131,0.9779916,3.160027,1.869498,3.521119
1.972013,0.9885634,3.181879,1.891367,3.525588
1.988264,1.001498,3.214191,1.918314,3.532127
2.00493,1.013626,3.243587,1.93627,3.536206
2.021512,1.020648,3.280382,1.955752,3.539533
2.037967,1.019366,3.303545,1.970022,3.541008
2.05503,1.012375,3.323284,1.986705,3.541712
2.0711,1.004111,3.336656,2.001297,3.542044
2.087667,0.9964401,3.345634,2.010325,3.541536
2.104589,0.9855986,3.355318,2.018729,3.541893
2.1208,0.9763443,3.361608,2.02289,3.543114
2.137367,0.964087,3.369301,2.026985,3.542939
2.154105,0.9541416,3.373369,2.029643,3.541994
2.170499,0.9414076,3.377388,2.033658,3.538879
2.187197,0.9293255,3.379753,2.037379,3.533687
2.203633,0.9207995,3.381484,2.039101,3.530405
2.2202,0.9113802,3.384057,2.039775,3.52753
2.236924,0.9051952,3.386177,2.038619,3.525202
2.253755,0.900531,3.38866,2.036254,3.52219
2.27032,0.899865,3.39164,2.032219,3.519055
2.286913,0.8993709,3.395389,2.027085,3.518376
2.303177,0.9008465,3.399192,2.022412,3.518084
2.3196,0.9018878,3.400715,2.018695,3.517431
2.336167,0.9013391,3.403739,2.014641,3.516663
2.353227,0.8985987,3.406336,2.010603,3.515731
2.369606,0.8958915,3.408751,2.00824,3.514491
2.385864,0.8956764,3.410905,2.005663,3.513592
2.402433,0.9011217,3.413369,2.003311,3.514327
2.418999,0.9145242,3.416857,1.999752,3.516541
2.435566,0.9280379,3.419536,1.996688,3.519855
2.45275,0.9388691,3.421327,1.995065,3.522456
2.468887,0.9540288,3.422244,1.994084,3.524052
2.485445,0.9659022,3.423116,1.993324,3.524161
2.501831,0.9806153,3.424072,1.991708,3.523564
2.518984,0.9925892,3.425043,1.990365,3.523446
2.534966,1.00605,3.425435,1.988627,3.523259
2.551531,1.016205,3.426072,1.986321,3.522799
2.568431,1.022358,3.425666,1.985305,3.522778
2.584664,1.029671,3.426005,1.98346,3.522976
2.601233,1.034023,3.425316,1.981325,3.522617
2.61822,1.039388,3.423709,1.9797,3.522821
2.634366,1.044295,3.422312,1.978056,3.52214
2.650933,1.049537,3.421756,1.977132,3.522477
2.667564,1.053267,3.421499,1.974986,3.522427
2.684064,1.055879,3.420148,1.972869,3.521553
2.700635,1.057874,3.418398,1.970769,3.521034
2.717199,1.058183,3.416647,1.969247,3.520606
2.733766,1.057226,3.415312,1.968187,3.52028
2.750332,1.055915,3.414288,1.96703,3.519941
2.7669,1.054963,3.412914,1.965924,3.519365
2.783466,1.053714,3.411629,1.965087,3.518651
2.800031,1.05318,3.41139,1.964368,3.517729
2.816665,1.052233,3.410639,1.963868,3.517425
2.833372,1.051053,3.410267,1.963021,3.516658
2.849863,1.049759,3.409389,1.962384,3.516194
2.866417,1.047515,3.408893,1.961174,3.516124
2.882866,1.046379,3.40902,1.961039,3.51656
2.899655,1.045187,3.409466,1.960627,3.51619
2.916272,1.043888,3.409259,1.959425,3.517293
2.932791,1.043442,3.409353,1.958327,3.517878
2.949356,1.042965,3.409444,1.956877,3.518178
2.966329,1.043207,3.408643,1.955814,3.518113
2.982491,1.042762,3.407987,1.954702,3.518114
2.999317,1.041589,3.408509,1.953581,3.51833
3.015861,1.038805,3.408193,1.951844,3.517512
3.032189,1.036648,3.407818,1.950485,3.518071
3.048756,1.031727,3.408401,1.948182,3.518353
3.065466,1.026089,3.40747,1.946187,3.518312
3.081889,1.01897,3.407271,1.9439,3.51885
3.098456,1.013627,3.407011,1.941715,3.51953
3.115125,1.006359,3.406311,1.938647,3.520187
3.131668,1.00046,3.405861,1.936217,3.520456
3.148157,0.9947441,3.405289,1.934474,3.521787
3.165085,0.989911,3.405256,1.933087,3.52302
3.181291,0.9851036,3.405386,1.932069,3.524306
3.198243,0.9812573,3.404891,1.93009,3.52511
3.214422,0.9782714,3.406059,1.928933,3.526253
3.230991,0.9742689,3.406325,1.927106,3.527647
3.248045,0.9711851,3.407029,1.926291,3.52879
3.264124,0.9676275,3.406857,1.925976,3.530656
3.280819,0.9640247,3.406736,1.926244,3.533689
3.297596,0.9621159,3.406554,1.925802,3.535559
3.313822,0.9612777,3.407066,1.925282,3.538147
3.330391,0.960275,3.407959,1.925532,3.540098
3.347264,0.9593801,3.407426,1.924741,3.542636
3.36387,0.9585952,3.408021,1.924479,3.544901
3.380251,0.9571154,3.407171,1.923847,3.547625
3.39733,0.9548133,3.405956,1.923178,3.550292
3.413225,0.9528141,3.405272,1.923096,3.551406
3.430071,0.9513039,3.405119,1.922367,3.552336
3.446355,0.949707,3.404686,1.922307,3.553419
3.462922,0.9488758,3.40474,1.923189,3.554456
3.479491,0.9481953,3.40407,1.923038,3.555505
3.496138,0.9481285,3.403604,1.923563,3.556311
3.512624,0.9475541,3.403334,1.923616,3.557106
3.529188,0.9478346,3.403534,1.924074,3.557994
3.546118,0.9473101,3.403335,1.923799,3.558568
3.562753,0.9465775,3.402898,1.924101,3.558796
3.578889,0.9469701,3.402866,1.924222,3.559507
3.595455,0.9468502,3.402512,1.924207,3.560133
3.612024,0.9460645,3.401677,1.923716,3.560992
3.628591,0.9449086,3.400627,1.922926,3.562264
3.645155,0.9445323,3.399957,1.92277,3.563065
3.661723,0.9437386,3.399979,1.922452,3.563304
3.678291,0.9426284,3.400281,1.922371,3.563129
3.694953,0.9420447,3.399102,1.921817,3.56277
3.711424,0.9409083,3.398647,1.921544,3.563235
3.727991,0.9399308,3.398263,1.921076,3.563737
3.744771,0.9387674,3.397327,1.920915,3.564887
3.761671,0.937012,3.397259,1.920189,3.566015
3.77792,0.9350691,3.397008,1.919876,3.567063
3.794257,0.9326493,3.397209,1.919628,3.568051
3.810824,0.9308983,3.397238,1.918224,3.568831
3.82755,0.929085,3.397919,1.917884,3.569869
3.843957,0.9272106,3.398231,1.918183,3.57047
3.86071,0.9252275,3.398134,1.917809,3.570716
3.87709,0.9233332,3.398415,1.917545,3.571471
3.893803,0.9209393,3.398305,1.917526,3.572167
3.910753,0.9185029,3.398545,1.917037,3.572708
3.926791,0.917028,3.399024,1.916882,3.573738
3.94351,0.915375,3.400001,1.91724,3.574456
3.959925,0.9134763,3.399727,1.917082,3.574991
3.976663,0.9125038,3.400349,1.916843,3.574984
3.993055,0.9116274,3.400026,1.916176,3.574853
4.009925,0.9111497,3.400323,1.915776,3.57457
4.02619,0.9112611,3.400252,1.916373,3.574198
4.042757,0.9108173,3.401073,1.916612,3.574452
4.059925,0.9101503,3.400985,1.916718,3.574815
4.075891,0.9098635,3.401411,1.916342,3.574417
4.092458,0.9087321,3.401523,1.916162,3.57534
4.109024,0.9077809,3.402164,1.916139,3.576007
4.125791,0.9066645,3.40245,1.91612,3.576032
4.142158,0.9050358,3.402469,1.916265,3.576761
4.158724,0.9034945,3.402677,1.915945,3.577236
4.175291,0.902162,3.402564,1.916534,3.57707
4.191857,0.9012828,3.401911,1.917589,3.576354
4.208424,0.8999627,3.40135,1.918213,3.576004
4.22526,0.8988199,3.400622,1.918983,3.575906
4.242321,0.8970007,3.400534,1.919426,3.575072
4.258124,0.8950506,3.400164,1.920048,3.574472
4.274691,0.8923851,3.401315,1.920872,3.573585
4.291296,0.8903445,3.401412,1.92157,3.571966
4.308068,0.8891756,3.40095,1.922255,3.571176
4.324391,0.8887359,3.401937,1.922492,3.571001
4.341137,0.8885809,3.402289,1.923071,3.570595
4.357667,0.8870521,3.402205,1.923759,3.570776
4.374088,0.8862522,3.402843,1.924201,3.570978
4.390656,0.8850867,3.402185,1.924464,3.570566
4.407224,0.8826554,3.402134,1.924115,3.571017
4.424587,0.8820508,3.402772,1.924225,3.571192
4.440358,0.8800839,3.403493,1.924502,3.571023
4.456924,0.8789273,3.404248,1.924859,3.570906
4.473491,0.8774006,3.404513,1.924421,3.570769
4.490582,0.8756493,3.403759,1.924206,3.570666
4.506623,0.8748651,3.404013,1.923838,3.570607
4.523189,0.8741778,3.403695,1.923605,3.571061
4.539755,0.873031,3.403465,1.923643,3.571202
4.556322,0.8720382,3.403575,1.923968,3.571323
4.572895,0.8711765,3.403627,1.924263,3.57117
4.589777,0.8704677,3.403203,1.923501,3.57131
4.606206,0.869545,3.401937,1.923331,3.571681
4.622591,0.8684242,3.401433,1.923522,3.572335
4.640079,0.8680736,3.400366,1.924172,3.573401
4.656086,0.8677298,3.39976,1.925714,3.573867
4.67229,0.8677595,3.398107,1.928323,3.574451
4.688857,0.868076,3.398083,1.932233,3.575235
4.705521,0.8677319,3.398294,1.936274,3.575191
4.722308,0.8668965,3.397388,1.941038,3.575314
4.739052,0.8666787,3.39625,1.944661,3.575852
4.755121,0.8663008,3.394794,1.948223,3.57672
4.771689,0.8651202,3.394938,1.95213,3.577192
4.788258,0.8645329,3.394663,1.955036,3.577223
4.804823,0.8633277,3.394304,1.957398,3.577615
4.821388,0.86209,3.394084,1.959126,3.57818
4.838054,0.8609382,3.39546,1.961509,3.577581
4.854522,0.8596658,3.396555,1.963039,3.577267
4.871091,0.857461,3.397067,1.96463,3.576532
4.887658,0.8558509,3.398055,1.965414,3.575583
4.904301,0.8538596,3.398886,1.966344,3.57506
4.921247,0.8515935,3.399592,1.966287,3.574627
4.937727,0.8496734,3.401379,1.965117,3.573973
4.954019,0.847399,3.401513,1.96453,3.573226
4.970812,0.8452067,3.402095,1.962717,3.573036
4.987134,0.8434446,3.403275,1.962105,3.572405
5.00379,0.8404415,3.404225,1.96096,3.572065
5.020191,0.8383961,3.404314,1.959412,3.571237
5.036755,0.8363534,3.404519,1.958082,3.570241
5.053976,0.833761,3.404462,1.956932,3.568494
5.070105,0.8321825,3.403942,1.955863,3.568084
5.086458,0.8298967,3.404215,1.953597,3.568081
5.103024,0.8284615,3.403458,1.950616,3.568892
5.120079,0.825211,3.402431,1.945161,3.569048
5.136157,0.8224889,3.401248,1.939903,3.569739
5.153224,0.8204998,3.399367,1.934752,3.569221
5.16929,0.8218675,3.394885,1.927848,3.56904
5.185927,0.8210538,3.388537,1.922059,3.567977
5.202857,0.8168727,3.375335,1.915544,3.566593
5.219149,0.8094318,3.362353,1.910329,3.563525
5.235618,0.7964288,3.3413,1.905171,3.560732
5.252121,0.7761967,3.320158,1.899603,3.551793
5.268688,0.7568156,3.302042,1.894769,3.538335
5.285257,0.7246627,3.272665,1.886709,3.512643
5.302246,0.6933707,3.24823,1.880111,3.483271
5.31839,0.6657104,3.229198,1.87551,3.456179
5.334979,0.6317961,3.207257,1.872206,3.421377
5.351524,0.6057545,3.191212,1.871988,3.395401
5.368091,0.5743503,3.173815,1.87514,3.36552
5.385086,0.5485982,3.161351,1.878839,3.345113
5.401293,0.520243,3.147042,1.880655,3.326343
5.417789,0.4973406,3.135311,1.87998,3.314188
5.434355,0.4824514,3.12782,1.878535,3.307417
5.450924,0.4682518,3.120499,1.875617,3.302457
5.467491,0.4618871,3.114707,1.873551,3.300437
5.484057,0.4600283,3.109829,1.87251,3.299571
5.501186,0.463784,3.108155,1.871949,3.300794
5.517191,0.4712291,3.110188,1.871956,3.304071
5.533772,0.4827849,3.115272,1.871114,3.310346
5.550885,0.4936452,3.122167,1.869565,3.319235
5.56689,0.5058619,3.1346,1.870569,3.330079
5.583455,0.5175597,3.144396,1.877157,3.336643
5.600194,0.5389931,3.155393,1.895795,3.342477
5.61659,0.5685356,3.170566,1.917279,3.348712
5.633155,0.5867573,3.190917,1.929344,3.358045
5.649999,0.6210512,3.228288,1.942757,3.371245
5.666336,0.6469961,3.258078,1.951061,3.380835
5.682868,0.6716152,3.292192,1.965715,3.388859
5.699455,0.6846322,3.315512,1.987056,3.392659
5.715991,0.6924132,3.328927,2.004283,3.394357
5.732557,0.6996663,3.34378,2.020031,3.396583
5.749124,0.7034019,3.355981,2.029187,3.398131
5.765878,0.7031692,3.37041,2.039781,3.400107
5.782259,0.7015572,3.382236,2.050831,3.401505
5.799314,0.7008048,3.389991,2.059056,3.401615
5.815389,0.698431,3.398203,2.067631,3.401687
5.831958,0.6957257,3.403835,2.072756,3.401776
5.848525,0.6917661,3.410013,2.077426,3.401791
5.8655,0.6878224,3.413152,2.08029,3.40245
5.882318,0.6813322,3.415232,2.081061,3.402986
5.898222,0.6740546,3.418149,2.080046,3.404824
5.91479,0.6687012,3.419525,2.079176,3.405709
5.931358,0.6618391,3.420705,2.077888,3.406016
5.948088,0.6578959,3.421763,2.07671,3.406473
5.964791,0.6528502,3.422644,2.074889,3.406688
5.981378,0.6482096,3.42346,2.072195,3.407755
5.998,0.6439424,3.423801,2.069341,3.408072
6.014202,0.641496,3.423374,2.067996,3.408567
6.030769,0.6396321,3.423737,2.066036,3.409061
6.047324,0.6385624,3.422096,2.063744,3.409767
6.063892,0.6367528,3.421525,2.061212,3.411212
6.080459,0.6359782,3.420768,2.059926,3.412785
6.097025,0.6359985,3.418998,2.058523,3.414369
6.11359,0.6364665,3.417692,2.057272,3.415015
6.130158,0.6383783,3.416332,2.055414,3.417406
6.146854,0.6403368,3.414607,2.052937,3.419219
6.163308,0.6426013,3.412949,2.050862,3.420156
6.179856,0.6490667,3.410256,2.049054,3.421264
6.196944,0.659867,3.408779,2.046868,3.421966
6.21299,0.6780632,3.406135,2.043072,3.423101
6.229634,0.697538,3.405131,2.040135,3.423319
6.246125,0.7301974,3.403285,2.035287,3.423723
6.262692,0.7638511,3.401134,2.029985,3.424336
6.279258,0.7883536,3.399848,2.026255,3.424986
6.296002,0.8154267,3.398739,2.020851,3.426567
6.312392,0.8331489,3.397163,2.017312,3.428108
6.32896,0.8504432,3.394756,2.013453,3.429788
6.345525,0.8644728,3.392098,2.009576,3.431205
6.362092,0.8737096,3.390128,2.00703,3.432505
6.378658,0.8833829,3.387833,2.004634,3.432998
6.395519,0.8933497,3.385031,2.003688,3.43284
6.411792,0.9059765,3.380904,2.00262,3.431291
6.428359,0.922418,3.37766,2.001067,3.429414
6.444926,0.9347584,3.375061,1.999798,3.428034
6.461519,0.9508064,3.37122,1.998414,3.426874
6.478058,0.9610286,3.368504,1.996858,3.426376
6.494714,0.9713198,3.365334,1.993885,3.426041
6.511192,0.9766038,3.362137,1.991137,3.426178
6.528116,0.9801744,3.359018,1.987851,3.4273
6.544323,0.9809548,3.356632,1.984472,3.429094
6.561095,0.9791159,3.354433,1.982256,3.430345
6.577482,0.9750028,3.351538,1.97996,3.431983
6.594394,0.9718525,3.349367,1.978261,3.433202
6.610592,0.969031,3.347753,1.976538,3.434163
6.627306,0.9663426,3.345254,1.975315,3.435852
6.643973,0.9639118,3.343214,1.974123,3.437501
6.66074,0.9608339,3.341647,1.97354,3.439001
6.676858,0.9587352,3.34001,1.972578,3.441136
6.693426,0.9558062,3.338596,1.971648,3.442953
6.709992,0.9531021,3.337345,1.971177,3.444344
6.726559,0.9486735,3.335143,1.970438,3.446548
6.743126,0.9437496,3.333543,1.970076,3.44873
6.759693,0.9398876,3.331398,1.969494,3.450023
6.776259,0.9353564,3.328659,1.968983,3.452272
6.79284,0.9305302,3.325791,1.968879,3.455789
6.809947,0.9273453,3.32398,1.968417,3.457419
6.825957,0.9237475,3.321218,1.968358,3.459496
6.842524,0.9215883,3.318784,1.968264,3.460975
6.859098,0.9185042,3.316422,1.968209,3.462806
6.876752,0.9160994,3.314256,1.968415,3.46364
6.894068,0.9121124,3.31226,1.967791,3.465095
6.909888,0.9101275,3.309946,1.968103,3.46607
6.926455,0.9086835,3.30824,1.968021,3.466812
6.943021,0.9068746,3.306529,1.967744,3.468127
6.959586,0.9063599,3.304333,1.967712,3.468898
6.976155,0.9063524,3.302916,1.967469,3.469911
6.99272,0.9068764,3.3011,1.967527,3.469341
7.009288,0.908108,3.299554,1.96752,3.469117
7.025856,0.9094961,3.298239,1.967279,3.468711
7.042818,0.9112625,3.296801,1.967663,3.468354
7.059138,0.9121968,3.295549,1.967137,3.468313
7.075555,0.9141381,3.294483,1.966993,3.467695
7.092122,0.9153931,3.293396,1.966465,3.46683
7.108688,0.9163177,3.292925,1.966399,3.465865
7.125255,0.9172962,3.292033,1.966812,3.465166
7.142533,0.9179864,3.291207,1.966123,3.464154
7.158389,0.9179263,3.290813,1.966294,3.462804
7.174953,0.9179454,3.290698,1.966544,3.461543
7.191949,0.9176962,3.290052,1.966159,3.46022
7.208089,0.9173873,3.28979,1.965453,3.459348
7.224656,0.9160438,3.289546,1.964682,3.458619
7.241517,0.9153333,3.289042,1.964145,3.459059
7.257789,0.9140061,3.288622,1.96356,3.45921
7.274502,0.9114715,3.28826,1.962783,3.459039
7.290928,0.9104556,3.287604,1.961608,3.458867
7.307857,0.9081138,3.287668,1.96109,3.459027
7.324594,0.905145,3.286498,1.960674,3.459138
7.34062,0.9010019,3.286144,1.960579,3.460082
7.357189,0.8974457,3.285722,1.960512,3.460637
7.373755,0.8932863,3.285214,1.960158,3.460829
7.390363,0.8899967,3.285007,1.959853,3.461277
7.406887,0.8877029,3.284407,1.960152,3.462287
7.423453,0.8822287,3.284227,1.960418,3.463036
7.440022,0.8811356,3.28363,1.961771,3.465184
7.456589,0.8856547,3.282905,1.962433,3.467184
7.473155,0.9002328,3.28306,1.964615,3.471571
7.489742,0.9145619,3.283874,1.966979,3.475979
7.506289,0.9302694,3.283601,1.970805,3.481907
7.522855,0.9414092,3.282897,1.975601,3.48542
7.539422,0.9501826,3.281066,1.981573,3.489758
7.55599,0.9543431,3.280068,1.987566,3.493714
7.572556,0.9567214,3.279787,1.991013,3.495856
7.589126,0.9579895,3.278131,1.994808,3.498711
7.60569,0.9576291,3.276889,1.996833,3.50087
7.622255,0.955721,3.276807,1.997836,3.503846
7.638822,0.9520957,3.275863,1.997003,3.505846
7.655387,0.9483882,3.27549,1.995609,3.507743
7.671953,0.9423661,3.274723,1.992856,3.509175
7.688522,0.9354945,3.274464,1.991082,3.510143
7.705372,0.9262169,3.27356,1.988377,3.510688
7.721722,0.9183214,3.273134,1.986269,3.510618
7.738219,0.9095088,3.272143,1.983106,3.510231
7.755138,0.9010853,3.271541,1.981255,3.508246
7.771401,0.8949254,3.271082,1.979408,3.507009
7.787993,0.888288,3.270929,1.977797,3.506301
7.804489,0.881045,3.26961,1.975382,3.506071
7.821445,0.8760548,3.268525,1.974764,3.505957
7.837622,0.8718181,3.267329,1.973535,3.505115
7.85449,0.8690416,3.266489,1.97283,3.504528
7.870755,0.8663601,3.265298,1.971283,3.503898
7.887322,0.8650483,3.264417,1.969989,3.50316
7.903887,0.8648745,3.263493,1.968578,3.501848
7.920585,0.8630736,3.262425,1.967366,3.500174
7.937022,0.860974,3.260992,1.966521,3.498707
7.954303,0.8594237,3.260278,1.9656,3.497743
7.970153,0.8577604,3.259673,1.964957,3.497146
7.987537,0.8575289,3.25829,1.964257,3.495855
8.003288,0.8583862,3.256483,1.963769,3.494866
8.019855,0.8589051,3.255858,1.963236,3.494735
8.036419,0.8578866,3.254483,1.962779,3.493245
8.053,0.8566996,3.253678,1.962461,3.492564
8.069555,0.8551876,3.252045,1.962113,3.492185
8.086133,0.8551663,3.250098,1.961871,3.491934
8.103079,0.8567052,3.248938,1.961333,3.491661
8.119278,0.8585833,3.247093,1.961145,3.491409
8.135823,0.8604839,3.245414,1.960731,3.4904
8.15239,0.8623844,3.243785,1.960362,3.488931
8.168956,0.864105,3.241904,1.959482,3.488471
8.185523,0.8650897,3.238819,1.959021,3.488169
8.202089,0.8649362,3.236734,1.958868,3.489019
8.218955,0.8649439,3.234806,1.958724,3.489131
8.235223,0.8648103,3.232432,1.958313,3.490093
8.25194,0.8634024,3.230132,1.958233,3.490673
8.268665,0.861766,3.227288,1.957927,3.490578
8.284921,0.8606777,3.223973,1.957664,3.491335
8.30149,0.8585969,3.222644,1.956784,3.492046
8.318336,0.8568092,3.219702,1.956691,3.49317
8.334622,0.8560281,3.217433,1.95707,3.493371
8.35119,0.8546028,3.213805,1.956893,3.49375
8.367756,0.8526455,3.211048,1.956967,3.493911
8.384322,0.850259,3.20805,1.957114,3.495063
8.400888,0.8479364,3.2052,1.956948,3.496042
8.417497,0.8455967,3.203439,1.956433,3.496496
8.434023,0.8430933,3.200435,1.95585,3.497257
8.450589,0.8412914,3.198673,1.955461,3.497563
8.467156,0.8382752,3.196309,1.955511,3.497907
8.483723,0.8362152,3.193723,1.955598,3.498503
8.500288,0.8349113,3.192149,1.955256,3.498083
8.517076,0.8333863,3.18955,1.955378,3.497514
8.533645,0.8318598,3.187316,1.954761,3.496926
8.54999,0.8295699,3.184408,1.954788,3.496849
8.567048,0.8284918,3.181482,1.954951,3.497003
8.583123,0.8278093,3.180147,1.954666,3.497638
8.600074,0.8278365,3.177549,1.955154,3.497389
8.616256,0.8289407,3.175245,1.955119,3.496815
8.632823,0.8293895,3.171669,1.955252,3.495588
8.650037,0.8300583,3.168873,1.955092,3.494498
8.665956,0.8311987,3.166991,1.955355,3.493682
8.683054,0.8336058,3.164299,1.955454,3.492571
8.699089,0.8372157,3.161503,1.955411,3.49255
8.715657,0.8415471,3.158174,1.95576,3.490777
8.732226,0.8448108,3.15608,1.955946,3.489815
8.748787,0.8478131,3.151574,1.956228,3.489294
8.765356,0.8503908,3.148518,1.956461,3.489376
8.782096,0.8523402,3.145529,1.956867,3.489173
8.79849,0.8520096,3.143344,1.957309,3.490163
8.815057,0.8514614,3.141258,1.957618,3.492165
8.832001,0.8515898,3.139967,1.955669,3.496688
8.848322,0.8498665,3.140511,1.949731,3.503088
8.865464,0.8422144,3.135832,1.944118,3.508337
8.881324,0.835916,3.127655,1.939922,3.512825
8.897888,0.8283378,3.116692,1.935616,3.51768
8.914454,0.8175107,3.099856,1.93026,3.523385
8.93117,0.8039732,3.078714,1.921831,3.532353
8.947588,0.7943321,3.064215,1.914738,3.538101
8.964154,0.7807324,3.046916,1.907545,3.544002
8.980783,0.7703248,3.032331,1.901218,3.546111
8.997992,0.7578133,3.014459,1.892844,3.546609
9.013855,0.7477404,3.000165,1.886782,3.544395
9.030424,0.7347635,2.981768,1.879017,3.537772
9.047045,0.7207602,2.961963,1.871827,3.529876
9.0638,0.7106494,2.947108,1.866182,3.521835
9.080123,0.6978437,2.928587,1.859932,3.511961
9.097178,0.6863031,2.914393,1.855351,3.502259
9.113467,0.671243,2.896821,1.849775,3.490347
9.129823,0.6529588,2.881191,1.845003,3.478714
9.146389,0.6353527,2.868728,1.842735,3.470241
9.163212,0.612285,2.855364,1.842956,3.460052
9.179736,0.5954163,2.845281,1.844029,3.45289
9.196092,0.5776905,2.834073,1.844581,3.447688
9.212658,0.566211,2.826423,1.844065,3.443655
9.22984,0.5572093,2.817904,1.84349,3.440331
9.245791,0.5557375,2.809416,1.843545,3.438032
9.262533,0.5605758,2.803765,1.844003,3.436529
9.279392,0.5847679,2.797911,1.847548,3.434333
9.295492,0.6083613,2.796748,1.848977,3.435009
9.312058,0.638002,2.800666,1.851399,3.4383
9.328624,0.6708959,2.808809,1.856638,3.443643
9.345193,0.7056617,2.816737,1.861312,3.448096
9.361905,0.7555815,2.829142,1.86765,3.45375
9.378324,0.7948409,2.843331,1.874255,3.457034
9.394892,0.8392933,2.863528,1.882951,3.463147
9.411459,0.8721068,2.886258,1.887312,3.473799
9.428467,0.8895571,2.905048,1.889341,3.483387
9.444591,0.903087,2.925773,1.894298,3.493618
9.461159,0.9084336,2.937464,1.899849,3.498939
9.477725,0.9125928,2.951127,1.910375,3.503592
9.494291,0.9175939,2.963099,1.921624,3.505876
9.510859,0.9198556,2.971364,1.928876,3.508378
9.527426,0.9172733,2.980795,1.936098,3.512579
9.54399,0.9118245,2.990198,1.940543,3.515999
9.560559,0.901952,2.998885,1.947024,3.518798
9.577154,0.8942636,3.003601,1.953392,3.519236
9.594071,0.8860332,3.006449,1.961123,3.518197
9.610258,0.8789647,3.009527,1.96831,3.517031
9.626826,0.8724748,3.011602,1.973366,3.516798
9.643393,0.8644799,3.014518,1.978276,3.516685
9.659959,0.8573487,3.017167,1.981632,3.51531
9.676525,0.8469481,3.020674,1.986669,3.510758
9.693438,0.8437839,3.022864,1.991412,3.506139
9.709659,0.8456874,3.02483,1.995264,3.502558
9.726795,0.8505512,3.026956,2.00018,3.498233
9.743065,0.8542115,3.028178,2.003318,3.495576
9.759358,0.8564164,3.029849,2.005418,3.493376
9.776121,0.8568883,3.032147,2.007478,3.49176
9.792492,0.8552421,3.033048,2.008049,3.490711
9.809117,0.8524979,3.0329,2.009472,3.488925
9.825626,0.8499082,3.031412,2.010679,3.487901
9.842429,0.8448533,3.030647,2.011996,3.486785
9.859282,0.8420024,3.029726,2.012332,3.486289
9.875342,0.8409577,3.028651,2.010556,3.485966
9.891949,0.852878,3.027678,2.007053,3.485687
9.90846,0.8704062,3.027353,2.002785,3.486182
9.92563,0.8949373,3.026605,1.996442,3.487005
9.941593,0.9127502,3.026695,1.991397,3.487648
9.958159,0.930958,3.025758,1.985549,3.488863
9.974724,0.9443417,3.02551,1.979405,3.48988
9.991291,0.9512822,3.026034,1.974885,3.491314
10.0079,0.9544658,3.025747,1.97137,3.493098
10.02443,0.9539626,3.02567,1.968618,3.493889
10.04136,0.951588,3.026144,1.966921,3.495476
10.05756,0.9490778,3.025807,1.965678,3.496115
10.07448,0.9468982,3.025158,1.965027,3.497151
10.09069,0.9439288,3.023009,1.965464,3.49871
10.10728,0.941484,3.021217,1.965984,3.499432
10.12386,0.9384573,3.019119,1.966825,3.500368
10.14056,0.9364324,3.015862,1.967847,3.501446
10.15697,0.9348298,3.013469,1.968376,3.502702
10.17402,0.9333341,3.010745,1.968871,3.504023
10.19009,0.9315048,3.0081,1.968701,3.504735
10.20697,0.9287325,3.006665,1.968584,3.505779
10.22322,0.9254451,3.005609,1.968156,3.507136
10.2399,0.921003,3.00367,1.966712,3.508954
10.25636,0.9157413,3.002604,1.965491,3.50994
10.27293,0.9119238,3.001467,1.964861,3.511377
10.28949,0.9060276,3.001252,1.963327,3.512613
10.30606,0.9018688,3.000826,1.961798,3.51346
10.3231,0.8979324,3.000419,1.95984,3.514658
10.33919,0.8945344,2.999504,1.957577,3.516534
10.35621,0.8923111,2.999279,1.955287,3.517496
10.37265,0.890272,2.99855,1.952836,3.518397
10.38889,0.8893498,2.998143,1.95109,3.519746
10.40546,0.8871557,2.998132,1.948941,3.521194
10.42258,0.8848215,2.998162,1.945546,3.522923
10.43859,0.8834124,2.998073,1.943798,3.523735
10.45562,0.8815177,2.998628,1.942961,3.524602
10.47173,0.8801966,2.998786,1.941783,3.525503
10.48893,0.8781651,2.999496,1.940958,3.525822
10.50486,0.8763552,2.999828,1.940548,3.526318
10.52193,0.8732232,3.000425,1.939923,3.526264
10.53799,0.8693515,3.001214,1.939078,3.526475
10.55502,0.8674055,3.001065,1.938593,3.526306
10.57113,0.8632517,3.00088,1.938526,3.525706
10.58769,0.8602846,3.001053,1.93783,3.525325
10.60426,0.8571362,3.002334,1.93758,3.524847
10.62087,0.8547409,3.002843,1.937356,3.524453
10.63739,0.852459,3.002808,1.937368,3.52366
10.65418,0.8498251,3.002959,1.937731,3.522544
10.67052,0.847542,3.003184,1.937991,3.521396
10.68709,0.844482,3.00389,1.938266,3.520068
10.70366,0.8431118,3.004,1.938465,3.51947
10.72022,0.8409858,3.005438,1.938682,3.518406
10.73681,0.83916,3.006074,1.939142,3.517819
10.75336,0.8375093,3.007081,1.93924,3.518069
10.76992,0.8356091,3.007501,1.939399,3.518059
10.78649,0.8346745,3.009218,1.939186,3.518281
10.80306,0.8330541,3.011037,1.940461,3.517729
10.81962,0.8315011,3.012012,1.941534,3.517776
10.83619,0.8293519,3.012911,1.941932,3.51774
10.85322,0.8268837,3.015043,1.942515,3.517238
10.86932,0.825238,3.016741,1.943374,3.516973
10.88589,0.8250714,3.017176,1.943744,3.51627
10.90299,0.8252028,3.018696,1.944346,3.515684
10.91902,0.8248708,3.01971,1.944694,3.515315
10.93559,0.8258954,3.0203,1.94517,3.515138
10.95216,0.826931,3.021404,1.944851,3.515422
10.96874,0.8284771,3.022336,1.945578,3.515803
10.98529,0.829505,3.022818,1.945921,3.516661
11.00186,0.8304088,3.023924,1.946389,3.517044
11.01842,0.8311992,3.024226,1.94636,3.518044
11.03499,0.8310617,3.024307,1.94563,3.518242
11.05156,0.8301067,3.025367,1.944552,3.518781
11.06872,0.8283654,3.026198,1.94403,3.519221
11.08469,0.8277569,3.026684,1.943743,3.519331
11.10154,0.8266693,3.027991,1.943489,3.519699
11.11792,0.8267776,3.028521,1.943363,3.520034
11.13443,0.8258114,3.029586,1.942597,3.520029
11.15104,0.8260096,3.030489,1.94259,3.520308
11.16753,0.8260339,3.031851,1.941958,3.520565
11.18462,0.8258655,3.032954,1.941331,3.521061
11.20066,0.8243017,3.033171,1.941179,3.521214
11.21723,0.8222729,3.034718,1.94043,3.521316
11.23393,0.8211651,3.035624,1.940381,3.521465
11.25073,0.8198617,3.035951,1.940078,3.520667
11.26692,0.8170297,3.037379,1.940067,3.520846
11.28406,0.8133553,3.03768,1.940333,3.521049
11.30006,0.8074791,3.039428,1.941159,3.520901
11.31674,0.8028627,3.039776,1.941891,3.521354
11.33364,0.7968076,3.040099,1.942463,3.521445
11.34976,0.7922855,3.040387,1.943328,3.521579
11.36633,0.7857298,3.04089,1.943988,3.522187
11.383,0.779552,3.040738,1.944263,3.522717
11.39946,0.7741418,3.041209,1.944348,3.522405
11.41611,0.7675965,3.042168,1.944008,3.523187
11.43259,0.7627192,3.042793,1.944113,3.523095
11.44959,0.7564022,3.043846,1.944945,3.523231
11.46624,0.7518246,3.044432,1.945128,3.522792
11.48229,0.7493212,3.045071,1.944822,3.523019
11.49904,0.7454868,3.045484,1.945553,3.523457
11.51586,0.7424856,3.046139,1.946181,3.523251
11.53202,0.7410534,3.04629,1.946346,3.523426
11.54856,0.7403799,3.047757,1.946383,3.523693
11.56513,0.7400541,3.048861,1.946524,3.523843
11.58169,0.7388899,3.049305,1.946724,3.5236
11.59861,0.7390172,3.050532,1.946809,3.524052
11.61504,0.7391905,3.051056,1.94756,3.525183
11.63153,0.7387226,3.052337,1.947613,3.525299
11.64833,0.7388691,3.053225,1.947305,3.526112
11.66453,0.7387633,3.054199,1.947686,3.527234
11.68109,0.7383404,3.054017,1.947951,3.527269
11.69766,0.7388404,3.054014,1.947941,3.527381
11.71423,0.7389818,3.054701,1.947877,3.527664
11.73079,0.7382868,3.055741,1.947886,3.528594
11.74798,0.7379377,3.056051,1.947611,3.529058
11.76393,0.7381743,3.056504,1.947585,3.529449
11.7805,0.7390317,3.057571,1.947352,3.530118
11.79712,0.7399808,3.057841,1.947065,3.530686
11.81395,0.7413962,3.058162,1.946084,3.531163
11.83019,0.742364,3.05896,1.946371,3.531854
11.84689,0.7435221,3.058789,1.946505,3.531924
11.86347,0.7458498,3.058651,1.946717,3.531917
11.88033,0.749022,3.059389,1.94689,3.531929
11.89646,0.7511632,3.059441,1.946972,3.531725
11.91329,0.7534275,3.059534,1.947178,3.53225
11.92965,0.7539076,3.060153,1.946655,3.532866
11.94616,0.7547944,3.060422,1.946828,3.53359
11.96273,0.7562386,3.060374,1.946891,3.533443
11.97938,0.7587559,3.061185,1.946774,3.533513
11.99586,0.761757,3.061583,1.946673,3.534146
12.01243,0.7629936,3.061983,1.946764,3.534236
12.02903,0.7639656,3.061977,1.94693,3.53475
12.04569,0.7652401,3.062897,1.946991,3.535361
12.06277,0.7661958,3.063335,1.946851,3.535177
12.07885,0.7674882,3.063791,1.946939,3.534865
12.0953,0.7686991,3.063804,1.946798,3.535309
12.11183,0.7691652,3.064131,1.945838,3.535988
12.12885,0.7686786,3.065095,1.945168,3.536149
12.14543,0.7688653,3.065797,1.944438,3.537257
12.16153,0.7689954,3.067153,1.943929,3.537846
12.17809,0.7682984,3.067855,1.943374,3.537568
12.19484,0.7682388,3.068449,1.942897,3.538177
12.21123,0.767611,3.069501,1.942265,3.539259
12.22798,0.7682569,3.071002,1.941645,3.541076
12.24479,0.7724891,3.071451,1.9409,3.5424
12.26097,0.7844062,3.072932,1.939934,3.544911
12.27749,0.8000386,3.074617,1.939942,3.547507
12.29412,0.8304729,3.07717,1.939678,3.553192
12.31063,0.8570327,3.078152,1.939449,3.556722
12.32765,0.8812751,3.080367,1.939503,3.560548
12.34376,0.9202127,3.082893,1.940447,3.565609
12.36043,0.9523064,3.084282,1.940687,3.570128
12.3769,0.9901134,3.085637,1.942003,3.576368
12.39418,1.023728,3.087075,1.942832,3.582266
12.41003,1.047406,3.087675,1.943655,3.586594
12.42719,1.075229,3.088577,1.944003,3.591895
12.44316,1.095559,3.088723,1.944691,3.59541
12.45973,1.117941,3.089708,1.944902,3.598884
12.47629,1.137709,3.089441,1.944749,3.602124
12.49286,1.151164,3.090944,1.945351,3.605048
12.50943,1.165117,3.092514,1.944878,3.607998
12.52645,1.174589,3.092799,1.944301,3.610496
12.54256,1.184959,3.093508,1.944515,3.61326
12.56,1.191264,3.09427,1.944862,3.61548
12.5757,1.19814,3.094788,1.945588,3.617531
12.59226,1.202949,3.096398,1.94538,3.619566
12.60883,1.205761,3.096255,1.945337,3.620763
12.6254,1.208039,3.097923,1.944257,3.622068
12.64204,1.20912,3.098717,1.94406,3.622669
12.65853,1.20867,3.098898,1.944325,3.623448
12.67512,1.206642,3.09968,1.944734,3.6248
12.69166,1.204733,3.100017,1.944491,3.625114
12.70823,1.200682,3.101153,1.944147,3.626078
12.7248,1.195443,3.101065,1.944244,3.625972
12.74175,1.188732,3.10147,1.94391,3.625103
12.75793,1.181557,3.102693,1.943333,3.624639
12.77486,1.175052,3.102958,1.942376,3.624698
12.792,1.166702,3.103953,1.941476,3.624908
12.80763,1.16048,3.104655,1.940742,3.625492
12.8242,1.154257,3.106832,1.941784,3.627284
12.84097,1.1494,3.108144,1.943202,3.628807
12.85753,1.145728,3.108922,1.944556,3.63009
12.87431,1.142658,3.109631,1.944759,3.632347
12.89046,1.139485,3.109965,1.944487,3.633524
12.90703,1.134986,3.109362,1.94125,3.636391
12.9236,1.128934,3.107989,1.937074,3.638834
12.96646,1.103023,3.095244,1.919207,3.647176
12.9832,1.092998,3.087141,1.911664,3.650127
13.00025,1.083134,3.080004,1.905456,3.651259
13.01617,1.068478,3.07037,1.896731,3.652185
13.03281,1.054289,3.063155,1.88935,3.651344
13.0493,1.035523,3.054233,1.881274,3.651129
13.06593,1.01518,3.045099,1.873483,3.650096
13.08243,0.9979532,3.03704,1.868495,3.647491
13.09902,0.9752883,3.026696,1.861644,3.641313
13.11557,0.9569018,3.019046,1.856576,3.635701
13.13213,0.9352931,3.010157,1.850297,3.628089
13.14901,0.9177362,3.003274,1.844254,3.619105
13.16527,0.8971055,2.995739,1.837437,3.605293
13.18183,0.8763245,2.989578,1.831036,3.588971
13.1984,0.859805,2.984456,1.826055,3.575307
13.21497,0.8388906,2.977593,1.819832,3.556158
13.23153,0.8215202,2.971287,1.814398,3.539923
13.2481,0.7989684,2.96405,1.808092,3.518171
13.26467,0.7770423,2.957271,1.800433,3.498634
13.28123,0.7545321,2.950868,1.791896,3.482149
13.29831,0.7306798,2.94536,1.784265,3.46771
13.31437,0.7107928,2.941004,1.779188,3.457358
13.33134,0.6874872,2.934911,1.773378,3.445891
13.3475,0.6649312,2.931127,1.768089,3.438003
13.36501,0.6488889,2.927,1.764311,3.434244
13.38063,0.629808,2.923204,1.760064,3.431102
13.3972,0.6163474,2.919686,1.757762,3.429837
13.41376,0.6005109,2.915775,1.755253,3.428191
13.43071,0.5904019,2.913109,1.753504,3.426104
13.4469,0.5828031,2.90987,1.753343,3.424651
13.46347,0.5887943,2.906789,1.761133,3.421133
13.48006,0.5981354,2.905163,1.769332,3.417562
13.49664,0.6139457,2.90618,1.77988,3.416845
13.51317,0.6243815,2.912097,1.787641,3.422122
13.52977,0.6359887,2.92401,1.802221,3.430598
13.5463,0.6466746,2.933315,1.824948,3.440402
13.56287,0.6527652,2.940408,1.850259,3.446647
13.57943,0.6582824,2.949734,1.886755,3.453602
13.596,0.6622121,2.958693,1.917568,3.457777
13.61257,0.6672765,2.974264,1.952637,3.46119
13.6293,0.6702003,2.990195,1.976423,3.464239
13.6457,0.6735368,3.008189,2.002356,3.466483
13.66227,0.677974,3.02206,2.028695,3.469006
13.67883,0.684259,3.027833,2.043765,3.470558
13.6954,0.694137,3.032685,2.057582,3.472183
13.71197,0.7028674,3.037408,2.066099,3.474426
13.72853,0.7074177,3.04172,2.070544,3.476486
13.74512,0.7097518,3.047462,2.073284,3.478721
13.76167,0.7091721,3.05062,2.073755,3.479741
13.77823,0.7084157,3.055071,2.072624,3.481464
13.79509,0.7077414,3.057648,2.071176,3.482743
13.81137,0.7049441,3.060797,2.069024,3.483486
13.82793,0.7028329,3.061789,2.066337,3.483841
13.8445,0.7007871,3.062475,2.063289,3.48483
13.86107,0.6995456,3.063264,2.058861,3.486452
13.87811,0.6975597,3.063463,2.055259,3.487159
13.8942,0.6942059,3.062965,2.051691,3.488125
13.91077,0.6919515,3.062564,2.047779,3.488416
13.9275,0.6911454,3.061987,2.045439,3.488598
13.9439,0.6907098,3.062298,2.042976,3.488796
13.96058,0.6903461,3.062907,2.041205,3.489798
13.97703,0.6900317,3.06218,2.03821,3.489545
13.9936,0.6908842,3.062495,2.035239,3.489871
14.01017,0.6927367,3.061911,2.033086,3.490515
14.02673,0.6934888,3.061966,2.030381,3.491581
14.0433,0.6941086,3.061457,2.027776,3.49307
14.06032,0.6949408,3.061543,2.024708,3.494049
14.07643,0.6956817,3.061615,2.021483,3.49519
14.093,0.6967509,3.060874,2.019019,3.495741
14.10957,0.6994352,3.060168,2.015751,3.497447
14.12634,0.7009209,3.06014,2.013079,3.498887
14.1427,0.7013561,3.060411,2.010093,3.499326
14.15988,0.704959,3.060073,2.007788,3.499968
14.17583,0.7234888,3.05925,2.004402,3.499973
14.19257,0.7544692,3.058243,1.999508,3.501407
14.20914,0.7809302,3.05728,1.994702,3.502102
14.22648,0.8088126,3.056825,1.989509,3.503491
14.2421,0.8264286,3.055486,1.985842,3.504264
14.25867,0.8423954,3.053298,1.981353,3.505074
14.27529,0.8519112,3.051394,1.978337,3.506052
14.2918,0.85426,3.050361,1.976233,3.506805
14.30837,0.8530155,3.049488,1.975352,3.507539
14.32493,0.8497844,3.0484,1.974738,3.507821
14.3415,0.8447298,3.04694,1.974335,3.508728
14.35807,0.840746,3.045588,1.97412,3.508565
14.37464,0.8363937,3.044507,1.973829,3.509042
14.3912,0.8318263,3.043288,1.973862,3.508904
14.40777,0.8282036,3.041676,1.974429,3.509359
14.42439,0.8230551,3.041139,1.97406,3.508576
14.44125,0.8183902,3.040161,1.973011,3.50844
14.45772,0.8124275,3.038992,1.972569,3.507529
14.47425,0.8069818,3.03773,1.972206,3.506766
14.49084,0.8021487,3.036843,1.971953,3.50599
14.50717,0.7961773,3.036433,1.971377,3.505708
14.52415,0.7917452,3.03626,1.971219,3.505054
14.5403,0.7869606,3.035385,1.970781,3.505478
14.55717,0.7828774,3.034898,1.969832,3.505553
14.57344,0.7785239,3.034636,1.969552,3.505489
14.59006,0.7730473,3.032826,1.968476,3.505535
14.60696,0.7692479,3.032211,1.967804,3.505448
14.62359,0.7637035,3.031086,1.966701,3.506108
14.6397,0.7595465,3.030687,1.966806,3.506555
14.65627,0.7539346,3.030017,1.966127,3.507589
14.67284,0.7480103,3.029449,1.965253,3.508486
14.6894,0.7436416,3.028948,1.964941,3.509242
14.70604,0.7386153,3.028805,1.965116,3.509615
14.72254,0.7344853,3.028925,1.965677,3.509941
14.7391,0.7304616,3.029942,1.966013,3.51025
14.7561,0.7261496,3.030499,1.966303,3.510754
14.77224,0.7221733,3.030711,1.966534,3.511794
14.7888,0.7187754,3.03145,1.96645,3.512653
14.80537,0.716613,3.030436,1.966575,3.512631
14.82194,0.7145318,3.029819,1.967059,3.513663
14.8385,0.7116401,3.028988,1.967474,3.514832
14.85507,0.7088758,3.027666,1.967764,3.516016
14.87164,0.7064667,3.026292,1.967523,3.516579
14.88877,0.7051339,3.026143,1.967517,3.516971
14.90477,0.7027307,3.025841,1.967585,3.517699
14.92134,0.7017629,3.024477,1.967926,3.518307
14.9379,0.701843,3.023972,1.968164,3.519074
14.95499,0.7012919,3.023968,1.968654,3.519787
14.97104,0.7005437,3.02323,1.968517,3.520386
14.9876,0.699876,3.021858,1.969557,3.520879
15.00444,0.6993079,3.021636,1.970481,3.521643
15.02074,0.6994056,3.020549,1.971826,3.521677
15.03736,0.6980253,3.020481,1.973837,3.521971
15.05391,0.6971047,3.019818,1.975699,3.521745
15.07044,0.6963665,3.019561,1.977685,3.521789
15.08728,0.6962095,3.019029,1.979106,3.521584
15.10362,0.6944845,3.020305,1.980363,3.522781
15.12013,0.6941677,3.019671,1.981176,3.523518
15.1367,0.6933724,3.019709,1.981906,3.523697
15.15327,0.6924757,3.019202,1.98187,3.52475
15.16984,0.6910447,3.019576,1.981938,3.525369
15.1864,0.6886111,3.019345,1.981373,3.526023
15.20333,0.6859643,3.020268,1.980914,3.526859
15.21954,0.6843892,3.020846,1.980518,3.527493
15.2361,0.6823565,3.022149,1.980445,3.527574
15.25282,0.6803658,3.023049,1.979247,3.52757
15.26924,0.6783367,3.024314,1.979062,3.526774
15.2858,0.6768243,3.02524,1.978323,3.526571
15.30237,0.6747299,3.02646,1.978559,3.525077
15.31958,0.6726229,3.026062,1.978507,3.522099
15.3356,0.6703101,3.026496,1.978405,3.519547
15.35259,0.6682803,3.027017,1.978896,3.516819
15.36864,0.6667305,3.027325,1.979022,3.514608
15.38547,0.664367,3.027368,1.97857,3.513939
15.40226,0.6620637,3.027149,1.978189,3.513126
15.41834,0.6609531,3.027476,1.977815,3.512468
15.43492,0.6596796,3.027276,1.978123,3.512401
15.45147,0.6585693,3.027288,1.978338,3.512417
15.46803,0.6576498,3.027089,1.978008,3.512075
15.4846,0.6573545,3.027732,1.977645,3.512385
15.50117,0.6566156,3.027204,1.977986,3.512057
15.51805,0.656316,3.027156,1.978323,3.512029
15.53436,0.6561476,3.026618,1.979071,3.512353
15.55087,0.6561096,3.026231,1.979793,3.512303
15.56744,0.6557943,3.02619,1.980396,3.51339
15.58422,0.6553944,3.026045,1.980324,3.513301
15.60057,0.655189,3.026038,1.979987,3.514247
15.61752,0.6551585,3.026193,1.979689,3.515198
15.6337,0.6541476,3.026705,1.979459,3.515876
15.65044,0.6539456,3.027074,1.979239,3.516349
15.66684,0.6536793,3.027461,1.978781,3.517704
15.68378,0.6525772,3.027862,1.978688,3.518028
15.70021,0.6522816,3.027817,1.978838,3.518528
15.71699,0.6516936,3.02815,1.978711,3.519018
15.7331,0.6514994,3.027515,1.978303,3.519722
15.74997,0.6507056,3.028439,1.977987,3.520608
15.76624,0.650606,3.029216,1.977424,3.521943
15.7828,0.6502627,3.030452,1.976299,3.523167
15.79937,0.6505256,3.031519,1.975982,3.524132
15.81634,0.6504653,3.031336,1.975005,3.524806
15.83257,0.6501258,3.030873,1.973442,3.525822
15.84914,0.6504024,3.030764,1.972456,3.526857
15.86564,0.6503456,3.029773,1.970996,3.528123
15.88253,0.6508444,3.030077,1.969683,3.529558
15.89898,0.6507738,3.030068,1.968298,3.531056
15.91534,0.6506645,3.029485,1.967161,3.532028
15.93208,0.6505883,3.029526,1.966057,3.532925
15.94847,0.6516441,3.029875,1.96521,3.534207
15.96506,0.6531502,3.029619,1.965065,3.535325
15.98199,0.654192,3.029945,1.965049,3.535579
15.99817,0.6558513,3.030244,1.965182,3.536486
16.0154,0.6557711,3.030516,1.964862,3.536607
16.0313,0.6566595,3.030743,1.965031,3.536786
16.04787,0.6582785,3.031485,1.965733,3.536983
16.06443,0.6601969,3.031906,1.966223,3.537329
16.08111,0.6618211,3.03221,1.967047,3.537415
16.09812,0.6630503,3.032521,1.967669,3.537703
16.11413,0.664041,3.032764,1.968879,3.538045
16.13092,0.6641335,3.033594,1.969881,3.537987
16.14812,0.6663749,3.034208,1.970437,3.538545
16.16384,0.6674775,3.034753,1.970958,3.538742
16.18094,0.6680319,3.035945,1.971713,3.538595
16.19697,0.6700227,3.036553,1.972336,3.538546
16.21354,0.6714666,3.036666,1.972915,3.538404
16.23055,0.6732115,3.036871,1.973916,3.538929
16.24667,0.6750183,3.037578,1.974493,3.538815
16.26324,0.6758807,3.037856,1.974825,3.538668
16.2798,0.67794,3.03853,1.975689,3.539448
16.29637,0.6787414,3.038716,1.975901,3.539511
16.31338,0.6797758,3.038888,1.976206,3.53988
16.3295,0.680689,3.039046,1.976186,3.540171
16.34629,0.681466,3.039181,1.976059,3.540725
16.36263,0.6826367,3.039024,1.975802,3.540905
16.3801,0.6823342,3.039136,1.974863,3.541374
16.39577,0.6808574,3.039558,1.973876,3.54148
16.41234,0.6781592,3.039646,1.972181,3.540997
16.42897,0.6749292,3.039387,1.970502,3.540865
16.44547,0.668274,3.039473,1.969018,3.539613
16.46204,0.6624367,3.038695,1.967693,3.538792
16.47896,0.6561419,3.038279,1.966606,3.538106
16.49517,0.6514314,3.038477,1.965848,3.538615
16.51193,0.6469915,3.03841,1.963044,3.538537
16.5284,0.6434436,3.038635,1.959789,3.5396
16.54502,0.6395811,3.039082,1.956081,3.540228
16.56193,0.6345817,3.039768,1.949219,3.541934
16.578,0.6334824,3.039794,1.939215,3.545188
16.59457,0.6269277,3.038659,1.923161,3.550088
16.61114,0.6154528,3.030312,1.907449,3.552319
16.62771,0.605625,3.01877,1.895133,3.549697
16.64427,0.5926299,3.001392,1.88225,3.54063
16.66084,0.5775231,2.983661,1.87147,3.525207
16.67741,0.5585586,2.965336,1.859909,3.508041
16.69397,0.5357826,2.948169,1.845778,3.488464
16.71054,0.5164312,2.934614,1.834474,3.473129
16.72711,0.4885794,2.920418,1.821128,3.450485
16.74368,0.4660575,2.908017,1.811548,3.426024
16.76024,0.4391663,2.894497,1.80115,3.396637
16.77765,0.4168493,2.885943,1.793835,3.373799
16.79338,0.3861981,2.876893,1.7851,3.347835
16.80995,0.3570087,2.867418,1.776777,3.325812
16.82693,0.3326811,2.861114,1.770837,3.310516
16.84307,0.3026111,2.852207,1.765668,3.293509
16.86004,0.2802439,2.845645,1.762442,3.283674
16.87621,0.2567768,2.83977,1.758689,3.275834
16.89277,0.2369242,2.836438,1.755509,3.269686
16.91019,0.2249587,2.833114,1.755204,3.267427
16.92591,0.2152606,2.829592,1.761618,3.266112
16.94247,0.2141538,2.827945,1.768888,3.266002
16.95917,0.2210679,2.827679,1.777873,3.268553
16.97561,0.2353275,2.828836,1.787593,3.270158
16.99233,0.2558508,2.838178,1.803559,3.280674
17.00895,0.2882444,2.856932,1.831579,3.295071
17.02531,0.3194601,2.869646,1.853201,3.301346
17.04187,0.3573099,2.88759,1.872723,3.31
17.05844,0.3853693,2.914874,1.888126,3.320719
17.07501,0.4039275,2.935827,1.900985,3.32811
17.09175,0.4220028,2.953873,1.923013,3.336536
17.10814,0.4338176,2.965208,1.942184,3.342403
17.12471,0.449999,2.982384,1.965035,3.350018
17.14142,0.4597056,3.000234,1.979925,3.358045
17.15784,0.4645245,3.023968,1.999473,3.365941
17.17459,0.4650157,3.039734,2.021063,3.369015
17.19136,0.4661697,3.046039,2.037282,3.368545
17.20754,0.4675923,3.053123,2.053745,3.366765
17.22452,0.4690155,3.058526,2.062739,3.366289
17.24067,0.4696768,3.067185,2.067678,3.366813
17.25724,0.4682582,3.073259,2.068827,3.367537
17.27381,0.464743,3.077483,2.068097,3.367537
17.29037,0.4606911,3.081795,2.066688,3.36702
17.30736,0.4594909,3.083839,2.065629,3.366197
17.32377,0.4632876,3.08667,2.064269,3.364482
17.34026,0.4680721,3.088191,2.062923,3.363686
17.35729,0.4753074,3.090455,2.060182,3.365605
17.37353,0.4793694,3.092403,2.057065,3.367913
17.3898,0.4820443,3.093057,2.055284,3.368968
17.40634,0.4915014,3.094492,2.052457,3.37106
17.4229,0.4994996,3.094988,2.050424,3.372597
17.43977,0.5050186,3.096427,2.049228,3.37372
17.45604,0.5099516,3.096932,2.047359,3.37578
17.47261,0.5136806,3.097558,2.045368,3.377712
17.48917,0.5171164,3.098742,2.043197,3.37973
17.50604,0.5197414,3.098904,2.041392,3.381208
17.52231,0.5228855,3.098485,2.0389,3.382681
17.53887,0.5278807,3.098691,2.03707,3.38457
17.55546,0.5318475,3.099688,2.035385,3.385193
17.57201,0.5369372,3.100872,2.034068,3.386447
17.58895,0.541568,3.101645,2.032437,3.387128
17.60514,0.5475881,3.102885,2.030945,3.388698
17.62172,0.5524668,3.103616,2.029399,3.389448
17.63828,0.5555988,3.104605,2.027748,3.390059
17.65484,0.5601845,3.105941,2.025789,3.390615
17.67178,0.5650516,3.106989,2.02396,3.390818
17.68803,0.5737217,3.109383,2.022004,3.391559
17.70454,0.5833446,3.111748,2.020045,3.39281
17.72111,0.5970332,3.114062,2.01723,3.394125
17.73768,0.6118956,3.115415,2.013401,3.395529
17.75445,0.6274671,3.116071,2.009504,3.398668
17.77095,0.6431676,3.1169,2.005045,3.40169
17.78737,0.6565782,3.116982,2.001898,3.403791
17.80394,0.6723008,3.115679,1.997683,3.406355
17.82051,0.6835331,3.114877,1.993447,3.409129
17.83708,0.6894021,3.114618,1.991057,3.41095
17.85364,0.6931335,3.113674,1.988948,3.413059
17.87025,0.6938949,3.112679,1.988212,3.414411
17.88678,0.6916325,3.111718,1.987635,3.4155
17.90335,0.6880118,3.111176,1.988277,3.416136
17.91991,0.6856456,3.109585,1.989348,3.416562
17.93714,0.6820312,3.108198,1.990562,3.417048
17.95304,0.6794863,3.107531,1.991089,3.417386
17.96961,0.6767336,3.106698,1.992065,3.417739
17.98641,0.674814,3.106786,1.992401,3.418863
18.00275,0.6718402,3.104989,1.991797,3.419297
18.01931,0.6681548,3.104002,1.992108,3.420235
18.03588,0.6660722,3.103242,1.99244,3.420799
18.05244,0.6626462,3.102793,1.992943,3.421243
18.06901,0.6608956,3.102755,1.993162,3.421948
18.08558,0.6573611,3.102622,1.993563,3.422212
18.10215,0.6546263,3.101695,1.994207,3.422199
18.119,0.6526575,3.101783,1.994871,3.42223
18.13528,0.6505694,3.100939,1.995596,3.422188
18.15185,0.6488275,3.101345,1.995927,3.422752
18.16841,0.6473069,3.100599,1.995647,3.422903
18.18498,0.6467963,3.101079,1.994832,3.423598
18.20163,0.6468638,3.100964,1.993704,3.424615
18.21817,0.6470246,3.101393,1.993181,3.425967
18.23468,0.6473659,3.101242,1.992534,3.426155
18.25134,0.6488507,3.100785,1.991885,3.426981
18.26832,0.6501601,3.100657,1.991619,3.427408
18.28438,0.6506978,3.101155,1.991433,3.427406
18.30113,0.6511386,3.101274,1.990957,3.427763
18.31773,0.6507342,3.100828,1.990291,3.42772
18.33408,0.6503305,3.100147,1.988563,3.428042
18.35064,0.6502926,3.099521,1.987855,3.427984
18.36784,0.6493857,3.099032,1.987011,3.427712
18.38384,0.6472037,3.098886,1.986312,3.428053
18.40042,0.6449304,3.099305,1.985588,3.427721
18.41708,0.642239,3.099403,1.984824,3.428325
18.4338,0.6399795,3.098898,1.983715,3.428217
18.45004,0.6379788,3.098797,1.98319,3.427638
18.46661,0.6354212,3.097537,1.982175,3.426825
18.48318,0.6336523,3.097246,1.981925,3.426333
18.49974,0.6314415,3.097309,1.981653,3.425438
18.51635,0.6292429,3.096816,1.980837,3.425218
18.53288,0.6279372,3.096401,1.980171,3.424763
18.54944,0.6265421,3.096909,1.979847,3.42439
18.56601,0.6254827,3.096982,1.979582,3.424169
18.58306,0.6252642,3.096825,1.978486,3.424437
18.59927,0.6246603,3.097189,1.97753,3.424783
18.61571,0.6237197,3.097595,1.977331,3.424699
18.63228,0.6241663,3.098744,1.976755,3.424999
18.64931,0.6250248,3.099203,1.977213,3.424883
18.66541,0.6260014,3.099306,1.976768,3.42505
18.68198,0.6273071,3.100541,1.976565,3.425891
18.69855,0.6291428,3.101887,1.976494,3.426472
18.71511,0.6303972,3.10167,1.976314,3.426594
18.73168,0.6323193,3.100834,1.975422,3.426801
18.74825,0.6345514,3.101863,1.974656,3.427527
18.76482,0.6360496,3.102241,1.974396,3.428111
18.78138,0.6386026,3.102215,1.973235,3.428378
18.79795,0.6416304,3.102808,1.972864,3.428846
18.81452,0.6450904,3.103851,1.97162,3.429009
18.83108,0.6470744,3.1034,1.971434,3.429397
18.84807,0.6506218,3.103186,1.971232,3.429748
18.86458,0.6546722,3.104024,1.970735,3.430355
18.88078,0.6557285,3.103964,1.970971,3.430324
18.89735,0.6567085,3.103063,1.971416,3.430527
18.91392,0.6577645,3.103186,1.971807,3.430727
18.93048,0.6589204,3.103394,1.972156,3.430644
18.94705,0.6619239,3.102941,1.97186,3.431127
18.96362,0.6648706,3.103176,1.97192,3.430998
18.98037,0.6693028,3.104423,1.971915,3.431421
18.99675,0.671968,3.10478,1.972568,3.430976
19.01332,0.675928,3.105517,1.97277,3.430813
19.02988,0.679081,3.106988,1.973792,3.43098
19.04646,0.6803335,3.106751,1.974512,3.430868
19.06301,0.681099,3.106654,1.974731,3.431011
19.08044,0.6812467,3.107911,1.973898,3.431751
19.09628,0.682201,3.108523,1.973082,3.432668
19.11317,0.6836027,3.109323,1.972381,3.433704
19.12928,0.6854835,3.110556,1.971517,3.434144
19.14591,0.6872686,3.111334,1.971002,3.43498
19.16251,0.6875647,3.112054,1.970888,3.435556
19.17898,0.6870265,3.112903,1.97018,3.436457
19.19598,0.686229,3.113735,1.969295,3.436864
19.21212,0.6864707,3.11462,1.968821,3.438146
19.22885,0.6872261,3.114524,1.967575,3.438125
19.24559,0.6870786,3.115016,1.966505,3.438946
19.26182,0.6860952,3.115772,1.965586,3.439677
19.27839,0.685105,3.115983,1.964945,3.440861
19.2952,0.6832534,3.115711,1.964538,3.442426
19.31198,0.6814073,3.11546,1.963897,3.443196
19.32809,0.6803817,3.115433,1.964041,3.44455
19.34465,0.6800539,3.115531,1.96347,3.445046
19.36122,0.6791917,3.115479,1.963072,3.445897
19.37779,0.6778842,3.113566,1.962638,3.446203
19.39436,0.6767617,3.112789,1.962265,3.445892
19.41092,0.675139,3.112469,1.962005,3.446363
19.42749,0.6732832,3.112411,1.962295,3.446321
19.44406,0.6723065,3.112161,1.962905,3.445896
19.46119,0.6705685,3.111265,1.962786,3.446441
19.47757,0.669074,3.11112,1.962766,3.445993
19.49393,0.6675099,3.10955,1.963523,3.445986
19.5104,0.6661323,3.109332,1.963599,3.446244
19.52714,0.6651466,3.109409,1.964043,3.44641
19.54345,0.6644284,3.108953,1.964619,3.446635
19.5602,0.6636381,3.108209,1.964371,3.447013
19.57659,0.6625763,3.10788,1.964301,3.448001
19.59333,0.661339,3.106801,1.964824,3.448574
19.60972,0.6608945,3.106586,1.965418,3.448456
19.62629,0.6604858,3.106786,1.965492,3.448948
19.64286,0.6601515,3.106427,1.965838,3.449105
19.65942,0.6595479,3.106975,1.96557,3.449813
19.67599,0.6590202,3.106256,1.965083,3.450105
19.69256,0.6585503,3.106411,1.964774,3.450093
19.70912,0.6576168,3.106105,1.964099,3.450962
19.72569,0.6578903,3.105679,1.963911,3.450852
19.74226,0.6581966,3.106606,1.963068,3.451836
19.75914,0.6590424,3.106571,1.962634,3.452441
19.77539,0.659726,3.106691,1.962332,3.452752
19.79196,0.660064,3.106867,1.961703,3.453485
19.80853,0.6603477,3.107236,1.961507,3.45395
19.82523,0.6608723,3.107643,1.961029,3.45424
19.84166,0.6616105,3.107631,1.960911,3.454619
19.85833,0.6622225,3.107359,1.960782,3.455122
19.87502,0.6624736,3.107449,1.960672,3.455538
19.89136,0.6616161,3.10746,1.960595,3.45605
19.90812,0.6616616,3.107793,1.960511,3.456616
19.92451,0.6611888,3.108029,1.960452,3.456722
19.94138,0.6601299,3.108899,1.960088,3.457185
19.95762,0.6592727,3.10872,1.959794,3.457549
19.97419,0.6584828,3.108867,1.959817,3.458121
19.99084,0.6567112,3.109318,1.959561,3.458386
20.00732,0.6559414,3.10997,1.95932,3.459145
20.02389,0.6546913,3.110241,1.959134,3.459313
20.04046,0.6537631,3.110789,1.959256,3.45971
20.05702,0.6527404,3.111281,1.959341,3.459452
20.07371,0.651771,3.111322,1.959435,3.45953
20.09016,0.6504208,3.111461,1.959226,3.460157
20.10674,0.6489487,3.112402,1.959053,3.460135
20.12329,0.6473845,3.113467,1.959187,3.460381
20.13986,0.6465374,3.113634,1.95928,3.460328
20.15684,0.6453232,3.113985,1.959116,3.459443
20.17299,0.6450126,3.114966,1.959217,3.459198
20.18956,0.6437733,3.115661,1.959328,3.459012
20.20653,0.6424585,3.115628,1.959405,3.458552
20.22269,0.6415202,3.115938,1.959489,3.457044
20.23926,0.6401751,3.117095,1.959279,3.456032
20.25583,0.6390079,3.118011,1.959362,3.454493
20.2724,0.6374705,3.119422,1.959452,3.45158
20.28896,0.6366136,3.119744,1.959515,3.449943
20.30553,0.6348323,3.120038,1.958744,3.4477
20.3221,0.6331047,3.120025,1.958888,3.446243
20.33866,0.6315444,3.120012,1.958472,3.444779
20.35523,0.629366,3.120867,1.958688,3.443513
20.37225,0.6286085,3.120436,1.958607,3.442734
20.38836,0.6274013,3.120623,1.958804,3.442057
20.40539,0.6269467,3.121065,1.958973,3.442006
20.42149,0.6258761,3.12037,1.958817,3.441776
20.43806,0.6247461,3.120318,1.958984,3.441825
20.45473,0.623928,3.120281,1.959101,3.441616
20.47119,0.6225345,3.119942,1.958954,3.44167
20.48776,0.6213704,3.119666,1.959074,3.440887
20.50442,0.6188909,3.119987,1.959205,3.439889
20.52093,0.6159313,3.12028,1.959043,3.437909
