21.18259,1.944095,0.1960917,2.328157,2.662081
0.0165666,1.825719,2.242078E-44,2.106847,3.005974
0.03313881,1.822495,2.242078E-44,2.102321,3.007001
0.04969981,1.820464,2.242078E-44,2.094304,3.008271
0.0662647,1.816379,2.242078E-44,2.088075,3.008743
0.08283326,1.812379,2.242078E-44,2.07958,3.009495
0.1001135,1.808361,2.242078E-44,2.071412,3.01014
0.1160784,1.805099,2.242078E-44,2.06465,3.011571
0.1325331,1.802426,2.242078E-44,2.056356,3.013635
0.1491002,1.801601,2.242078E-44,2.049574,3.016103
0.1656665,1.802497,2.242078E-44,2.041441,3.01924
0.1822336,1.801554,2.242078E-44,2.033617,3.022172
0.1990684,1.799082,2.242078E-44,2.028614,3.0248
0.2153651,1.795539,2.242078E-44,2.022586,3.026947
0.2322874,1.792882,2.242078E-44,2.018548,3.028444
0.2484998,1.790532,2.242078E-44,2.013103,3.030342
0.2653431,1.791327,2.242078E-44,2.009006,3.032614
0.2816335,1.794873,2.242078E-44,2.003495,3.03424
0.2982001,1.802942,2.242078E-44,1.998181,3.036466
0.3147642,1.813306,2.242078E-44,1.992788,3.037248
0.3315605,1.822188,2.242078E-44,1.988156,3.038767
0.3478984,1.832351,2.242078E-44,1.983305,3.040114
0.364614,1.842731,2.242078E-44,1.978611,3.042395
0.3810311,1.85791,2.242078E-44,1.972592,3.044882
0.3978615,1.868182,2.242078E-44,1.968271,3.047764
0.4143381,1.876846,2.242078E-44,1.962865,3.050879
0.4307334,1.881231,2.242078E-44,1.95996,3.053663
0.4473002,1.884429,2.242078E-44,1.956549,3.056253
0.463867,1.884334,2.242078E-44,1.954211,3.058195
0.4804336,1.882981,2.242078E-44,1.952025,3.06014
0.4970005,1.881431,2.242078E-44,1.950326,3.061558
0.5135912,1.879264,2.242078E-44,1.948868,3.062827
0.5301337,1.875696,2.242078E-44,1.948198,3.064414
0.5467001,1.872656,2.242078E-44,1.947896,3.066076
0.5632674,1.869475,2.242078E-44,1.948438,3.067117
0.5798333,1.865295,2.242078E-44,1.949789,3.068099
0.5963994,1.862393,2.242078E-44,1.950678,3.069464
0.6129643,1.859195,2.242078E-44,1.951712,3.070687
0.6295308,1.858749,2.242078E-44,1.952663,3.071164
0.6460996,1.860365,2.242078E-44,1.953408,3.072138
0.6626667,1.863729,2.242078E-44,1.95434,3.073283
0.6793989,1.866619,2.242078E-44,1.955996,3.073967
0.6959799,1.871935,2.242078E-44,1.957418,3.07368
0.7123663,1.875154,2.242078E-44,1.958561,3.073258
0.7289335,1.878964,2.242078E-44,1.96159,3.073098
0.7454998,1.883348,2.242078E-44,1.96419,3.072669
0.7621381,1.886123,2.242078E-44,1.966286,3.073236
0.7786335,1.889496,2.242078E-44,1.969636,3.073079
0.7952003,1.891257,2.242078E-44,1.972289,3.072452
0.8117664,1.895052,2.242078E-44,1.97652,3.071815
0.8283333,1.89802,2.242078E-44,1.981824,3.070128
0.8448997,1.900815,2.242078E-44,1.986503,3.068676
0.861467,1.90349,2.242078E-44,1.991244,3.068016
0.8780317,1.905675,2.242078E-44,1.995116,3.066796
0.894598,1.909694,2.242078E-44,1.999778,3.065511
0.9111649,1.912297,2.242078E-44,2.003245,3.064562
0.9277318,1.915089,2.242078E-44,2.008146,3.062505
0.9443088,1.916622,2.242078E-44,2.012372,3.060738
0.9608644,1.917,2.242078E-44,2.014968,3.059507
0.977431,1.917706,2.242078E-44,2.017939,3.058164
0.9939979,1.918517,2.242078E-44,2.02047,3.056945
1.010565,1.920139,2.242078E-44,2.022955,3.054833
1.02749,1.921512,2.242078E-44,2.025519,3.053179
1.04372,1.921971,2.242078E-44,2.026784,3.052328
1.06085,1.921027,2.242078E-44,2.028435,3.050827
1.076833,1.92007,2.242078E-44,2.029488,3.050141
1.093485,1.916079,2.242078E-44,2.031538,3.047835
1.109966,1.910084,2.242078E-44,2.033016,3.04332
1.127474,1.903183,2.242078E-44,2.034134,3.038907
1.143099,1.893675,2.242078E-44,2.036675,3.030251
1.159665,1.890156,2.242078E-44,2.03966,3.017544
1.17663,1.891633,2.242078E-44,2.046301,2.988249
1.193204,1.911516,2.242078E-44,2.06137,2.942793
1.209364,1.949706,2.242078E-44,2.075569,2.894447
1.226483,1.995286,2.242078E-44,2.099262,2.826961
1.24348,2.021407,2.242078E-44,2.141132,2.762891
1.259176,2.06654,2.242078E-44,2.207213,2.696206
1.275836,2.086572,2.242078E-44,2.258903,2.652267
1.2924,2.091361,2.242078E-44,2.323605,2.618215
1.308764,2.09778,2.242078E-44,2.391024,2.603382
1.325331,2.108737,2.242078E-44,2.443733,2.601908
1.3419,2.131594,2.242078E-44,2.508548,2.607375
1.358581,2.147365,2.242078E-44,2.560102,2.614859
1.375033,2.149509,2.242078E-44,2.625173,2.626347
1.391814,2.143638,2.242078E-44,2.687498,2.638481
1.408484,2.143175,2.242078E-44,2.742363,2.651409
1.424733,2.142897,2.242078E-44,2.78863,2.663385
1.4413,2.13855,2.242078E-44,2.819167,2.673038
1.457866,2.131692,2.242078E-44,2.852076,2.683893
1.474718,2.130657,2.242078E-44,2.882313,2.693232
1.49131,2.130811,2.242078E-44,2.903268,2.699462
1.507566,2.127264,2.242078E-44,2.924783,2.705188
1.524757,2.127321,2.242078E-44,2.936809,2.710603
1.540699,2.13026,2.242078E-44,2.947387,2.71759
1.557938,2.131385,2.242078E-44,2.95314,2.721863
1.573832,2.127199,2.242078E-44,2.960899,2.725247
1.590465,2.121705,2.242078E-44,2.966962,2.727622
1.606967,2.120689,2.242078E-44,2.969578,2.729051
1.623531,2.126593,2.242078E-44,2.97105,2.730598
1.640535,2.131246,2.242078E-44,2.972077,2.732823
1.656664,2.129307,2.242078E-44,2.972323,2.734137
1.673233,2.123736,2.242078E-44,2.970839,2.733818
1.6898,2.120757,2.242078E-44,2.967275,2.73279
1.706835,2.121027,2.242078E-44,2.957686,2.730709
1.723055,2.12585,2.242078E-44,2.945281,2.730937
1.73976,2.142035,2.242078E-44,2.924355,2.73423
1.756067,2.151535,2.242078E-44,2.902821,2.73865
1.772633,2.160018,2.242078E-44,2.869802,2.747369
1.789199,2.163663,2.242078E-44,2.833014,2.760224
1.8067,2.169712,2.242078E-44,2.791501,2.777512
1.822333,2.184943,2.242078E-44,2.741913,2.800022
1.8389,2.217499,2.242078E-44,2.68064,2.826372
1.855467,2.254306,2.242078E-44,2.6228,2.85092
1.872119,2.309828,2.242078E-44,2.543072,2.882503
1.8886,2.35108,2.242078E-44,2.476693,2.908042
1.905167,2.386211,2.242078E-44,2.398256,2.939449
1.921732,2.411281,2.242078E-44,2.337909,2.9645
1.9383,2.426972,2.242078E-44,2.268684,2.99645
1.955072,2.426132,2.242078E-44,2.205556,3.030086
1.971603,2.41965,2.242078E-44,2.158428,3.056458
1.987998,2.404065,2.242078E-44,2.105508,3.087507
2.004567,2.385758,2.242078E-44,2.069044,3.111316
2.021133,2.359465,2.242078E-44,2.028751,3.137971
2.0377,2.335217,2.242078E-44,1.993611,3.161717
2.054488,2.316548,2.242078E-44,1.968834,3.178152
2.070832,2.295273,2.242078E-44,1.941885,3.197052
2.087398,2.279208,2.242078E-44,1.923597,3.210282
2.103966,2.259191,2.242078E-44,1.904443,3.224668
2.120901,2.243798,2.242078E-44,1.891033,3.234747
2.1371,2.225711,2.242078E-44,1.87646,3.245378
2.153666,2.209056,2.242078E-44,1.863655,3.254507
2.170829,2.193915,2.242078E-44,1.852977,3.262046
2.1868,2.180374,2.242078E-44,1.844654,3.267382
2.203631,2.166776,2.242078E-44,1.838928,3.270577
2.220032,2.157944,2.242078E-44,1.835636,3.272531
2.236858,2.146316,2.242078E-44,1.83174,3.274733
2.253066,2.136124,2.242078E-44,1.829247,3.276767
2.270146,2.123101,2.242078E-44,1.827093,3.279767
2.286227,2.113851,2.242078E-44,1.825123,3.280941
2.302765,2.1037,2.242078E-44,1.824991,3.282503
2.319334,2.092698,2.242078E-44,1.825416,3.284427
2.33648,2.082894,2.242078E-44,1.825942,3.285366
2.352467,2.068872,2.242078E-44,1.827089,3.28656
2.369033,2.054628,2.242078E-44,1.82857,3.286937
2.3856,2.034411,2.242078E-44,1.831332,3.286257
2.402165,2.017846,2.242078E-44,1.834029,3.284366
2.418732,1.995538,2.242078E-44,1.838545,3.281745
2.4353,1.973823,2.242078E-44,1.843862,3.278391
2.452291,1.958499,2.242078E-44,1.848324,3.275982
2.468507,1.939233,2.242078E-44,1.853938,3.271995
2.485,1.92583,2.242078E-44,1.858075,3.269498
2.501889,1.910033,2.242078E-44,1.862584,3.266478
2.518134,1.896792,2.242078E-44,1.867279,3.264689
2.5347,1.888892,2.242078E-44,1.870758,3.263013
2.551823,1.87909,2.242078E-44,1.875968,3.261971
2.567833,1.876045,2.242078E-44,1.879315,3.261744
2.5844,1.874112,2.242078E-44,1.882794,3.261232
2.600966,1.872401,2.242078E-44,1.88578,3.261349
2.617533,1.873008,2.242078E-44,1.888285,3.261751
2.6341,1.874621,2.242078E-44,1.891352,3.26236
2.650666,1.876119,2.242078E-44,1.893509,3.26268
2.667233,1.877789,2.242078E-44,1.896429,3.262593
2.68397,1.879814,2.242078E-44,1.899485,3.263073
2.700515,1.879588,2.242078E-44,1.901565,3.263295
2.71693,1.881641,2.242078E-44,1.904169,3.26396
2.73378,1.883464,2.242078E-44,1.905985,3.26437
2.750066,1.883779,2.242078E-44,1.907674,3.264327
2.766631,1.884202,2.242078E-44,1.908496,3.26383
2.783197,1.883565,2.242078E-44,1.910122,3.264993
2.799766,1.883344,2.242078E-44,1.91096,3.265701
2.816395,1.88326,2.242078E-44,1.911723,3.265894
2.8329,1.882226,2.242078E-44,1.913457,3.265627
2.849997,1.881971,2.242078E-44,1.915064,3.265281
2.866033,1.880853,2.242078E-44,1.916626,3.265126
2.8826,1.878756,2.242078E-44,1.91741,3.264958
2.899224,1.876887,2.242078E-44,1.918263,3.265228
2.91573,1.875366,2.242078E-44,1.919082,3.265363
2.932388,1.873726,2.242078E-44,1.919768,3.264896
2.949303,1.871743,2.242078E-44,1.921214,3.26447
2.965487,1.870675,2.242078E-44,1.922181,3.263839
2.982234,1.868286,2.242078E-44,1.923369,3.263389
2.998566,1.865138,2.242078E-44,1.925187,3.261198
3.015133,1.863675,2.242078E-44,1.927169,3.259613
3.031699,1.861469,2.242078E-44,1.930094,3.257956
3.048266,1.858975,2.242078E-44,1.932906,3.256832
3.064833,1.857098,2.242078E-44,1.934867,3.25604
3.081401,1.854117,2.242078E-44,1.936705,3.254887
3.098081,1.851916,2.242078E-44,1.938521,3.254353
3.114922,1.849942,2.242078E-44,1.940708,3.253438
3.131217,1.847681,2.242078E-44,1.942621,3.253326
3.147783,1.845774,2.242078E-44,1.944802,3.253122
3.164351,1.843529,2.242078E-44,1.946402,3.252963
3.180917,1.841403,2.242078E-44,1.947662,3.253205
3.197484,1.836967,2.242078E-44,1.949405,3.253318
3.21405,1.835004,2.242078E-44,1.95062,3.253494
3.230879,1.832894,2.242078E-44,1.951671,3.252752
3.247255,1.831089,2.242078E-44,1.952848,3.252946
3.263748,1.828935,2.242078E-44,1.953668,3.252608
3.280314,1.826937,2.242078E-44,1.954726,3.252156
3.297156,1.826406,2.242078E-44,1.955922,3.251917
3.31345,1.824937,2.242078E-44,1.956789,3.251381
3.330258,1.823948,2.242078E-44,1.958955,3.251777
3.346583,1.824369,2.242078E-44,1.961087,3.250999
3.363427,1.823717,2.242078E-44,1.964632,3.250558
3.379714,1.822716,2.242078E-44,1.967251,3.249073
3.396281,1.820055,2.242078E-44,1.969891,3.247783
3.412849,1.818329,2.242078E-44,1.971616,3.247455
3.429428,1.815732,2.242078E-44,1.973365,3.246693
3.445983,1.81267,2.242078E-44,1.97485,3.246304
3.462599,1.810069,2.242078E-44,1.975141,3.245581
3.479116,1.808639,2.242078E-44,1.975828,3.245084
3.495681,1.8068,2.242078E-44,1.976024,3.244775
3.51225,1.804735,2.242078E-44,1.976029,3.244656
3.528816,1.802928,2.242078E-44,1.976324,3.244563
3.545381,1.800898,2.242078E-44,1.976464,3.244313
3.56195,1.799658,2.242078E-44,1.976963,3.244544
3.578565,1.797703,2.242078E-44,1.977311,3.244022
3.595083,1.796624,2.242078E-44,1.978821,3.242872
3.61165,1.794674,2.242078E-44,1.979821,3.241113
3.628612,1.791974,2.242078E-44,1.981256,3.239531
3.645164,1.788348,2.242078E-44,1.981943,3.238476
3.661935,1.786244,2.242078E-44,1.981447,3.237504
3.677915,1.787134,2.242078E-44,1.980977,3.236718
3.694712,1.790099,2.242078E-44,1.979708,3.236351
3.711501,1.792364,2.242078E-44,1.978595,3.236196
3.727616,1.794573,2.242078E-44,1.97738,3.236733
3.744183,1.794348,2.242078E-44,1.976534,3.237381
3.760773,1.792347,2.242078E-44,1.975611,3.237751
3.777314,1.790075,2.242078E-44,1.975832,3.237736
3.793883,1.785792,2.242078E-44,1.97643,3.237765
3.81045,1.78018,2.242078E-44,1.978347,3.237824
3.827014,1.776127,2.242078E-44,1.979093,3.238647
3.84358,1.771589,2.242078E-44,1.980351,3.238838
3.860147,1.769113,2.242078E-44,1.98204,3.239562
3.876716,1.76524,2.242078E-44,1.985434,3.239924
3.893283,1.759671,2.242078E-44,1.989495,3.240782
3.910043,1.757123,2.242078E-44,1.992994,3.241566
3.92652,1.75271,2.242078E-44,1.9971,3.242193
3.942981,1.748932,2.242078E-44,2.000856,3.243362
3.95955,1.743132,2.242078E-44,2.005829,3.244582
3.976116,1.739358,2.242078E-44,2.009749,3.245778
3.99268,1.736622,2.242078E-44,2.014296,3.247787
4.009577,1.73513,2.242078E-44,2.017927,3.249512
4.025813,1.734833,2.242078E-44,2.021024,3.250433
4.042446,1.734909,2.242078E-44,2.024201,3.252031
4.058949,1.735493,2.242078E-44,2.025723,3.252937
4.075515,1.737003,2.242078E-44,2.026026,3.254774
4.09214,1.738839,2.242078E-44,2.026588,3.256068
4.108646,1.739228,2.242078E-44,2.026705,3.256793
4.125215,1.739337,2.242078E-44,2.026298,3.258376
4.141782,1.740004,2.242078E-44,2.025584,3.260009
4.158348,1.739978,2.242078E-44,2.024795,3.260855
4.174915,1.739716,2.242078E-44,2.023561,3.261856
4.191479,1.739766,2.242078E-44,2.023152,3.262234
4.208046,1.741255,2.242078E-44,2.021885,3.262218
4.224615,1.744005,2.242078E-44,2.021387,3.262246
4.241205,1.74885,2.242078E-44,2.021191,3.262511
4.257748,1.752697,2.242078E-44,2.021055,3.263396
4.274418,1.758276,2.242078E-44,2.020341,3.265476
4.290882,1.765908,2.242078E-44,2.019702,3.267528
4.307448,1.771531,2.242078E-44,2.019154,3.269241
4.324015,1.779781,2.242078E-44,2.018991,3.271026
4.340582,1.787836,2.242078E-44,2.01826,3.272646
4.357148,1.796344,2.242078E-44,2.017666,3.275107
4.373713,1.804762,2.242078E-44,2.016318,3.277502
4.390281,1.811089,2.242078E-44,2.014702,3.279791
4.406923,1.819583,2.242078E-44,2.013043,3.283167
4.423414,1.825384,2.242078E-44,2.011547,3.285098
4.439991,1.832226,2.242078E-44,2.007912,3.288607
4.456548,1.839275,2.242078E-44,2.003986,3.291621
4.473115,1.84452,2.242078E-44,2.000071,3.29402
4.489682,1.851218,2.242078E-44,1.994676,3.296277
4.506251,1.856488,2.242078E-44,1.990107,3.298707
4.522816,1.860306,2.242078E-44,1.984707,3.302297
4.539511,1.862497,2.242078E-44,1.977244,3.304798
4.555947,1.863614,2.242078E-44,1.971524,3.307971
4.572514,1.862512,2.242078E-44,1.96368,3.311374
4.589083,1.861359,2.242078E-44,1.956349,3.314093
4.60565,1.858033,2.242078E-44,1.945529,3.318018
4.622214,1.854527,2.242078E-44,1.93601,3.321413
4.638897,1.850488,2.242078E-44,1.924981,3.324912
4.65535,1.846746,2.242078E-44,1.914637,3.328756
4.671916,1.844525,2.242078E-44,1.907248,3.332622
4.688483,1.841052,2.242078E-44,1.899452,3.335942
4.70505,1.83832,2.242078E-44,1.89378,3.33811
4.721616,1.835175,2.242078E-44,1.887013,3.340064
4.738183,1.831926,2.242078E-44,1.881809,3.341159
4.754748,1.830549,2.242078E-44,1.878734,3.341026
4.771317,1.829915,2.242078E-44,1.87554,3.340838
4.787929,1.831631,2.242078E-44,1.87391,3.339006
4.804448,1.833961,2.242078E-44,1.872484,3.336878
4.821018,1.83763,2.242078E-44,1.872424,3.333903
4.837583,1.8419,2.242078E-44,1.872446,3.331161
4.85415,1.845279,2.242078E-44,1.873239,3.328454
4.870716,1.847797,2.242078E-44,1.873733,3.326337
4.887282,1.851516,2.242078E-44,1.875766,3.323747
4.903851,1.854218,2.242078E-44,1.877673,3.321897
4.920417,1.857278,2.242078E-44,1.880561,3.31936
4.937173,1.860505,2.242078E-44,1.88418,3.317157
4.953844,1.863871,2.242078E-44,1.886851,3.31548
4.970117,1.86728,2.242078E-44,1.890421,3.313884
4.986683,1.87016,2.242078E-44,1.892949,3.312291
5.00325,1.87012,2.242078E-44,1.895615,3.309056
5.019817,1.867543,2.242078E-44,1.89882,3.297742
5.036639,1.86913,2.242078E-44,1.904717,3.274885
5.05295,1.913898,2.242078E-44,1.913966,3.231061
5.069673,1.98702,2.242078E-44,1.920684,3.187281
5.086082,2.069623,2.242078E-44,1.925347,3.129343
5.102834,2.120676,2.242078E-44,1.924734,3.087277
5.119439,2.196977,2.242078E-44,1.938931,3.042043
5.135783,2.53757,2.242078E-44,1.988877,2.989522
5.15292,2.819586,2.242078E-44,2.039215,2.957322
5.168916,2.868821,2.242078E-44,2.077776,2.946853
5.185483,2.875588,2.242078E-44,2.123519,2.9502
5.202436,2.878758,2.242078E-44,2.169403,2.954765
5.218769,2.885431,2.242078E-44,2.232356,2.961746
5.235183,2.885029,2.242078E-44,2.285794,2.966691
5.251863,2.867965,2.242078E-44,2.35602,2.973674
5.268314,2.844349,2.242078E-44,2.409551,2.979578
5.284883,2.818067,2.242078E-44,2.469537,2.98957
5.30145,2.795454,2.242078E-44,2.52533,2.99868
5.318015,2.77644,2.242078E-44,2.566887,3.005714
5.334581,2.751985,2.242078E-44,2.612532,3.014547
5.35115,2.729346,2.242078E-44,2.643486,3.022628
5.367716,2.698847,2.242078E-44,2.67808,3.030467
5.384284,2.667853,2.242078E-44,2.709147,3.038004
5.401705,2.640518,2.242078E-44,2.731604,3.042521
5.418001,2.604239,2.242078E-44,2.756257,3.046403
5.434153,2.575067,2.242078E-44,2.773002,3.048236
5.450551,2.540156,2.242078E-44,2.790942,3.050189
5.467256,2.51605,2.242078E-44,2.805773,3.051615
5.483684,2.485743,2.242078E-44,2.824461,3.053955
5.50025,2.45547,2.242078E-44,2.839318,3.056496
5.516817,2.42899,2.242078E-44,2.8477,3.056898
5.533384,2.397747,2.242078E-44,2.859518,3.055155
5.54995,2.370574,2.242078E-44,2.869766,3.054418
5.566516,2.34957,2.242078E-44,2.878122,3.054203
5.583508,2.326455,2.242078E-44,2.88771,3.052736
5.59965,2.311402,2.242078E-44,2.893991,3.051275
5.616297,2.294518,2.242078E-44,2.900781,3.049956
5.632783,2.280817,2.242078E-44,2.904979,3.049114
5.64935,2.267219,2.242078E-44,2.907041,3.047826
5.665917,2.262321,2.242078E-44,2.904582,3.046994
5.682529,2.262381,2.242078E-44,2.897986,3.047083
5.69905,2.268681,2.242078E-44,2.885171,3.048959
5.715615,2.279782,2.242078E-44,2.869613,3.053976
5.732183,2.29745,2.242078E-44,2.843263,3.063063
5.74875,2.318222,2.242078E-44,2.809899,3.074823
5.765317,2.343519,2.242078E-44,2.775985,3.085184
5.781884,2.388956,2.242078E-44,2.723538,3.100899
5.79845,2.430131,2.242078E-44,2.676589,3.114878
5.815017,2.46892,2.242078E-44,2.615675,3.135139
5.831785,2.48439,2.242078E-44,2.569115,3.154085
5.848151,2.48245,2.242078E-44,2.515508,3.176983
5.865193,2.462609,2.242078E-44,2.456069,3.201744
5.881741,2.447115,2.242078E-44,2.416046,3.216182
5.898064,2.430578,2.242078E-44,2.363625,3.233716
5.914705,2.41905,2.242078E-44,2.317848,3.248776
5.930984,2.397814,2.242078E-44,2.261559,3.265627
5.947551,2.371487,2.242078E-44,2.205903,3.282691
5.964118,2.34662,2.242078E-44,2.163332,3.296739
5.980768,2.318209,2.242078E-44,2.110207,3.315916
5.997251,2.298897,2.242078E-44,2.067151,3.334182
6.013818,2.273522,2.242078E-44,2.014052,3.357958
6.030385,2.248659,2.242078E-44,1.961425,3.383161
6.046951,2.226436,2.242078E-44,1.922535,3.401452
6.063518,2.196339,2.242078E-44,1.880353,3.422728
6.080085,2.166566,2.242078E-44,1.853091,3.436454
6.096652,2.126571,2.242078E-44,1.826687,3.451372
6.113218,2.095985,2.242078E-44,1.809561,3.462968
6.130166,2.059797,2.242078E-44,1.791559,3.473559
6.146351,2.028526,2.242078E-44,1.777803,3.481266
6.162918,2.009803,2.242078E-44,1.770052,3.487139
6.17962,1.990636,2.242078E-44,1.764128,3.492029
6.196051,1.976506,2.242078E-44,1.761361,3.494647
6.212617,1.965459,2.242078E-44,1.761528,3.49512
6.229182,1.958214,2.242078E-44,1.765302,3.492967
6.246379,1.950291,2.242078E-44,1.771651,3.489688
6.262315,1.94394,2.242078E-44,1.777197,3.485709
6.279002,1.934351,2.242078E-44,1.781248,3.480912
6.295451,1.926425,2.242078E-44,1.785019,3.474859
6.312017,1.920166,2.242078E-44,1.788274,3.470226
6.329151,1.916133,2.242078E-44,1.790484,3.466785
6.345148,1.913032,2.242078E-44,1.792975,3.463001
6.361717,1.91039,2.242078E-44,1.795501,3.45978
6.378284,1.90781,2.242078E-44,1.798962,3.455248
6.394851,1.90585,2.242078E-44,1.801934,3.450825
6.411417,1.904041,2.242078E-44,1.803733,3.446998
6.427984,1.902058,2.242078E-44,1.806604,3.443177
6.44465,1.902686,2.242078E-44,1.80957,3.439936
6.461118,1.903386,2.242078E-44,1.813578,3.435724
6.477685,1.903289,2.242078E-44,1.8172,3.432491
6.494251,1.904288,2.242078E-44,1.822133,3.429861
6.510855,1.906242,2.242078E-44,1.828356,3.427347
6.527732,1.90782,2.242078E-44,1.832859,3.424774
6.543952,1.911827,2.242078E-44,1.838962,3.421839
6.560519,1.914758,2.242078E-44,1.844816,3.419334
6.577084,1.915773,2.242078E-44,1.851739,3.416046
6.593651,1.914924,2.242078E-44,1.857144,3.412615
6.610253,1.914403,2.242078E-44,1.860895,3.410021
6.626784,1.914611,2.242078E-44,1.866154,3.407493
6.643351,1.914791,2.242078E-44,1.870088,3.405022
6.659918,1.915236,2.242078E-44,1.873731,3.403165
6.676485,1.914205,2.242078E-44,1.877442,3.401896
6.693051,1.911993,2.242078E-44,1.880312,3.400814
6.709621,1.909708,2.242078E-44,1.883641,3.399269
6.727356,1.908003,2.242078E-44,1.886391,3.398489
6.744485,1.906008,2.242078E-44,1.890317,3.397024
6.760489,1.904454,2.242078E-44,1.893439,3.396492
6.777056,1.902087,2.242078E-44,1.896618,3.395858
6.793622,1.899018,2.242078E-44,1.899099,3.395604
6.81019,1.896836,2.242078E-44,1.901223,3.394961
6.826807,1.894433,2.242078E-44,1.903884,3.394534
6.843323,1.893051,2.242078E-44,1.906598,3.394014
6.859892,1.892894,2.242078E-44,1.910495,3.393173
6.876459,1.893059,2.242078E-44,1.914663,3.392143
6.893025,1.892417,2.242078E-44,1.917569,3.391323
6.909589,1.891793,2.242078E-44,1.921312,3.39058
6.926347,1.889802,2.242078E-44,1.925364,3.389642
6.942725,1.887553,2.242078E-44,1.928305,3.388562
6.959813,1.884783,2.242078E-44,1.93137,3.387387
6.975919,1.881931,2.242078E-44,1.933507,3.386513
6.992541,1.879115,2.242078E-44,1.936154,3.38615
7.008992,1.87664,2.242078E-44,1.938333,3.385735
7.025558,1.872294,2.242078E-44,1.940855,3.384643
7.042125,1.867989,2.242078E-44,1.942421,3.384253
7.058692,1.86507,2.242078E-44,1.944164,3.383765
7.075412,1.861477,2.242078E-44,1.946401,3.382342
7.091823,1.85957,2.242078E-44,1.947396,3.381491
7.108389,1.855922,2.242078E-44,1.948312,3.381554
7.124957,1.853523,2.242078E-44,1.94908,3.381084
7.141525,1.849891,2.242078E-44,1.95034,3.380641
7.158092,1.847381,2.242078E-44,1.951705,3.380542
7.174658,1.844814,2.242078E-44,1.952656,3.379632
7.191249,1.843278,2.242078E-44,1.953694,3.37912
7.208366,1.84262,2.242078E-44,1.954417,3.378356
7.2244,1.840854,2.242078E-44,1.954906,3.377476
7.24125,1.837847,2.242078E-44,1.955052,3.376419
7.257665,1.835783,2.242078E-44,1.95562,3.376256
7.274058,1.833271,2.242078E-44,1.955938,3.375655
7.290625,1.831175,2.242078E-44,1.956404,3.375015
7.307338,1.827081,2.242078E-44,1.956731,3.374177
7.323758,1.823538,2.242078E-44,1.956893,3.374134
7.340324,1.821428,2.242078E-44,1.956975,3.373943
7.357154,1.818676,2.242078E-44,1.957137,3.373977
7.373512,1.816825,2.242078E-44,1.957466,3.373529
7.390024,1.81474,2.242078E-44,1.957524,3.373313
7.406589,1.813058,2.242078E-44,1.957808,3.373188
7.423158,1.811752,2.242078E-44,1.958708,3.373595
7.439725,1.810357,2.242078E-44,1.959721,3.373369
7.456291,1.808578,2.242078E-44,1.9609,3.373265
7.472964,1.806749,2.242078E-44,1.962186,3.373096
7.489425,1.805384,2.242078E-44,1.963074,3.373305
7.505991,1.804907,2.242078E-44,1.965191,3.373112
7.522556,1.803649,2.242078E-44,1.967301,3.372672
7.539124,1.802648,2.242078E-44,1.968475,3.37264
7.556662,1.802291,2.242078E-44,1.970377,3.372832
7.572258,1.802028,2.242078E-44,1.971481,3.372508
7.588825,1.80146,2.242078E-44,1.972402,3.372718
7.605391,1.800145,2.242078E-44,1.973274,3.372962
7.622322,1.797864,2.242078E-44,1.974224,3.374008
7.638525,1.79534,2.242078E-44,1.97534,3.373724
7.655091,1.793298,2.242078E-44,1.976166,3.37358
7.671658,1.790529,2.242078E-44,1.977397,3.373855
7.688225,1.788759,2.242078E-44,1.978886,3.373593
7.704792,1.787481,2.242078E-44,1.979587,3.373454
7.721358,1.784446,2.242078E-44,1.981058,3.372966
7.738103,1.781916,2.242078E-44,1.982084,3.372926
7.754491,1.779676,2.242078E-44,1.982937,3.372231
7.771058,1.777984,2.242078E-44,1.983747,3.371975
7.787624,1.775734,2.242078E-44,1.985777,3.37227
7.804191,1.77466,2.242078E-44,1.987787,3.37081
7.820758,1.774716,2.242078E-44,1.989752,3.370399
7.837521,1.774332,2.242078E-44,1.9912,3.37007
7.853891,1.775265,2.242078E-44,1.991618,3.370062
7.870458,1.776781,2.242078E-44,1.990551,3.370319
7.887024,1.778084,2.242078E-44,1.988221,3.370556
7.903591,1.778869,2.242078E-44,1.986131,3.370492
7.920158,1.77783,2.242078E-44,1.982705,3.371517
7.936725,1.77634,2.242078E-44,1.980374,3.372781
7.953291,1.772602,2.242078E-44,1.977196,3.373801
7.969858,1.769445,2.242078E-44,1.97495,3.374803
7.986643,1.765892,2.242078E-44,1.973977,3.375537
8.002992,1.763921,2.242078E-44,1.974271,3.376185
8.019557,1.763471,2.242078E-44,1.975219,3.376913
8.036505,1.765725,2.242078E-44,1.978305,3.377694
8.05269,1.769728,2.242078E-44,1.982783,3.378302
8.069259,1.773192,2.242078E-44,1.986778,3.377941
8.086268,1.776414,2.242078E-44,1.991471,3.377958
8.102764,1.779693,2.242078E-44,1.994744,3.378209
8.119048,1.781424,2.242078E-44,1.99802,3.378445
8.135523,1.783828,2.242078E-44,2.000833,3.378349
8.152091,1.784956,2.242078E-44,2.003815,3.378
8.168656,1.785951,2.242078E-44,2.006401,3.378283
8.185223,1.786415,2.242078E-44,2.007961,3.37848
8.201791,1.786348,2.242078E-44,2.009371,3.378968
8.218358,1.785337,2.242078E-44,2.01029,3.379078
8.235591,1.784576,2.242078E-44,2.011662,3.379217
8.252304,1.782773,2.242078E-44,2.01284,3.379328
8.268059,1.781308,2.242078E-44,2.013661,3.379405
8.284625,1.77912,2.242078E-44,2.014556,3.379489
8.301192,1.7769,2.242078E-44,2.014334,3.379565
8.318229,1.774513,2.242078E-44,2.014843,3.379909
8.334326,1.771975,2.242078E-44,2.015435,3.37992
8.35159,1.767439,2.242078E-44,2.015623,3.379975
8.367458,1.764292,2.242078E-44,2.015552,3.379678
8.384541,1.761143,2.242078E-44,2.01618,3.379972
8.400874,1.758738,2.242078E-44,2.016737,3.379428
8.417722,1.756589,2.242078E-44,2.017411,3.379194
8.433724,1.754793,2.242078E-44,2.018368,3.378443
8.450304,1.752985,2.242078E-44,2.020012,3.378106
8.466964,1.751487,2.242078E-44,2.021457,3.377459
8.483584,1.749573,2.242078E-44,2.023494,3.377227
8.49999,1.747893,2.242078E-44,2.024241,3.376689
8.51736,1.746205,2.242078E-44,2.025628,3.37547
8.533123,1.743881,2.242078E-44,2.026545,3.374697
8.549921,1.742589,2.242078E-44,2.027224,3.37415
8.566257,1.740502,2.242078E-44,2.027334,3.373564
8.582824,1.739015,2.242078E-44,2.026775,3.373428
8.599535,1.737167,2.242078E-44,2.02408,3.373509
8.615954,1.736345,2.242078E-44,2.019579,3.374279
8.632523,1.735166,2.242078E-44,2.011428,3.375396
8.64909,1.733845,2.242078E-44,2.003863,3.377733
8.665657,1.732275,2.242078E-44,1.997668,3.379423
8.682223,1.729675,2.242078E-44,1.990651,3.380626
8.69879,1.728556,2.242078E-44,1.985988,3.381983
8.715357,1.7268,2.242078E-44,1.980639,3.383689
8.732745,1.7251,2.242078E-44,1.97553,3.383895
8.748533,1.723781,2.242078E-44,1.973591,3.384128
8.765057,1.721013,2.242078E-44,1.97114,3.384109
8.781928,1.717769,2.242078E-44,1.969566,3.38442
8.798347,1.714977,2.242078E-44,1.967941,3.384078
8.814754,1.712553,2.242078E-44,1.967958,3.384349
8.831674,1.710239,2.242078E-44,1.968201,3.384141
8.848213,1.707646,2.242078E-44,1.969868,3.383291
8.864456,1.706512,2.242078E-44,1.972495,3.382613
8.881023,1.704231,2.242078E-44,1.97698,3.382226
8.897592,1.702529,2.242078E-44,1.98423,3.381355
8.914158,1.700518,2.242078E-44,1.991527,3.379461
8.930725,1.699032,2.242078E-44,2.00495,3.376121
8.947291,1.698905,2.242078E-44,2.019638,3.371387
8.963859,1.700199,2.242078E-44,2.041795,3.364093
8.980425,1.701914,2.242078E-44,2.061989,3.358144
8.996992,1.70387,2.242078E-44,2.085997,3.349066
9.013558,1.704462,2.242078E-44,2.104927,3.339009
9.030126,1.703077,2.242078E-44,2.116663,3.329329
9.046692,1.701794,2.242078E-44,2.126688,3.315819
9.063258,1.698986,2.242078E-44,2.13193,3.302198
9.079823,1.698342,2.242078E-44,2.132736,3.281459
9.096392,1.700101,2.242078E-44,2.132368,3.258607
9.112957,1.709662,2.242078E-44,2.133543,3.238393
9.129523,1.729838,2.242078E-44,2.136741,3.209956
9.146092,1.743331,2.242078E-44,2.138853,3.183534
9.16266,1.75745,2.242078E-44,2.141238,3.142541
9.179839,1.76806,2.242078E-44,2.147991,3.104681
9.195792,1.782938,2.242078E-44,2.161457,3.0723
9.212767,1.794903,2.242078E-44,2.182853,3.036359
9.229211,1.799485,2.242078E-44,2.20671,3.008956
9.245492,1.806981,2.242078E-44,2.247483,2.978616
9.262056,1.815409,2.242078E-44,2.285995,2.959857
9.278625,1.831984,2.242078E-44,2.336372,2.939013
9.295192,1.84869,2.242078E-44,2.380634,2.924486
9.311968,1.861432,2.242078E-44,2.408074,2.917098
9.328449,1.864722,2.242078E-44,2.438337,2.909939
9.344891,1.860951,2.242078E-44,2.461769,2.90737
9.361458,1.853446,2.242078E-44,2.490098,2.906038
9.378024,1.84242,2.242078E-44,2.51612,2.905467
9.394588,1.830046,2.242078E-44,2.535765,2.90454
9.411158,1.812505,2.242078E-44,2.555558,2.903017
9.427881,1.798708,2.242078E-44,2.568959,2.902115
9.44429,1.782778,2.242078E-44,2.583233,2.904103
9.461249,1.77068,2.242078E-44,2.59263,2.907073
9.477537,1.757604,2.242078E-44,2.602147,2.911159
9.493989,1.748037,2.242078E-44,2.611767,2.913812
9.510829,1.742853,2.242078E-44,2.62164,2.916542
9.527417,1.73959,2.242078E-44,2.637496,2.921343
9.543854,1.73874,2.242078E-44,2.650324,2.925674
9.560451,1.733688,2.242078E-44,2.662348,2.928464
9.57688,1.724117,2.242078E-44,2.67789,2.932328
9.593393,1.716771,2.242078E-44,2.688455,2.934629
9.609955,1.710173,2.242078E-44,2.698528,2.937092
9.62652,1.712835,2.242078E-44,2.70212,2.937699
9.643088,1.727264,2.242078E-44,2.700322,2.935755
9.659758,1.748044,2.242078E-44,2.691123,2.934121
9.676222,1.764918,2.242078E-44,2.678316,2.935112
9.693023,1.784335,2.242078E-44,2.65554,2.942952
9.709354,1.799641,2.242078E-44,2.633049,2.953854
9.725922,1.82238,2.242078E-44,2.598876,2.973207
9.742489,1.850143,2.242078E-44,2.561638,2.997429
9.759056,1.878008,2.242078E-44,2.529271,3.019544
9.775622,1.915104,2.242078E-44,2.486908,3.048196
9.792377,1.944017,2.242078E-44,2.452233,3.069606
9.808756,1.977406,2.242078E-44,2.410025,3.09199
9.825323,2.004377,2.242078E-44,2.374102,3.108413
9.841889,2.034811,2.242078E-44,2.323951,3.129553
9.858582,2.065118,2.242078E-44,2.267519,3.153196
9.875023,2.096418,2.242078E-44,2.215225,3.176705
9.891589,2.116931,2.242078E-44,2.149743,3.212889
9.908155,2.115149,2.242078E-44,2.101852,3.24442
9.925321,2.106904,2.242078E-44,2.031195,3.292512
9.941792,2.098144,2.242078E-44,1.975333,3.330624
9.957856,2.081346,2.242078E-44,1.935721,3.356335
9.974499,2.048553,2.242078E-44,1.894571,3.381134
9.990988,2.019699,2.242078E-44,1.867681,3.397353
10.00756,1.983792,2.242078E-44,1.839216,3.414388
10.02412,1.950156,2.242078E-44,1.814464,3.428709
10.04069,1.925194,2.242078E-44,1.798766,3.438325
10.05726,1.898185,2.242078E-44,1.785421,3.447859
10.07429,1.879458,2.242078E-44,1.779099,3.452376
10.09057,1.858593,2.242078E-44,1.774749,3.456278
10.10696,1.843843,2.242078E-44,1.773066,3.458725
10.12352,1.828891,2.242078E-44,1.773481,3.460558
10.14009,1.816359,2.242078E-44,1.776405,3.4613
10.15717,1.806744,2.242078E-44,1.780241,3.460004
10.17389,1.794447,2.242078E-44,1.784711,3.456596
10.18979,1.785617,2.242078E-44,1.788203,3.454692
10.20636,1.776665,2.242078E-44,1.793825,3.45063
10.22337,1.77062,2.242078E-44,1.800074,3.448016
10.23949,1.765679,2.242078E-44,1.804963,3.445359
10.25606,1.759542,2.242078E-44,1.811034,3.442923
10.27262,1.756727,2.242078E-44,1.815794,3.44085
10.28919,1.755345,2.242078E-44,1.82376,3.437325
10.30576,1.753451,2.242078E-44,1.831166,3.434595
10.32232,1.751917,2.242078E-44,1.837024,3.432348
10.33893,1.751107,2.242078E-44,1.845081,3.428026
10.35545,1.750971,2.242078E-44,1.851099,3.425112
10.37258,1.749969,2.242078E-44,1.857715,3.422112
10.3887,1.748561,2.242078E-44,1.862542,3.419289
10.40516,1.746405,2.242078E-44,1.865391,3.417367
10.42172,1.745501,2.242078E-44,1.86885,3.415744
10.43829,1.744031,2.242078E-44,1.871276,3.414794
10.45486,1.740883,2.242078E-44,1.873921,3.414656
10.47142,1.738762,2.242078E-44,1.875492,3.414122
10.48799,1.734947,2.242078E-44,1.87785,3.414105
10.5046,1.729984,2.242078E-44,1.880713,3.41439
10.52112,1.726262,2.242078E-44,1.882635,3.414733
10.53769,1.723691,2.242078E-44,1.885088,3.415211
10.55426,1.721239,2.242078E-44,1.886525,3.415761
10.57082,1.717312,2.242078E-44,1.888719,3.416668
10.58739,1.714027,2.242078E-44,1.89146,3.417139
10.60396,1.709807,2.242078E-44,1.893887,3.417176
10.62079,1.706126,2.242078E-44,1.897011,3.417857
10.63729,1.702856,2.242078E-44,1.899357,3.418385
10.65365,1.699044,2.242078E-44,1.903412,3.418331
10.67035,1.693885,2.242078E-44,1.908144,3.420339
10.68679,1.688551,2.242078E-44,1.910651,3.422868
10.70336,1.681966,2.242078E-44,1.91395,3.426435
10.71992,1.677409,2.242078E-44,1.916938,3.429447
10.73649,1.670413,2.242078E-44,1.921043,3.432624
10.75315,1.663483,2.242078E-44,1.924365,3.435173
10.76962,1.653949,2.242078E-44,1.928577,3.43868
10.78619,1.64488,2.242078E-44,1.933016,3.441101
10.80276,1.638585,2.242078E-44,1.935811,3.442969
10.81956,1.630309,2.242078E-44,1.938372,3.444835
10.83589,1.624538,2.242078E-44,1.940853,3.445736
10.85245,1.618221,2.242078E-44,1.943558,3.446604
10.86902,1.611948,2.242078E-44,1.945881,3.447366
10.88559,1.606563,2.242078E-44,1.947783,3.447668
10.90215,1.600233,2.242078E-44,1.950339,3.447998
10.91893,1.595918,2.242078E-44,1.951447,3.448518
10.93529,1.590562,2.242078E-44,1.953228,3.447606
10.95185,1.586774,2.242078E-44,1.954878,3.446733
10.96842,1.583008,2.242078E-44,1.955884,3.446073
10.98499,1.578063,2.242078E-44,1.957313,3.445215
11.00155,1.574262,2.242078E-44,1.957621,3.444026
11.01818,1.569704,2.242078E-44,1.957957,3.442866
11.03469,1.565242,2.242078E-44,1.958246,3.441879
11.05126,1.562525,2.242078E-44,1.958493,3.440209
11.06818,1.559564,2.242078E-44,1.958706,3.439581
11.08439,1.55702,2.242078E-44,1.958581,3.439073
11.10102,1.553725,2.242078E-44,1.958781,3.437517
11.11752,1.551585,2.242078E-44,1.959221,3.436355
11.13409,1.549383,2.242078E-44,1.959631,3.435192
11.15066,1.546919,2.242078E-44,1.959683,3.43391
11.16722,1.544413,2.242078E-44,1.959419,3.433188
11.18379,1.542103,2.242078E-44,1.959211,3.432147
11.20036,1.540158,2.242078E-44,1.958736,3.431345
11.21697,1.537576,2.242078E-44,1.958915,3.429742
11.23349,1.536223,2.242078E-44,1.959068,3.428939
11.25006,1.534089,2.242078E-44,1.959175,3.42764
11.26662,1.531824,2.242078E-44,1.959018,3.426561
11.28347,1.529877,2.242078E-44,1.95884,3.425782
11.29976,1.528482,2.242078E-44,1.958712,3.425247
11.31663,1.52667,2.242078E-44,1.95886,3.424646
11.33334,1.52511,2.242078E-44,1.95873,3.42458
11.34946,1.524388,2.242078E-44,1.958619,3.424233
11.36627,1.523321,2.242078E-44,1.958777,3.424313
11.38259,1.523134,2.242078E-44,1.958684,3.423986
11.39935,1.52261,2.242078E-44,1.959486,3.42332
11.41625,1.522311,2.242078E-44,1.959545,3.423521
11.43229,1.520828,2.242078E-44,1.960174,3.423598
11.44914,1.51956,2.242078E-44,1.960436,3.423185
11.4656,1.519048,2.242078E-44,1.960914,3.422735
11.48199,1.518584,2.242078E-44,1.962239,3.422712
11.49856,1.51851,2.242078E-44,1.963917,3.422629
11.51512,1.518995,2.242078E-44,1.965085,3.422558
11.53169,1.51911,2.242078E-44,1.966514,3.422264
11.54826,1.519262,2.242078E-44,1.967614,3.421088
11.56482,1.519911,2.242078E-44,1.969035,3.420646
11.58139,1.520224,2.242078E-44,1.970584,3.420015
11.59803,1.519345,2.242078E-44,1.971914,3.419174
11.61452,1.51942,2.242078E-44,1.972286,3.418995
11.63109,1.518937,2.242078E-44,1.973084,3.419137
11.64766,1.519059,2.242078E-44,1.973595,3.419536
11.66447,1.519192,2.242078E-44,1.974226,3.419319
11.68079,1.519002,2.242078E-44,1.974888,3.41968
11.69736,1.519443,2.242078E-44,1.975037,3.420025
11.71392,1.518948,2.242078E-44,1.975165,3.420021
11.73049,1.51966,2.242078E-44,1.975719,3.419719
11.74719,1.520573,2.242078E-44,1.976324,3.420041
11.76362,1.520216,2.242078E-44,1.976746,3.420027
11.78019,1.520177,2.242078E-44,1.977505,3.420015
11.79676,1.519266,2.242078E-44,1.977922,3.418617
11.81333,1.51852,2.242078E-44,1.97816,3.418784
11.83001,1.517017,2.242078E-44,1.978711,3.418365
11.84659,1.515921,2.242078E-44,1.978859,3.41827
11.8631,1.513946,2.242078E-44,1.979585,3.417384
11.87963,1.511959,2.242078E-44,1.9802,3.417214
11.89616,1.510887,2.242078E-44,1.980151,3.417243
11.91273,1.509058,2.242078E-44,1.981242,3.417341
11.92929,1.507463,2.242078E-44,1.981682,3.416517
11.94586,1.504679,2.242078E-44,1.982566,3.416735
11.96243,1.503003,2.242078E-44,1.982819,3.417401
11.97914,1.500884,2.242078E-44,1.983003,3.418059
11.99564,1.497626,2.242078E-44,1.982861,3.418068
12.01213,1.495022,2.242078E-44,1.983389,3.417989
12.02869,1.492669,2.242078E-44,1.984049,3.417991
12.04526,1.490924,2.242078E-44,1.984167,3.417357
12.06183,1.488243,2.242078E-44,1.984991,3.417165
12.07839,1.485682,2.242078E-44,1.985425,3.417566
12.09496,1.483893,2.242078E-44,1.98595,3.417271
12.11153,1.482239,2.242078E-44,1.986522,3.417356
12.12809,1.480561,2.242078E-44,1.986647,3.417651
12.14466,1.478804,2.242078E-44,1.986839,3.417418
12.16139,1.476786,2.242078E-44,1.987367,3.417575
12.17781,1.476034,2.242078E-44,1.987669,3.417853
12.19436,1.475181,2.242078E-44,1.987724,3.4179
12.21093,1.474288,2.242078E-44,1.987985,3.418123
12.22777,1.474504,2.242078E-44,1.98797,3.418123
12.24412,1.473019,2.242078E-44,1.987975,3.418388
12.26073,1.4721,2.242078E-44,1.988207,3.418317
12.2775,1.469808,2.242078E-44,1.988186,3.418563
12.29376,1.468401,2.242078E-44,1.988094,3.418727
12.31033,1.467788,2.242078E-44,1.987491,3.418633
12.32689,1.466895,2.242078E-44,1.987205,3.417925
12.34346,1.465639,2.242078E-44,1.987035,3.417628
12.36003,1.463712,2.242078E-44,1.986872,3.417963
12.37741,1.461565,2.242078E-44,1.987231,3.418196
12.39316,1.460727,2.242078E-44,1.98704,3.419008
12.40973,1.460044,2.242078E-44,1.987079,3.419131
12.42629,1.459517,2.242078E-44,1.987226,3.418697
12.44286,1.458463,2.242078E-44,1.988183,3.418316
12.45943,1.45894,2.242078E-44,1.988383,3.4185
12.47647,1.458798,2.242078E-44,1.988611,3.418122
12.49304,1.458686,2.242078E-44,1.988807,3.418105
12.5095,1.457724,2.242078E-44,1.988976,3.41779
12.52569,1.45735,2.242078E-44,1.989065,3.418283
12.54226,1.456405,2.242078E-44,1.988398,3.41803
12.55883,1.455748,2.242078E-44,1.988324,3.418292
12.57539,1.455662,2.242078E-44,1.98909,3.417914
12.59213,1.454871,2.242078E-44,1.988953,3.417387
12.60879,1.454312,2.242078E-44,1.989947,3.417387
12.6251,1.453464,2.242078E-44,1.990536,3.417173
12.64166,1.452401,2.242078E-44,1.991017,3.41729
12.65823,1.451552,2.242078E-44,1.991482,3.416728
12.6748,1.449902,2.242078E-44,1.991547,3.416043
12.69136,1.449631,2.242078E-44,1.991925,3.415924
12.70793,1.44881,2.242078E-44,1.992509,3.415113
12.72449,1.448705,2.242078E-44,1.992737,3.414391
12.74106,1.447724,2.242078E-44,1.992996,3.414726
12.75763,1.446625,2.242078E-44,1.992556,3.414623
12.77419,1.445291,2.242078E-44,1.992263,3.414093
12.79076,1.444526,2.242078E-44,1.992774,3.414088
12.80733,1.443443,2.242078E-44,1.993603,3.414458
12.8239,1.442356,2.242078E-44,1.993967,3.41412
12.84057,1.440851,2.242078E-44,1.993399,3.414685
12.85703,1.439007,2.242078E-44,1.993865,3.415595
12.8736,1.43604,2.242078E-44,1.994475,3.415395
12.89016,1.434765,2.242078E-44,1.995409,3.415342
12.90684,1.433137,2.242078E-44,1.999832,3.416684
12.9233,1.432146,2.242078E-44,2.006722,3.417453
12.94017,1.4322,2.242078E-44,2.016892,3.417763
12.95689,1.432155,2.242078E-44,2.033795,3.417214
12.97341,1.431917,2.242078E-44,2.048872,3.416387
12.9896,1.43103,2.242078E-44,2.066283,3.415184
13.00613,1.429189,2.242078E-44,2.082638,3.412714
13.0227,1.427809,2.242078E-44,2.095236,3.409809
13.03926,1.42615,2.242078E-44,2.109179,3.40588
13.05583,1.424853,2.242078E-44,2.119305,3.402303
13.0724,1.421633,2.242078E-44,2.130705,3.398031
13.08896,1.419425,2.242078E-44,2.140212,3.393498
13.10553,1.416932,2.242078E-44,2.147361,3.389655
13.1221,1.413958,2.242078E-44,2.15621,3.38544
13.13866,1.411783,2.242078E-44,2.16238,3.381675
13.15523,1.409545,2.242078E-44,2.16998,3.3769
13.1718,1.407294,2.242078E-44,2.175717,3.373823
13.18836,1.403747,2.242078E-44,2.182247,3.368446
13.20493,1.401249,2.242078E-44,2.18758,3.361003
13.22173,1.399941,2.242078E-44,2.191299,3.354852
13.23807,1.400541,2.242078E-44,2.195926,3.346239
13.25463,1.4019,2.242078E-44,2.198688,3.337768
13.2712,1.403274,2.242078E-44,2.198848,3.327603
13.28778,1.405931,2.242078E-44,2.195623,3.312577
13.30433,1.415096,2.242078E-44,2.190073,3.298482
13.3209,1.439779,2.242078E-44,2.180713,3.27456
13.33746,1.46975,2.242078E-44,2.172302,3.248997
13.35408,1.518217,2.242078E-44,2.158364,3.211784
13.37071,1.559242,2.242078E-44,2.156919,3.169854
13.38716,1.600111,2.242078E-44,2.16966,3.137188
13.40373,1.650017,2.242078E-44,2.190924,3.098562
13.4203,1.672826,2.242078E-44,2.209241,3.070606
13.43686,1.681545,2.242078E-44,2.242294,3.043141
13.45343,1.683627,2.242078E-44,2.275339,3.023845
13.47,1.681607,2.242078E-44,2.317324,3.004133
13.48656,1.667655,2.242078E-44,2.356991,2.986254
13.50313,1.649493,2.242078E-44,2.385448,2.970026
13.5197,1.624683,2.242078E-44,2.417196,2.952514
13.53626,1.606949,2.242078E-44,2.441332,2.941902
13.55283,1.589572,2.242078E-44,2.465964,2.931453
13.5694,1.570385,2.242078E-44,2.486285,2.922797
13.58597,1.553101,2.242078E-44,2.500476,2.916441
13.60253,1.529751,2.242078E-44,2.515948,2.907911
13.6191,1.510279,2.242078E-44,2.526145,2.900403
13.63566,1.485326,2.242078E-44,2.53484,2.891288
13.65247,1.452898,2.242078E-44,2.538975,2.881607
13.6688,1.432792,2.242078E-44,2.539649,2.876552
13.68536,1.410633,2.242078E-44,2.539689,2.87364
13.70193,1.392763,2.242078E-44,2.538295,2.872075
13.7185,1.374282,2.242078E-44,2.537098,2.871243
13.73506,1.362418,2.242078E-44,2.536095,2.870802
13.75163,1.355241,2.242078E-44,2.535122,2.870992
13.7682,1.349432,2.242078E-44,2.534099,2.868873
13.78477,1.3464,2.242078E-44,2.533329,2.868412
13.80133,1.350762,2.242078E-44,2.532028,2.867489
13.8179,1.360203,2.242078E-44,2.531513,2.865782
13.83446,1.384714,2.242078E-44,2.530427,2.864982
13.85126,1.437628,2.242078E-44,2.523217,2.862848
13.86783,1.496523,2.242078E-44,2.512463,2.859362
13.88451,1.577083,2.242078E-44,2.493664,2.85548
13.90096,1.63388,2.242078E-44,2.47483,2.854621
13.91762,1.692364,2.242078E-44,2.446647,2.862582
13.9341,1.745172,2.242078E-44,2.415657,2.882997
13.95089,1.783879,2.242078E-44,2.388008,2.906247
13.96723,1.823699,2.242078E-44,2.351474,2.940501
13.9838,1.844982,2.242078E-44,2.320864,2.968846
14.00036,1.861187,2.242078E-44,2.284269,3.002074
14.01693,1.863304,2.242078E-44,2.243136,3.038216
14.0335,1.857094,2.242078E-44,2.216067,3.062262
14.05013,1.843283,2.242078E-44,2.18122,3.092799
14.06663,1.833747,2.242078E-44,2.150913,3.119751
14.08319,1.81922,2.242078E-44,2.111734,3.153742
14.09976,1.798687,2.242078E-44,2.075873,3.185431
14.11708,1.783352,2.242078E-44,2.049964,3.208879
14.1329,1.765371,2.242078E-44,2.020894,3.237642
14.14946,1.752102,2.242078E-44,1.99987,3.258842
14.16603,1.738569,2.242078E-44,1.977021,3.282173
14.1826,1.731886,2.242078E-44,1.962177,3.298565
14.19916,1.727921,2.242078E-44,1.947777,3.314855
14.21621,1.726801,2.242078E-44,1.937663,3.329426
14.23229,1.725729,2.242078E-44,1.931622,3.339806
14.24886,1.723208,2.242078E-44,1.927155,3.349714
14.26566,1.719681,2.242078E-44,1.922619,3.356637
14.28241,1.716353,2.242078E-44,1.919158,3.364458
14.29856,1.715359,2.242078E-44,1.917825,3.369682
14.31513,1.716332,2.242078E-44,1.917029,3.374231
14.3317,1.718554,2.242078E-44,1.919461,3.377571
14.34885,1.72131,2.242078E-44,1.924648,3.379874
14.36489,1.720833,2.242078E-44,1.92783,3.381336
14.38139,1.718168,2.242078E-44,1.929863,3.383014
14.39796,1.715819,2.242078E-44,1.931026,3.384098
14.41453,1.711898,2.242078E-44,1.933415,3.385232
14.43142,1.708821,2.242078E-44,1.935618,3.385505
14.44784,1.707009,2.242078E-44,1.939362,3.38584
14.46442,1.704785,2.242078E-44,1.94202,3.386017
14.48079,1.70291,2.242078E-44,1.944295,3.386289
14.49736,1.700513,2.242078E-44,1.946513,3.386539
14.51393,1.698742,2.242078E-44,1.94806,3.387236
14.5305,1.694673,2.242078E-44,1.949747,3.387901
14.54706,1.69328,2.242078E-44,1.951505,3.388124
14.56363,1.691395,2.242078E-44,1.954692,3.387251
14.5802,1.688929,2.242078E-44,1.956537,3.386227
14.59676,1.686193,2.242078E-44,1.958082,3.385221
14.61333,1.68335,2.242078E-44,1.959465,3.383079
14.63072,1.681254,2.242078E-44,1.960965,3.38217
14.64646,1.677121,2.242078E-44,1.962832,3.381007
14.66303,1.674583,2.242078E-44,1.964228,3.380027
14.6796,1.671111,2.242078E-44,1.965916,3.379801
14.69616,1.667,2.242078E-44,1.968214,3.378417
14.71273,1.665033,2.242078E-44,1.97044,3.377734
14.72957,1.662345,2.242078E-44,1.973203,3.375485
14.74586,1.660929,2.242078E-44,1.97513,3.373991
14.76243,1.658496,2.242078E-44,1.977613,3.370824
14.779,1.65674,2.242078E-44,1.979063,3.369568
14.79556,1.654819,2.242078E-44,1.980318,3.369071
14.81213,1.650448,2.242078E-44,1.981686,3.368663
14.82904,1.648129,2.242078E-44,1.982339,3.369098
14.84526,1.644455,2.242078E-44,1.984295,3.369517
14.86183,1.63957,2.242078E-44,1.986505,3.36962
14.87857,1.636461,2.242078E-44,1.988644,3.369363
14.89496,1.631584,2.242078E-44,1.991087,3.369744
14.9117,1.627952,2.242078E-44,1.993256,3.369773
14.9281,1.622848,2.242078E-44,1.995348,3.370626
14.94466,1.618525,2.242078E-44,1.997709,3.37082
14.96123,1.61497,2.242078E-44,1.999136,3.371017
14.9778,1.61086,2.242078E-44,2.002118,3.371139
14.99437,1.60904,2.242078E-44,2.004743,3.371582
15.01093,1.605768,2.242078E-44,2.007155,3.372497
15.0275,1.602521,2.242078E-44,2.008911,3.373649
15.04406,1.599622,2.242078E-44,2.01106,3.374529
15.06063,1.595737,2.242078E-44,2.013444,3.375302
15.07731,1.593084,2.242078E-44,2.015061,3.37584
15.09376,1.590919,2.242078E-44,2.017171,3.375829
15.11033,1.588502,2.242078E-44,2.018643,3.375461
15.12719,1.587382,2.242078E-44,2.02054,3.375919
15.14346,1.584926,2.242078E-44,2.021876,3.375365
15.16004,1.582041,2.242078E-44,2.022508,3.375606
15.1766,1.578396,2.242078E-44,2.023566,3.375636
15.19316,1.575995,2.242078E-44,2.024022,3.375263
15.20973,1.573436,2.242078E-44,2.024592,3.375076
15.2263,1.570708,2.242078E-44,2.026212,3.374649
15.24308,1.567451,2.242078E-44,2.027794,3.37499
15.25956,1.565577,2.242078E-44,2.029244,3.376237
15.276,1.563516,2.242078E-44,2.029057,3.376669
15.29256,1.560785,2.242078E-44,2.029747,3.377165
15.30913,1.558666,2.242078E-44,2.03064,3.377764
15.3257,1.556038,2.242078E-44,2.030841,3.378362
15.34226,1.552925,2.242078E-44,2.031553,3.378602
15.35883,1.550569,2.242078E-44,2.031674,3.379336
15.3754,1.546233,2.242078E-44,2.032286,3.379986
15.39196,1.542068,2.242078E-44,2.032324,3.380853
15.40853,1.537795,2.242078E-44,2.031996,3.380732
15.4251,1.532421,2.242078E-44,2.031423,3.38116
15.44236,1.526977,2.242078E-44,2.030091,3.382143
15.45823,1.522735,2.242078E-44,2.028934,3.382762
15.4748,1.518998,2.242078E-44,2.027062,3.383293
15.49146,1.513489,2.242078E-44,2.025191,3.383958
15.50793,1.506715,2.242078E-44,2.022637,3.384402
15.52451,1.503359,2.242078E-44,2.021188,3.385044
15.54107,1.498629,2.242078E-44,2.019907,3.385753
15.55763,1.495354,2.242078E-44,2.018488,3.38624
15.5742,1.492321,2.242078E-44,2.017564,3.386489
15.5908,1.488576,2.242078E-44,2.017051,3.386711
15.60733,1.486728,2.242078E-44,2.016542,3.386524
15.62403,1.4835,2.242078E-44,2.016458,3.386715
15.64058,1.482234,2.242078E-44,2.016299,3.387066
15.65703,1.479976,2.242078E-44,2.015658,3.38772
15.6736,1.478002,2.242078E-44,2.015882,3.387981
15.69017,1.475433,2.242078E-44,2.015633,3.388267
15.70673,1.473835,2.242078E-44,2.01512,3.388785
15.7233,1.472531,2.242078E-44,2.015379,3.39008
15.73987,1.471591,2.242078E-44,2.014653,3.390916
15.75643,1.471691,2.242078E-44,2.01412,3.391102
15.773,1.471735,2.242078E-44,2.013812,3.391793
15.78957,1.472363,2.242078E-44,2.01412,3.392679
15.80613,1.47293,2.242078E-44,2.01393,3.393793
15.8227,1.474186,2.242078E-44,2.013375,3.39467
15.83927,1.47427,2.242078E-44,2.012987,3.395563
15.85585,1.47275,2.242078E-44,2.012,3.39619
15.87267,1.471486,2.242078E-44,2.010544,3.39735
15.88943,1.470177,2.242078E-44,2.009617,3.397654
15.90553,1.468149,2.242078E-44,2.009123,3.397985
15.9221,1.465476,2.242078E-44,2.008941,3.398216
15.93871,1.462117,2.242078E-44,2.009091,3.39875
15.95523,1.459015,2.242078E-44,2.009213,3.398603
15.97192,1.455164,2.242078E-44,2.009615,3.398209
15.98837,1.450762,2.242078E-44,2.010517,3.397889
16.00493,1.446943,2.242078E-44,2.011622,3.397557
16.0215,1.442546,2.242078E-44,2.012806,3.396208
16.03807,1.439668,2.242078E-44,2.013631,3.396069
16.05464,1.435494,2.242078E-44,2.014531,3.395785
16.0712,1.431876,2.242078E-44,2.014455,3.393555
16.08777,1.428519,2.242078E-44,2.014791,3.392565
16.10444,1.424781,2.242078E-44,2.014936,3.391064
16.12095,1.421648,2.242078E-44,2.015217,3.390095
16.13747,1.418854,2.242078E-44,2.015593,3.388678
16.15404,1.416675,2.242078E-44,2.015516,3.38853
16.1706,1.412906,2.242078E-44,2.01561,3.388772
16.18717,1.410175,2.242078E-44,2.015425,3.38868
16.20401,1.409017,2.242078E-44,2.01595,3.388814
16.2203,1.408043,2.242078E-44,2.015949,3.389281
16.2377,1.407281,2.242078E-44,2.014904,3.389692
16.25344,1.406985,2.242078E-44,2.015215,3.390574
16.27,1.405424,2.242078E-44,2.015052,3.391058
16.28657,1.404228,2.242078E-44,2.015345,3.391793
16.30314,1.40018,2.242078E-44,2.015729,3.39208
16.3197,1.395006,2.242078E-44,2.015945,3.392706
16.33627,1.386637,2.242078E-44,2.016227,3.392624
16.35284,1.376898,2.242078E-44,2.017907,3.392253
16.36986,1.369207,2.242078E-44,2.020441,3.391995
16.38624,1.358275,2.242078E-44,2.024078,3.391695
16.4028,1.349879,2.242078E-44,2.027642,3.390636
16.4191,1.339407,2.242078E-44,2.032804,3.38939
16.43567,1.330733,2.242078E-44,2.038376,3.388072
16.45224,1.325504,2.242078E-44,2.04315,3.385999
16.4688,1.319615,2.242078E-44,2.048947,3.384004
16.48537,1.316218,2.242078E-44,2.052809,3.382989
16.50194,1.314236,2.242078E-44,2.057763,3.382301
16.5185,1.312603,2.242078E-44,2.061178,3.381737
16.53507,1.311396,2.242078E-44,2.065268,3.382031
16.55164,1.310367,2.242078E-44,2.070174,3.381753
16.5682,1.310334,2.242078E-44,2.073895,3.382134
16.58492,1.311434,2.242078E-44,2.078739,3.382389
16.60134,1.311552,2.242078E-44,2.084319,3.382115
16.6179,1.311306,2.242078E-44,2.090507,3.382116
16.63452,1.309118,2.242078E-44,2.09569,3.381763
16.65103,1.307481,2.242078E-44,2.098479,3.382425
16.66774,1.30532,2.242078E-44,2.101519,3.381509
16.68417,1.302989,2.242078E-44,2.102765,3.381062
16.70074,1.300272,2.242078E-44,2.103496,3.380039
16.7173,1.297177,2.242078E-44,2.103542,3.378621
16.73387,1.295472,2.242078E-44,2.102244,3.377932
16.75043,1.293859,2.242078E-44,2.098777,3.377111
16.767,1.292278,2.242078E-44,2.095176,3.377751
16.78357,1.290826,2.242078E-44,2.089941,3.37896
16.80013,1.290431,2.242078E-44,2.085086,3.380226
16.8167,1.290071,2.242078E-44,2.078417,3.382754
16.83327,1.289822,2.242078E-44,2.071277,3.38519
16.85004,1.289551,2.242078E-44,2.065122,3.386889
16.86674,1.28875,2.242078E-44,2.058748,3.389024
16.88298,1.28689,2.242078E-44,2.054594,3.390565
16.89953,1.285335,2.242078E-44,2.050306,3.390751
16.9161,1.282621,2.242078E-44,2.047164,3.389198
16.93267,1.279736,2.242078E-44,2.044613,3.386114
16.94923,1.276692,2.242078E-44,2.042283,3.380421
16.9658,1.275094,2.242078E-44,2.041174,3.374355
16.98237,1.282766,2.242078E-44,2.039861,3.36928
16.99893,1.303403,2.242078E-44,2.039881,3.369133
17.0155,1.329841,2.242078E-44,2.038485,3.370985
17.03207,1.352731,2.242078E-44,2.03756,3.375084
17.04863,1.367903,2.242078E-44,2.037566,3.378815
17.0652,1.381701,2.242078E-44,2.037362,3.38322
17.08176,1.389885,2.242078E-44,2.038317,3.387568
17.09833,1.393039,2.242078E-44,2.039957,3.391289
17.1149,1.394306,2.242078E-44,2.043396,3.394805
17.13147,1.393812,2.242078E-44,2.046148,3.397404
17.1481,1.391569,2.242078E-44,2.05123,3.399457
17.1646,1.391115,2.242078E-44,2.055404,3.40214
17.18117,1.392096,2.242078E-44,2.061165,3.404646
17.19773,1.393495,2.242078E-44,2.067524,3.406815
17.21457,1.393102,2.242078E-44,2.072396,3.408628
17.23087,1.395789,2.242078E-44,2.078556,3.409395
17.24744,1.39801,2.242078E-44,2.084457,3.409165
17.26405,1.400021,2.242078E-44,2.092004,3.409565
17.28057,1.402535,2.242078E-44,2.099923,3.409626
17.29713,1.406259,2.242078E-44,2.105385,3.409395
17.3137,1.412772,2.242078E-44,2.111148,3.409481
17.33027,1.419072,2.242078E-44,2.116196,3.408693
17.34684,1.426874,2.242078E-44,2.123531,3.407731
17.36365,1.436038,2.242078E-44,2.134443,3.4056
17.38004,1.441663,2.242078E-44,2.142536,3.404366
17.39654,1.449065,2.242078E-44,2.153206,3.402345
17.4131,1.454026,2.242078E-44,2.161732,3.400338
17.42967,1.460538,2.242078E-44,2.171667,3.397431
17.44624,1.464709,2.242078E-44,2.180481,3.393856
17.4628,1.467027,2.242078E-44,2.186443,3.390545
17.4798,1.469142,2.242078E-44,2.19204,3.38623
17.49593,1.469232,2.242078E-44,2.194957,3.381474
17.5125,1.469314,2.242078E-44,2.196191,3.372199
17.52936,1.471484,2.242078E-44,2.193725,3.362153
17.54575,1.48965,2.242078E-44,2.183138,3.345684
17.5622,1.539676,2.242078E-44,2.160219,3.324427
17.57877,1.611023,2.242078E-44,2.133134,3.304075
17.59534,1.696029,2.242078E-44,2.090457,3.27397
17.6119,1.745148,2.242078E-44,2.056266,3.240719
17.62847,1.78645,2.242078E-44,2.020399,3.19065
17.64557,1.807161,2.242078E-44,2.002705,3.144632
17.6616,1.823376,2.242078E-44,2.008479,3.087163
17.67817,1.839637,2.242078E-44,2.030313,3.039337
17.69473,1.853479,2.242078E-44,2.055009,3.012236
17.7113,1.874041,2.242078E-44,2.090551,2.992563
17.72787,1.899175,2.242078E-44,2.120337,2.986595
17.74443,1.938949,2.242078E-44,2.155906,2.988566
17.76104,1.975393,2.242078E-44,2.19963,2.996676
17.77757,1.990269,2.242078E-44,2.233581,3.003684
17.79414,2.008656,2.242078E-44,2.278957,3.012804
17.8107,2.025478,2.242078E-44,2.314953,3.019921
17.82727,2.047915,2.242078E-44,2.35492,3.027295
17.84384,2.07059,2.242078E-44,2.391014,3.033919
17.86086,2.087181,2.242078E-44,2.417872,3.039205
17.87697,2.103374,2.242078E-44,2.450449,3.04525
17.89353,2.113337,2.242078E-44,2.476824,3.050109
17.9101,2.124698,2.242078E-44,2.506904,3.056045
17.92667,2.133931,2.242078E-44,2.531357,3.06198
17.9435,2.137786,2.242078E-44,2.548424,3.066341
17.9598,2.144914,2.242078E-44,2.570744,3.071362
17.9766,2.15185,2.242078E-44,2.590502,3.075511
17.99294,2.158362,2.242078E-44,2.618206,3.080674
18.00982,2.162538,2.242078E-44,2.641705,3.084629
18.02632,2.164157,2.242078E-44,2.675754,3.089626
18.04264,2.164983,2.242078E-44,2.714316,3.093917
18.0592,2.164702,2.242078E-44,2.746256,3.096609
18.07654,2.161519,2.242078E-44,2.78749,3.101638
18.0924,2.157876,2.242078E-44,2.804284,3.103541
18.1089,2.151431,2.242078E-44,2.8242,3.104128
18.1255,2.161805,2.242078E-44,2.828803,3.100069
18.14284,2.197895,2.242078E-44,2.816352,3.094408
18.1586,2.241488,2.242078E-44,2.79185,3.094162
18.17517,2.273753,2.242078E-44,2.764303,3.098334
18.19174,2.313394,2.242078E-44,2.721965,3.108236
18.20831,2.35664,2.242078E-44,2.666892,3.122989
18.22487,2.402166,2.242078E-44,2.61002,3.139939
18.24184,2.460087,2.242078E-44,2.526156,3.170925
18.25854,2.497648,2.242078E-44,2.457129,3.201542
18.2747,2.532955,2.242078E-44,2.372398,3.242677
18.29119,2.551765,2.242078E-44,2.296041,3.282719
18.30771,2.553804,2.242078E-44,2.24141,3.312257
18.32427,2.545723,2.242078E-44,2.178171,3.346442
18.34084,2.528603,2.242078E-44,2.133645,3.370939
18.35741,2.497354,2.242078E-44,2.083687,3.397021
18.37398,2.468611,2.242078E-44,2.049143,3.413987
18.39054,2.429167,2.242078E-44,2.011122,3.431788
18.40711,2.38907,2.242078E-44,1.977326,3.447049
18.42368,2.355586,2.242078E-44,1.953843,3.456855
18.44024,2.314369,2.242078E-44,1.929302,3.468601
18.45681,2.285192,2.242078E-44,1.913641,3.476473
18.47357,2.251941,2.242078E-44,1.898169,3.4849
18.48996,2.217429,2.242078E-44,1.884892,3.492418
18.50651,2.185223,2.242078E-44,1.873765,3.498274
18.52308,2.153646,2.242078E-44,1.864501,3.503587
18.53965,2.131143,2.242078E-44,1.859122,3.506917
18.55621,2.104672,2.242078E-44,1.854743,3.509904
18.57289,2.081402,2.242078E-44,1.852121,3.512708
18.58951,2.066629,2.242078E-44,1.851604,3.514983
18.60591,2.049888,2.242078E-44,1.851968,3.517105
18.62248,2.038113,2.242078E-44,1.853763,3.518293
18.63905,2.021958,2.242078E-44,1.855209,3.519099
18.65567,2.008524,2.242078E-44,1.856905,3.519776
18.67218,1.993408,2.242078E-44,1.858755,3.519808
18.68875,1.979939,2.242078E-44,1.860926,3.519809
18.70531,1.969649,2.242078E-44,1.862532,3.519257
18.72188,1.95779,2.242078E-44,1.865248,3.51825
18.73867,1.947993,2.242078E-44,1.866666,3.517603
18.75511,1.93552,2.242078E-44,1.86825,3.516811
18.77171,1.925099,2.242078E-44,1.86991,3.515002
18.78815,1.916459,2.242078E-44,1.871067,3.513837
18.80471,1.906197,2.242078E-44,1.873476,3.511865
18.82163,1.897748,2.242078E-44,1.876519,3.508766
18.83785,1.888442,2.242078E-44,1.880118,3.504968
18.85441,1.880864,2.242078E-44,1.882399,3.502378
18.87098,1.870391,2.242078E-44,1.887,3.496978
18.88802,1.862417,2.242078E-44,1.891961,3.493467
18.90474,1.854966,2.242078E-44,1.895177,3.490775
18.92068,1.84578,2.242078E-44,1.899831,3.48754
18.93727,1.836753,2.242078E-44,1.904093,3.484215
18.95382,1.829643,2.242078E-44,1.907364,3.480847
18.97058,1.820362,2.242078E-44,1.911418,3.477311
18.98695,1.813138,2.242078E-44,1.914397,3.474743
19.00352,1.805341,2.242078E-44,1.917174,3.470391
19.02028,1.799293,2.242078E-44,1.919219,3.466905
19.03665,1.791772,2.242078E-44,1.922754,3.463395
19.05326,1.78446,2.242078E-44,1.926373,3.46009
19.06978,1.77846,2.242078E-44,1.93023,3.456913
19.08635,1.770483,2.242078E-44,1.936439,3.452537
19.10291,1.763502,2.242078E-44,1.942874,3.449096
19.11948,1.755909,2.242078E-44,1.949797,3.444986
19.13605,1.748036,2.242078E-44,1.955185,3.440583
19.15262,1.741653,2.242078E-44,1.959735,3.437657
19.16918,1.732918,2.242078E-44,1.965449,3.434333
19.18575,1.726283,2.242078E-44,1.969694,3.432115
19.20232,1.717459,2.242078E-44,1.97484,3.429291
19.21926,1.709316,2.242078E-44,1.980347,3.426566
19.23545,1.703951,2.242078E-44,1.984595,3.424366
19.25202,1.696078,2.242078E-44,1.991921,3.42057
19.26919,1.691348,2.242078E-44,1.996289,3.418792
19.28588,1.685174,2.242078E-44,2.000487,3.416138
19.30172,1.679983,2.242078E-44,2.003572,3.414869
19.31828,1.672332,2.242078E-44,2.006449,3.413616
19.33485,1.665204,2.242078E-44,2.009211,3.412284
19.35142,1.660045,2.242078E-44,2.011595,3.412904
19.36798,1.663035,2.242078E-44,2.016216,3.417631
19.38455,1.671872,2.242078E-44,2.020382,3.422482
19.40112,1.683457,2.242078E-44,2.027126,3.429195
19.4177,1.694313,2.242078E-44,2.034621,3.434394
19.43425,1.703895,2.242078E-44,2.040982,3.437887
19.45082,1.718927,2.242078E-44,2.050766,3.440686
19.46738,1.72969,2.242078E-44,2.05929,3.443474
19.48395,1.741283,2.242078E-44,2.069279,3.445253
19.50052,1.746836,2.242078E-44,2.075971,3.446662
19.51708,1.751212,2.242078E-44,2.083603,3.447673
19.53365,1.751863,2.242078E-44,2.089618,3.448027
19.55032,1.749911,2.242078E-44,2.093112,3.448254
19.56678,1.746807,2.242078E-44,2.096919,3.448509
19.58335,1.744323,2.242078E-44,2.099575,3.448697
19.59992,1.74057,2.242078E-44,2.103873,3.448325
19.61648,1.735361,2.242078E-44,2.107564,3.447714
19.63305,1.729227,2.242078E-44,2.110733,3.446898
19.64998,1.721725,2.242078E-44,2.112907,3.445923
19.66655,1.715792,2.242078E-44,2.115741,3.444388
19.68297,1.709288,2.242078E-44,2.118329,3.442929
19.69932,1.70432,2.242078E-44,2.12139,3.441668
19.71588,1.700665,2.242078E-44,2.123225,3.440611
19.7327,1.696881,2.242078E-44,2.125321,3.439412
19.74902,1.69153,2.242078E-44,2.125858,3.438615
19.76558,1.684799,2.242078E-44,2.127855,3.437398
19.78215,1.677613,2.242078E-44,2.129015,3.435505
19.79871,1.672408,2.242078E-44,2.130275,3.433727
19.81528,1.66527,2.242078E-44,2.130502,3.431814
19.83199,1.660051,2.242078E-44,2.131,3.43045
19.84842,1.654684,2.242078E-44,2.130859,3.428974
19.86498,1.65015,2.242078E-44,2.131034,3.428227
19.88155,1.644735,2.242078E-44,2.130323,3.426791
19.89812,1.640376,2.242078E-44,2.129712,3.425832
19.91468,1.636891,2.242078E-44,2.129463,3.424589
19.93125,1.633401,2.242078E-44,2.129539,3.423367
19.9679,1.625936,2.242078E-44,2.128787,3.423236
19.98488,1.622229,2.242078E-44,2.127812,3.422762
20.00108,1.619679,2.242078E-44,2.126916,3.422727
20.0176,1.616882,2.242078E-44,2.125939,3.422616
20.03417,1.614954,2.242078E-44,2.125258,3.42288
20.05073,1.6113,2.242078E-44,2.122992,3.423273
20.0673,1.608274,2.242078E-44,2.12203,3.423923
20.08451,1.605887,2.242078E-44,2.120967,3.423755
20.10043,1.601391,2.242078E-44,2.119153,3.423507
20.11703,1.598072,2.242078E-44,2.117829,3.424252
20.13362,1.593524,2.242078E-44,2.115584,3.42533
20.15013,1.590227,2.242078E-44,2.113082,3.426811
20.1667,1.586195,2.242078E-44,2.111291,3.428324
20.18327,1.581895,2.242078E-44,2.108249,3.429409
20.19998,1.578492,2.242078E-44,2.106155,3.430068
20.21649,1.574733,2.242078E-44,2.103308,3.431197
20.23297,1.570665,2.242078E-44,2.101136,3.431284
20.24954,1.568577,2.242078E-44,2.099859,3.43171
20.26624,1.565971,2.242078E-44,2.09791,3.432608
20.28267,1.563565,2.242078E-44,2.09702,3.433173
20.29924,1.562513,2.242078E-44,2.096294,3.433872
20.3158,1.561377,2.242078E-44,2.095572,3.434301
20.33237,1.560609,2.242078E-44,2.095624,3.433693
20.34894,1.55852,2.242078E-44,2.095687,3.433163
20.36551,1.55756,2.242078E-44,2.095881,3.4325
20.38227,1.555575,2.242078E-44,2.09589,3.431865
20.39908,1.554087,2.242078E-44,2.096311,3.430979
20.4152,1.55343,2.242078E-44,2.096333,3.430603
20.43194,1.5526,2.242078E-44,2.096945,3.428832
20.44834,1.551129,2.242078E-44,2.096704,3.427819
20.4649,1.550121,2.242078E-44,2.097727,3.426714
20.48147,1.548687,2.242078E-44,2.098269,3.42597
20.49804,1.546903,2.242078E-44,2.099053,3.425435
20.5146,1.545319,2.242078E-44,2.099187,3.424693
20.53117,1.545009,2.242078E-44,2.09928,3.424437
20.54774,1.544619,2.242078E-44,2.099091,3.423519
20.5643,1.543789,2.242078E-44,2.099469,3.422815
20.58087,1.542114,2.242078E-44,2.099835,3.421861
20.59744,1.540155,2.242078E-44,2.099832,3.421298
20.61457,1.537825,2.242078E-44,2.099851,3.420002
20.63089,1.535855,2.242078E-44,2.099872,3.419146
20.64747,1.533181,2.242078E-44,2.099887,3.41867
20.66405,1.531045,2.242078E-44,2.099903,3.417445
20.68027,1.529496,2.242078E-44,2.100196,3.416847
20.69684,1.528445,2.242078E-44,2.100168,3.41588
20.71341,1.527509,2.242078E-44,2.100435,3.414767
20.72997,1.526947,2.242078E-44,2.100985,3.414211
20.74655,1.5254,2.242078E-44,2.101685,3.412204
20.76311,1.52449,2.242078E-44,2.102639,3.410804
20.77967,1.522461,2.242078E-44,2.102532,3.407565
20.79624,1.5207,2.242078E-44,2.103014,3.404801
20.81281,1.518632,2.242078E-44,2.103436,3.401855
20.82938,1.516591,2.242078E-44,2.103772,3.399058
20.84594,1.51557,2.242078E-44,2.10393,3.397737
20.86293,1.513371,2.242078E-44,2.103401,3.396378
20.87949,1.511456,2.242078E-44,2.104051,3.395177
20.89564,1.509859,2.242078E-44,2.104443,3.393154
20.91221,1.508988,2.242078E-44,2.104937,3.390713
20.92878,1.507683,2.242078E-44,2.106382,3.388929
20.94534,1.506025,2.242078E-44,2.107193,3.387394
20.96223,1.50619,2.242078E-44,2.10808,3.386546
20.97847,1.505615,2.242078E-44,2.110046,3.385621
20.99504,1.505677,2.242078E-44,2.111726,3.384536
21.01161,1.505891,2.242078E-44,2.112949,3.383451
21.02817,1.505898,2.242078E-44,2.113645,3.382424
21.0452,1.505795,2.242078E-44,2.114374,3.382146
21.06131,1.504104,2.242078E-44,2.114887,3.381817
21.07788,1.502676,2.242078E-44,2.115609,3.381252
21.09444,1.501222,2.242078E-44,2.116112,3.380826
21.11143,1.499062,2.242078E-44,2.116696,3.380144
21.12903,1.497216,2.242078E-44,2.116555,3.379568
21.1456,1.496223,2.242078E-44,2.11645,3.379629
21.16239,1.495918,2.242078E-44,2.117517,3.379681
21.17874,1.495221,2.242078E-44,2.118375,3.379718
21.1953,1.493053,2.242078E-44,2.118604,3.38004
21.21187,1.490991,2.242078E-44,2.118764,3.381183
21.22844,1.488873,2.242078E-44,2.118939,3.381281
21.245,1.48762,2.242078E-44,2.119089,3.381109
